# state, county, place, combined rate (%)
AK,,Adak,4.0
AK,,Akiak,0.0
AK,,Akutan,0.0
AK,,Alakanuk,4.0
AK,,Alaska,0.0
AK,,Aleknagik,5.0
AK,,Allakaket,0.0
AK,,Ambler,3.0
AK,,Anaktuvuk Pass,0.0
AK,,Anchorage Borough,0.0
AK,,Anderson,0.0
AK,,Angoon,3.0
AK,,Aniak,2.0
AK,,Anvik,0.0
AK,,Atka,0.0
AK,,Atqasuk,0.0
AK,,Bethel,6.0
AK,,Bettles,0.0
AK,,Brevig Mission,3.0
AK,,Bristol Bay Borough,0.0
AK,,Buckland,6.0
AK,,Chefornak,2.0
AK,,Chevak,3.0
AK,,Chignik,2.0
AK,,Clarks Point,6.0
AK,,Clear Air Force Base,0.0
AK,,Coffman Cove,0.0
AK,,Cold Bay,0.0
AK,,Cordova,7.0
AK,,Craig,7.0
AK,,Deering,3.0
AK,,Delta Junction,0.0
AK,,Denali Borough,0.0
AK,,Dillingham,6.0
AK,,Eagle,0.0
AK,,Egegik,0.0
AK,,Ekwok,0.0
AK,,Elim,3.0
AK,,Emmonak,4.0
AK,,Fairbanks,0.0
AK,,Fairbanks N Star Brg,0.0
AK,,False Pass,3.0
AK,,Fort Wainwright,0.0
AK,,Fort Yukon,3.0
AK,,Galena,3.0
AK,,Gambell,3.0
AK,,Goodnews Bay,0.0
AK,,Grayling,0.0
AK,,Gustavus,3.0
AK,,Haines,7.0
AK,,Holy Cross,0.0
AK,,Homer,7.85
AK,,Hoonah,6.5
AK,,Hooper Bay,5.0
AK,,Houston,2.0
AK,,Hughes,0.0
AK,,Huslia,0.0
AK,,Hydaburg,6.0
AK,,Juneau,5.0
AK,,Kake,5.0
AK,,Kaktovik,0.0
AK,,Kaltag,0.0
AK,,Kenai,6.0
AK,,Kenai Peninsula,3.0
AK,,Ketchikan,8.0
AK,,Ketchikan Gateway,2.5
AK,,Kiana,3.0
AK,,King Cove,6.0
AK,,Kivalina,2.0
AK,,Klawock,6.5
AK,,Kobuk,3.0
AK,,Kodiak,7.0
AK,,Kodiak Island Borough,0.0
AK,,Kotlik,3.0
AK,,Kotzebue,6.0
AK,,Koyuk,3.0
AK,,Koyukuk,0.0
AK,,Kwethluk,5.0
AK,,Lake Peninsula Brg,0.0
AK,,Larsen Bay,3.0
AK,,Lower Kalskag,0.0
AK,,Manokotak,2.0
AK,,Marshall,4.0
AK,,Matanuska-Susitna Brg,0.0
AK,,Matanuska-Susitna Brg,3.0
AK,,Mekoryuk,4.0
AK,,Mountain Village,3.0
AK,,Napakiak,5.0
AK,,Nenana,4.0
AK,,New Stuyahok,0.0
AK,,Nightmute,2.0
AK,,Nikolai,0.0
AK,,Nome,6.0
AK,,Nondalton,3.0
AK,,Noorvik,4.0
AK,,North Pole,5.5
AK,,North Slope Borough,0.0
AK,,Northwest Arctic Brg,0.0
AK,,Nuiqsut,0.0
AK,,Nulato,0.0
AK,,Nunam Iqua,4.0
AK,,Nunapitchuk,4.0
AK,,Old Harbor,3.0
AK,,Ouzinkie,6.0
AK,,Palmer,4.0
AK,,Pelican,6.0
AK,,Petersburg Borough,6.0
AK,,Pilot Point,0.0
AK,,Pilot Station,4.0
AK,,Platinum,0.0
AK,,Point Hope,3.0
AK,,Port Alexander,4.0
AK,,Port Heiden,0.0
AK,,Quinhagak,3.0
AK,,Ruby,0.0
AK,,Russian Mission,0.0
AK,,Saint George,0.0
AK,,Saint Marys,3.0
AK,,Saint Michael,4.0
AK,,Saint Paul,3.5
AK,,Sand Point,4.0
AK,,Savoonga,4.0
AK,,Scammon Bay,6.0
AK,,Selawik,6.5
AK,,Seldovia,9.5
AK,,Seward,7.0
AK,,Shageluk,0.0
AK,,Shishmaref,3.0
AK,,Shungnak,2.0
AK,,Sitka,6.0
AK,,Skagway,5.0
AK,,Soldotna,6.0
AK,,Stebbins,4.0
AK,,Tanana,2.0
AK,,Teller,3.0
AK,,Tenakee Springs,2.0
AK,,Thorne Bay,6.0
AK,,Togiak,2.0
AK,,Toksook Bay,2.0
AK,,Unalakleet,5.0
AK,,Unalaska,3.0
AK,,Upper Kalskag,0.0
AK,,Valdez,0.0
AK,,Wales,3.0
AK,,Wasilla,2.5
AK,,White Mountain,3.0
AK,,Whittier,5.0
AK,,Wrangell,7.0
AK,,Yakutat,5.0
AL,,Abbeville,9.0
AL,,Adamsville,10.0
AL,,Adamsville Pj,8.0
AL,,Addison,9.0
AL,,Akron,9.0
AL,,Alabama,10.0
AL,,Alabaster,10.0
AL,,Albertville,10.0
AL,,Alexander City,10.0
AL,,Aliceville,10.0
AL,,Allgood,10.0
AL,,Altoona,12.0
AL,,Andalusia,10.0
AL,,Anderson,7.5
AL,,Anniston,10.0
AL,,Anniston Pj,9.5
AL,,Arab,12.5
AL,,Arab Pj,10.0
AL,,Ardmore,9.0
AL,,Argo,10.0
AL,,Ariton,8.0
AL,,Ashford,9.0
AL,,Ashland,9.0
AL,,Ashville,10.0
AL,,Athens,9.0
AL,,Atmore,10.0
AL,,Attalla,10.0
AL,,Auburn,9.0
AL,,Autauga,6.5
AL,,Autaugaville,10.5
AL,,Baker Hill,9.5
AL,,Baldwin,7.0
AL,,Bay Minette,10.0
AL,,Bay Minette Pj,8.5
AL,,Bayou La Batre,10.0
AL,,Bayou La Batre Pj,7.75
AL,,Bear Creek,9.0
AL,,Beatrice,9.0
AL,,Beaverton,8.0
AL,,Belk,7.0
AL,,Berry Pj,7.5
AL,,Bessemer,10.0
AL,,Bibb,8.0
AL,,Billingsley,9.5
AL,,Birmingham,10.0
AL,,Birmingham-Shuttlesworth International Airport,10.0
AL,,Black,8.0
AL,,Blountsville,10.0
AL,,Blue Springs,6.5
AL,,Boaz,10.0
AL,,Bon Air,9.0
AL,,Brantley,10.0
AL,,Brent,10.0
AL,,Brewton,10.0
AL,,Bridgeport,9.0
AL,,Brilliant,9.0
AL,,Brookside,10.0
AL,,Brundidge,9.5
AL,,Bullock,6.5
AL,,Butler,5.5
AL,,Butler,10.0
AL,,Calera,13.0
AL,,Calera Pj,10.5
AL,,Calhoun,7.0
AL,,Camden,11.0
AL,,Carbon Hill,10.0
AL,,Carbon Hill Pj,8.0
AL,,Cardiff,10.0
AL,,Cedar Bluff,10.0
AL,,Center Point,10.0
AL,,Centre,10.0
AL,,Chatom,10.0
AL,,Chatom Pj,7.5
AL,,Chelsea,10.0
AL,,Cherokee,7.5
AL,,Cherokee,9.0
AL,,Chickasaw,10.0
AL,,Childersburg,10.0
AL,,Chilton,8.0
AL,,Choctaw,7.0
AL,,Citronelle,10.0
AL,,Clanton,10.0
AL,,Clarke,5.0
AL,,Clay,6.0
AL,,Clay,10.0
AL,,Clayton,9.5
AL,,Cleburne,6.0
AL,,Cleveland,9.0
AL,,Clio,9.5
AL,,Coaling,10.0
AL,,Coffee Springs,8.0
AL,,Coffeeville,10.0
AL,,Collinsville,11.5
AL,,Columbiana,10.0
AL,,Conecuh,6.0
AL,,Coosa,6.0
AL,,Coosada,10.0
AL,,Cordova,10.0
AL,,Courtland,10.0
AL,,Crenshaw,7.5
AL,,Crossville,9.0
AL,,Cuba,11.0
AL,,Cullman,8.5
AL,,Cullman,9.0
AL,,Cusseta Un,10.0
AL,,Dadeville,9.5
AL,,Daleville,9.0
AL,,Daphne,9.5
AL,,Dauphin Island,10.0
AL,,Decatur,9.0
AL,,Dekalb,9.0
AL,,Demopolis,10.0
AL,,Detroit,8.0
AL,,Dothan,9.0
AL,,Dothan,10.0
AL,,Double Springs,10.0
AL,,Double Springs Pj,8.0
AL,,Douglas,9.0
AL,,Dozier,8.5
AL,,Dutton,9.0
AL,,East Brewton,11.0
AL,,Eclectic,10.0
AL,,Elba,9.0
AL,,Elba Pj,7.0
AL,,Elberta,11.0
AL,,Eldridge,9.0
AL,,Elkmont,8.0
AL,,Elmore,9.5
AL,,Emelle,10.0
AL,,Enterprise,9.0
AL,,Enterprise,10.0
AL,,Epes,8.0
AL,,Escambia,9.0
AL,,Ethelsville,9.0
AL,,Eufaula,9.5
AL,,Eutaw,10.0
AL,,Eva,9.0
AL,,Evergreen,9.0
AL,,Evergreen - Conecuh Capital Improvement Cooperative District,9.0
AL,,Excel,10.0
AL,,Fairhope,9.0
AL,,Fairhope Un,8.0
AL,,Falkville,9.0
AL,,Faunsdale,10.0
AL,,Flomaton,11.0
AL,,Florala,10.0
AL,,Florence,9.5
AL,,Foley,10.0
AL,,Foley Pj,8.5
AL,,Forkland,9.0
AL,,Fort Deposit,10.5
AL,,Fort Payne,9.0
AL,,Franklin,6.0
AL,,Fruithurst,9.0
AL,,Fulton,8.0
AL,,Fultondale,10.0
AL,,Fyffe,9.0
AL,,Gadsden,10.0
AL,,Gainesville,10.0
AL,,Gantt,8.5
AL,,Garden City,9.0
AL,,Gardendale,10.0
AL,,Geneva,6.0
AL,,Geneva,9.5
AL,,Georgiana,10.0
AL,,Geraldine,9.0
AL,,Gilbertown,9.0
AL,,Glen Allen,7.0
AL,,Glencoe,10.0
AL,,Glencoe Pj,9.5
AL,,Glenwood,9.5
AL,,Good Hope,9.0
AL,,Goodwater,10.0
AL,,Gordon,9.0
AL,,Grant,9.0
AL,,Graysville,10.0
AL,,Greene,7.0
AL,,Greensboro,10.0
AL,,Greenville,11.0
AL,,Grove Hill,10.0
AL,,Gulf Shores,10.0
AL,,Guntersville Pj,8.5
AL,,Gurley,9.0
AL,,Hackleburg,9.0
AL,,Hale,7.0
AL,,Haleburg,8.0
AL,,Haleyville,10.0
AL,,Hamilton,9.0
AL,,Harpersville,9.0
AL,,Hartford,9.0
AL,,Hayden,9.0
AL,,Hayneville,10.5
AL,,Headland,9.0
AL,,Heflin,9.0
AL,,Helena,11.0
AL,,Henagar,9.0
AL,,Henry,6.0
AL,,Highland Lake,10.0
AL,,Hillsboro,9.0
AL,,Hodges,8.0
AL,,Hollywood,9.0
AL,,Homewood,10.0
AL,,Hoover,9.5
AL,,Hoover Pj,6.75
AL,,Hueytown,10.0
AL,,Huntsville,9.0
AL,,Huntsville,10.5
AL,,Huntsville,11.5
AL,,Hurtsboro,9.0
AL,,Ider,9.0
AL,,Ider Pj,7.0
AL,,Irondale,10.0
AL,,Jackson,6.0
AL,,Jackson,10.0
AL,,Jacksonville,10.0
AL,,Jasper,9.5
AL,,Jefferson,6.0
AL,,Jemison,11.0
AL,,Kansas,7.0
AL,,Killen,7.5
AL,,Kilpatrick,9.0
AL,,Kimberly,10.0
AL,,Kinston,9.0
AL,,Lauderdale,5.5
AL,,Lawrence,7.0
AL,,Lee,8.0
AL,,Leeds,10.0
AL,,Leighton,9.0
AL,,Lester,6.0
AL,,Lexington,8.5
AL,,Limestone,6.0
AL,,Limestone,8.0
AL,,Lincoln,10.0
AL,,Linden,10.0
AL,,Lineville,9.0
AL,,Littleville,10.0
AL,,Livingston,11.0
AL,,Loachapoka,9.5
AL,,Lockhart,10.0
AL,,Locust Fork,9.0
AL,,Lowndes,8.0
AL,,Loxley,9.0
AL,,Luverne,10.0
AL,,Madison,9.0
AL,,Madison Co Sp,5.5
AL,,Madrid,9.0
AL,,Magnolia Springs,10.0
AL,,Malvern,8.0
AL,,Maplesville,10.0
AL,,Maplesville Pj,9.5
AL,,Marengo,7.0
AL,,Margaret,10.0
AL,,Marion,10.0
AL,,Marshall,11.0
AL,,Mcintosh,10.0
AL,,Mckenzie,9.5
AL,,Mentone,9.0
AL,,Midfield,10.0
AL,,Millbrook,11.0
AL,,Millport,9.0
AL,,Millry,10.0
AL,,Mobile,5.5
AL,,Mobile,10.0
AL,,Monroe,7.5
AL,,Monroeville,10.0
AL,,Monroeville Pj,8.75
AL,,Montgomery,6.5
AL,,Montgomery,10.0
AL,,Mooresville,8.0
AL,,Morgan,7.0
AL,,Morgan,9.0
AL,,Morris,10.0
AL,,Moulton,9.0
AL,,Mount Vernon,9.5
AL,,Mountain Brook,10.0
AL,,Munford,10.0
AL,,Muscle Shoals,9.0
AL,,Myrtlewood,9.0
AL,,Natural Bridge,9.0
AL,,Needham,8.0
AL,,New Hope,9.0
AL,,New Site,9.0
AL,,Newbern,8.0
AL,,Newton,9.0
AL,,Newville,8.0
AL,,Northport,10.0
AL,,Oakman,10.0
AL,,Opelika,9.0
AL,,Opp,10.0
AL,,Orange Beach,10.0
AL,,Orrville,10.0
AL,,Oxford,10.0
AL,,Ozark,9.0
AL,,Parrish,10.0
AL,,Pennington,10.0
AL,,Phenix City,9.75
AL,,Phenix City Pj,8.875
AL,,Pickens,8.0
AL,,Pickensville,10.0
AL,,Piedmont,10.0
AL,,Pike Road,8.75
AL,,Pike Road Pj,7.625
AL,,Pinckard,10.0
AL,,Pine Hill,11.0
AL,,Pinson,10.0
AL,,Pleasant Grove,10.0
AL,,Prattville,10.0
AL,,Priceville,10.0
AL,,Prichard,10.0
AL,,Ragland,10.0
AL,,Ranburne,8.0
AL,,Randolph,6.5
AL,,Red Bay,8.5
AL,,Red Level,9.0
AL,,Reform,10.0
AL,,Repton,10.0
AL,,River Falls,8.5
AL,,Robertsdale,9.0
AL,,Rockford,9.0
AL,,Rogersville,8.5
AL,,Russell,8.0
AL,,Russellville,9.0
AL,,Rutledge,9.5
AL,,Saint Clair Cl Pell City 7759,10.0
AL,,Saint Clair Co 7059,6.0
AL,,Samson,9.0
AL,,Sand Rock,9.5
AL,,Saraland,10.0
AL,,Satsuma,10.0
AL,,Scottsboro,9.0
AL,,Section,9.0
AL,,Selma,10.0
AL,,Selma Pj,7.75
AL,,Semmes Pj Un,7.5
AL,,Shelby,5.0
AL,,Shorter,11.5
AL,,Sipsey,8.0
AL,,Southside,10.0
AL,,Spanish Fort Town Ctr Sp,10.95
AL,,Stevenson,9.0
AL,,Stevenson Pj,7.5
AL,,Sulligent,9.5
AL,,Sumiton,10.0
AL,,Sumiton Un,8.0
AL,,Summerdale,10.0
AL,,Sumter,8.0
AL,,Sweet Water,10.0
AL,,Sylacauga,9.5
AL,,Sylvan Springs,10.0
AL,,Sylvania,9.0
AL,,Talladega,7.0
AL,,Talladega,10.0
AL,,Tallassee,10.0
AL,,Tarrant,10.0
AL,,Taylor,10.0
AL,,Thomaston,10.0
AL,,Thomasville,10.0
AL,,Toxey,9.0
AL,,Trafford,9.0
AL,,Troy,9.5
AL,,Trussville,10.0
AL,,Tuscaloosa,10.0
AL,,Tuscumbia,9.5
AL,,Tuskegee,11.5
AL,,Union Springs,10.0
AL,,Uniontown,10.0
AL,,Valley,10.0
AL,,Valley Grande,8.5
AL,,Vance,10.0
AL,,Vernon,10.0
AL,,Vestavia Hills,10.0
AL,,Vina,8.0
AL,,Walker,6.0
AL,,Walnut Grove,8.0
AL,,Warrior,10.0
AL,,Washington,5.0
AL,,Waterloo,8.0
AL,,Wedowee,10.0
AL,,West Jefferson,10.0
AL,,Westover Pj,7.5
AL,,Wetumpka Pj,9.5
AL,,White Hall,10.0
AL,,Wilcox,8.5
AL,,Wilton,8.0
AL,,Winfield,10.0
AL,,Winfield,11.0
AL,,Woodland,9.5
AL,,Woodstock (North Bibb) Pj,9.0
AL,,Woodville Pj,7.5
AL,,York,12.0
AR,,Adona,9.25
AR,,Alexander,10.5
AR,,Alicia,9.0
AR,,Alma,9.75
AR,,Almyra,8.5
AR,,Alpena,8.75
AR,,Altheimer,8.75
AR,,Altus,9.5
AR,,Amagon,8.375
AR,,Amity,9.5
AR,,Antoine,8.5
AR,,Arkadelphia,10.0
AR,,Arkansas,7.5
AR,,Arkansas City,10.0
AR,,Ash Flat,10.875
AR,,Ashdown,11.375
AR,,Ashley,10.0
AR,,Atkins,9.5
AR,,Aubrey,7.5
AR,,Augusta,9.5
AR,,Austin,10.0
AR,,Avoca,8.5
AR,,Bald Knob,9.75
AR,,Banks,9.5
AR,,Barling,9.5
AR,,Bassett,9.0
AR,,Batesville,10.0
AR,,Baxter,7.75
AR,,Baxter,8.75
AR,,Bearden,10.0
AR,,Beaver,7.0
AR,,Beebe,9.5
AR,,Beedeville,8.875
AR,,Bella Vista,9.5
AR,,Ben Lomond,9.625
AR,,Benton,7.5
AR,,Benton,9.0
AR,,Bentonville,9.5
AR,,Bergman,7.75
AR,,Berryville,9.0
AR,,Bigelow,9.25
AR,,Black Oak,7.5
AR,,Blevins,10.0
AR,,Blue Mountain,9.5
AR,,Bluff City,8.5
AR,,Blytheville,10.5
AR,,Boone,7.75
AR,,Booneville,10.5
AR,,Bradford,10.25
AR,,Bradley,8.5
AR,,Bradley,9.75
AR,,Branch,9.5
AR,,Bryant,9.5
AR,,Buckner,8.75
AR,,Bull Shoals,9.75
AR,,Burdette,9.0
AR,,Caldwell,9.375
AR,,Cale,8.5
AR,,Calico Rock,10.0
AR,,Calion,8.5
AR,,Camden,10.75
AR,,Carlisle,10.125
AR,,Carthage,10.0
AR,,Casa,9.25
AR,,Cave Springs,9.75
AR,,Cedarville,8.75
AR,,Charleston,10.0
AR,,Cherry Valley,9.625
AR,,Chester,8.75
AR,,Chidester,11.0
AR,,Clarendon,10.5
AR,,Clark,8.0
AR,,Clarkedale,8.25
AR,,Clarksville,9.5
AR,,Clay,8.0
AR,,Cleburne,8.125
AR,,Cleveland,9.75
AR,,Clinton,9.0
AR,,Colt,10.375
AR,,Concord,9.125
AR,,Conway,8.25
AR,,Conway,9.125
AR,,Corning,9.75
AR,,Cotter,9.75
AR,,Cotton Plant,9.5
AR,,Cove,10.5
AR,,Coy,8.0
AR,,Craighead,8.5
AR,,Craighead,9.5
AR,,Craighead,10.5
AR,,Crawford,7.75
AR,,Crawfordsville,10.25
AR,,Cross,8.625
AR,,Cross,9.625
AR,,Crossett,9.75
AR,,Cushman,9.0
AR,,Daisy,8.5
AR,,Dallas,8.5
AR,,Danville,9.125
AR,,Dardanelle,9.625
AR,,Datto,8.0
AR,,De Queen,10.625
AR,,De Valls Bluff,11.0
AR,,De Witt,11.0
AR,,Decatur,9.5
AR,,Delight,9.5
AR,,Dell,9.0
AR,,Dermott,12.5
AR,,Des Arc,11.0
AR,,Desha,8.0
AR,,Diamond City,8.75
AR,,Diaz,9.375
AR,,Dierks,10.25
AR,,Donaldson,8.0
AR,,Dover,9.5
AR,,Drew,8.75
AR,,Dumas,11.0
AR,,Dyer,8.75
AR,,Dyess,9.0
AR,,Earle,10.25
AR,,Edmondson,8.25
AR,,Egypt,7.5
AR,,El Dorado,10.25
AR,,Elaine,8.5
AR,,Elkins,10.5
AR,,Elm Springs,8.75
AR,,Emerson,9.0
AR,,Emmet,8.5
AR,,England,11.0
AR,,Enola,7.0
AR,,Etowah,10.0
AR,,Eudora,10.5
AR,,Eureka Springs,9.375
AR,,Evening Shade,8.75
AR,,Fairfield Bay,9.5
AR,,Fairfield Bay,9.625
AR,,Fayetteville,9.75
AR,,Felsenthal,8.5
AR,,Fifty-Six,8.0
AR,,Fordyce,10.0
AR,,Foreman,10.375
AR,,Forrest City,11.25
AR,,Fort Smith,9.5
AR,,Fouke,8.75
AR,,Fountain Hill,9.0
AR,,Fountain Lake,8.0
AR,,Franklin,8.5
AR,,Fredonia (Biscoe),8.0
AR,,Friendship,8.0
AR,,Fulton,9.5
AR,,Fulton,10.5
AR,,Garfield,9.0
AR,,Garland,8.0
AR,,Garland,8.75
AR,,Garner,8.25
AR,,Gateway,7.5
AR,,Gentry,9.5
AR,,Gilbert,9.0
AR,,Gillett,10.5
AR,,Gillham,12.625
AR,,Gilmore,9.25
AR,,Glenwood,11.0
AR,,Goshen,9.75
AR,,Gosnell,10.5
AR,,Gould,11.5
AR,,Grady,9.5
AR,,Grannis,9.5
AR,,Grant,7.75
AR,,Green Forest,9.25
AR,,Greenbrier,9.5
AR,,Greene,7.875
AR,,Greene,9.125
AR,,Greenland,12.25
AR,,Greenway,8.0
AR,,Greenwood,9.5
AR,,Greers Ferry,9.125
AR,,Griffithville,8.25
AR,,Grubbs,8.375
AR,,Guion,8.0
AR,,Gurdon,9.5
AR,,Guy,8.5
AR,,Hackett,8.5
AR,,Hamburg,11.0
AR,,Hampton,9.625
AR,,Harrell,9.125
AR,,Harrisburg,10.25
AR,,Harrison,9.5
AR,,Hartford,9.5
AR,,Hatfield,9.5
AR,,Havana,8.625
AR,,Haynes,7.5
AR,,Hazen,11.0
AR,,Heber Springs,9.125
AR,,Hector,9.0
AR,,Hermitage,10.5
AR,,Hickory Ridge,9.625
AR,,Higginson,9.25
AR,,Highfill,9.5
AR,,Hindsville,10.0
AR,,Holly Grove,9.5
AR,,Hope,10.5
AR,,Horatio,10.625
AR,,Horseshoe Bend,9.0
AR,,Horseshoe Bend,11.5
AR,,Hot Spring,8.0
AR,,Hot Springs,9.5
AR,,Houston,9.25
AR,,Howard,9.25
AR,,Hughes,10.375
AR,,Humnoke,9.5
AR,,Humphrey,8.75
AR,,Hunter,8.5
AR,,Huntsville,11.0
AR,,Imboden,10.0
AR,,Independence,8.0
AR,,Independence,9.0
AR,,Izard,7.0
AR,,Jacksonport,8.375
AR,,Jacksonville,9.5
AR,,Jasper,9.5
AR,,Jefferson,7.75
AR,,Johnson,7.5
AR,,Johnson,8.5
AR,,Johnson,10.75
AR,,Joiner,10.25
AR,,Jonesboro,8.5
AR,,Keiser,11.0
AR,,Keo,9.0
AR,,Kingsland,10.75
AR,,Knobel,8.0
AR,,Knoxville,7.5
AR,,La Grange,7.5
AR,,Lake View,8.5
AR,,Lake Village,10.5
AR,,Lakeview,8.75
AR,,Lamar,9.5
AR,,Lawrence,9.0
AR,,Leachville,10.0
AR,,Lead Hill,8.75
AR,,Lee,7.5
AR,,Lepanto,9.75
AR,,Leslie,9.0
AR,,Letona,8.25
AR,,Lewisville,9.75
AR,,Lincoln,8.5
AR,,Lincoln,10.75
AR,,Little River,9.375
AR,,Little Rock,8.625
AR,,Lockesburg,10.375
AR,,Logan,8.5
AR,,London,8.5
AR,,Lonoke,11.0
AR,,Louann,9.0
AR,,Luxora,10.0
AR,,Lynn,9.0
AR,,Madison,10.0
AR,,Madison,10.375
AR,,Magazine,10.5
AR,,Magness,8.0
AR,,Magnolia,10.25
AR,,Mammoth Spring,10.5
AR,,Manila,10.25
AR,,Mansfield,10.0
AR,,Mansfield,11.0
AR,,Marianna,9.5
AR,,Marion,7.75
AR,,Marked Tree,10.25
AR,,Marshall,9.5
AR,,Marvell,11.5
AR,,Mayflower,9.5
AR,,Mccaskill,10.0
AR,,Mccrory,9.5
AR,,Mcdougal,8.0
AR,,Mcgehee,11.0
AR,,Mcnab,10.0
AR,,Mcneil,9.0
AR,,Melbourne,9.0
AR,,Mena,9.5
AR,,Menifee,11.25
AR,,Midland,8.5
AR,,Miller,7.75
AR,,Mineral Springs,10.25
AR,,Minturn,9.0
AR,,Mississippi,9.0
AR,,Mississippi,10.0
AR,,Monroe,6.5
AR,,Montgomery,9.5
AR,,Monticello,9.75
AR,,Moorefield,10.0
AR,,Moro,8.5
AR,,Morrilton,9.25
AR,,Mount Ida,10.5
AR,,Mount Pleasant,7.0
AR,,Mountain Home,9.875
AR,,Mountain Pine,8.0
AR,,Mountain View,10.0
AR,,Mountainburg,10.25
AR,,Murfreesboro,10.0
AR,,Nashville,10.25
AR,,Newark,8.0
AR,,Newport,9.875
AR,,Newton,7.5
AR,,Norman,10.5
AR,,Norphlet,8.5
AR,,North Little Rock,9.5
AR,,O'kean,7.75
AR,,Oak Grove,8.0
AR,,Oden,9.5
AR,,Ogden,9.375
AR,,Oil Trough,8.0
AR,,Okolona,8.0
AR,,Ola,9.625
AR,,Omaha,7.75
AR,,Osceola,11.0
AR,,Ouachita,9.0
AR,,Oxford,8.0
AR,,Ozan,8.5
AR,,Ozark,10.5
AR,,Palestine,11.375
AR,,Paragould,9.375
AR,,Paris,10.0
AR,,Parkdale,9.0
AR,,Parkin,8.625
AR,,Patterson,9.5
AR,,Peach Orchard,8.0
AR,,Perry,9.25
AR,,Perry,10.25
AR,,Phillips,8.5
AR,,Phillips,10.5
AR,,Piggott,10.0
AR,,Pike,8.5
AR,,Pindall,8.0
AR,,Pine Bluff,9.375
AR,,Pleasant Plains,11.0
AR,,Pocahontas,9.75
AR,,Poinsett,8.25
AR,,Polk,8.5
AR,,Pollard,9.0
AR,,Portia,10.0
AR,,Pottsville,9.0
AR,,Powhatan,10.0
AR,,Prairie,8.0
AR,,Prairie Grove,10.5
AR,,Prattsville,7.75
AR,,Prescott,10.5
AR,,Pulaski,7.5
AR,,Pyatt,9.25
AR,,Quitman,9.625
AR,,Randolph,7.75
AR,,Randolph,9.25
AR,,Ratcliff,8.5
AR,,Ravenden,10.0
AR,,Ravenden Springs,7.75
AR,,Rector,10.0
AR,,Redfield,9.75
AR,,Reyno,7.75
AR,,Rison,10.75
AR,,Rockport,11.0
AR,,Rogers,9.5
AR,,Rose Bud,10.25
AR,,Rosston,10.0
AR,,Russell,8.25
AR,,Russellville,9.0
AR,,Saint Charles,9.5
AR,,Saint Francis,9.375
AR,,Saint Francis,11.125
AR,,Saint Joe,8.0
AR,,Saint Paul,12.0
AR,,Salem,10.5
AR,,Scott,8.5
AR,,Scranton,9.5
AR,,Searcy,8.0
AR,,Searcy,10.25
AR,,Sedgwick,9.0
AR,,Sharp,7.75
AR,,Sharp,8.75
AR,,Sheridan,9.75
AR,,Sherrill,8.75
AR,,Sherwood,9.5
AR,,Sidney,7.75
AR,,Smithville,9.0
AR,,Sparkman,9.5
AR,,Springdale,9.75
AR,,Stamps,9.75
AR,,Stephens,12.0
AR,,Stone,8.0
AR,,Strawberry,9.0
AR,,Stuttgart,10.5
AR,,Subiaco,9.5
AR,,Success,8.0
AR,,Sulphur Rock,8.0
AR,,Sulphur Springs,9.5
AR,,Summit,8.75
AR,,Sunset,11.25
AR,,Swifton,9.375
AR,,Taylor,10.0
AR,,Texarkana,10.25
AR,,Thornton,10.125
AR,,Tillar,10.75
AR,,Tontitown,10.5
AR,,Trumann,10.25
AR,,Tuckerman,9.625
AR,,Tupelo,8.375
AR,,Turrell,10.25
AR,,Tyronza,9.25
AR,,Ulm,8.0
AR,,Union,8.5
AR,,Union,9.5
AR,,Valley Springs,7.75
AR,,Van Buren,8.0
AR,,Van Buren,9.0
AR,,Van Buren,10.25
AR,,Vandervoort,9.5
AR,,Vilonia,9.75
AR,,Viola,11.5
AR,,Wabbaseka,9.75
AR,,Waldenburg,10.25
AR,,Waldron,9.5
AR,,Walnut Ridge,11.0
AR,,Ward,10.0
AR,,Washington,7.75
AR,,Washington,9.5
AR,,Watson,8.0
AR,,West Memphis,10.5
AR,,West Point,8.25
AR,,Western Grove,8.5
AR,,Wheatley,10.375
AR,,Whelen Springs,8.0
AR,,White,8.25
AR,,White,9.25
AR,,Willisville,8.5
AR,,Wilmar,9.75
AR,,Wilmot,10.0
AR,,Wilton,10.375
AR,,Winchester,8.75
AR,,Winthrop,9.375
AR,,Woodruff,8.5
AR,,Wooster,7.0
AR,,Wrightsville,7.5
AR,,Yell,7.625
AR,,Yellville,9.75
AZ,,Apache,6.1
AZ,,Apache,12.1
AZ,,Apache Junction,9.1
AZ,,Avondale,8.8
AZ,,Benson,10.1
AZ,,Bisbee,10.1
AZ,,Buckeye,9.3
AZ,,Bullhead City,7.6
AZ,,Camp Verde,10.0
AZ,,Carefree,9.3
AZ,,Casa Grande,8.7
AZ,,Cave Creek,9.3
AZ,,Chandler,7.8
AZ,,Chino Valley,10.35
AZ,,Clifton,9.1
AZ,,Cochise,6.6
AZ,,Coconino,6.9
AZ,,Coconino,12.9
AZ,,Colorado City,8.6
AZ,,Coolidge,9.7
AZ,,Dewey-Humboldt,8.35
AZ,,Douglas,10.4
AZ,,Duncan,8.1
AZ,,Eagar,9.1
AZ,,El Mirage,9.3
AZ,,Eloy,9.7
AZ,,Flagstaff,9.386
AZ,,Florence,10.2
AZ,,Fort Apache Reservation,12.1
AZ,,Fort Apache Reservation,12.43
AZ,,Fort Mcdowell Yavapai Nation Reservation,15.3
AZ,,Fort Mojave Indian Reservation,5.6
AZ,,Fountain Hills,9.2
AZ,,Fredonia,10.9
AZ,,Gila,6.6
AZ,,Gila Bend,9.8
AZ,,Gila River Tribal Area Sp,12.3
AZ,,Gila River Tribal Area Sp,12.7
AZ,,Gilbert,8.3
AZ,,Glendale,9.2
AZ,,Globe,9.9
AZ,,Goodyear,8.8
AZ,,Graham,6.6
AZ,,Greenlee,6.1
AZ,,Guadalupe,10.3
AZ,,Havasupai Reservation,6.9
AZ,,Hayden,9.6
AZ,,Holbrook,9.43
AZ,,Hopi Reservation,6.43
AZ,,Huachuca City,9.5
AZ,,Hualapai Indian Reservation,5.6
AZ,,Jerome,9.85
AZ,,Kayenta Township Nav Nat,13.43
AZ,,Kearny,10.7
AZ,,Kingman,8.6
AZ,,La Paz,6.6
AZ,,Lake Havasu City,7.6
AZ,,Mammoth,10.7
AZ,,Marana,8.6
AZ,,Marana,9.2
AZ,,Maricopa,6.3
AZ,,Maricopa,9.2
AZ,,Maricopa,11.3
AZ,,Maricopa County Stadium District,9.1
AZ,,Mesa,8.3
AZ,,Mohave,5.6
AZ,,Navajo,6.43
AZ,,Navajo,12.43
AZ,,Nogales,8.6
AZ,,Oro Valley,8.6
AZ,,Paradise Valley,8.8
AZ,,Parker,10.6
AZ,,Pascua Pueblo Yaqui Off-Reservation Trust Land,8.7
AZ,,Pascua Pueblo Yaqui Reservation,11.1
AZ,,Patagonia,9.6
AZ,,Payson,10.48
AZ,,Peoria,8.1
AZ,,Phoenix,9.1
AZ,,Pima,6.1
AZ,,Pima,8.6
AZ,,Pima,11.1
AZ,,Pinal,6.7
AZ,,Pinal,11.7
AZ,,Prescott,9.3
AZ,,Prescott Valley,9.18
AZ,,Quartzsite,9.1
AZ,,Queen Creek,8.95
AZ,,Safford,9.1
AZ,,Sahuarita,8.1
AZ,,Salt River Reservation,8.05
AZ,,San Carlos Reservation,6.6
AZ,,San Luis,10.712
AZ,,Santa Cruz,6.6
AZ,,Scottsdale,8.0
AZ,,Sedona,9.85
AZ,,Sedona,10.4
AZ,,Show Low,8.43
AZ,,Sierra Vista,8.55
AZ,,Snowflake,9.43
AZ,,Somerton,10.012
AZ,,South Tucson,11.1
AZ,,St. Johns,9.1
AZ,,Superior,10.7
AZ,,Surprise,9.1
AZ,,Tempe,8.1
AZ,,Thatcher,9.1
AZ,,Tombstone,10.1
AZ,,Tonto Apache Reservation,10.48
AZ,,Tuba City,12.9
AZ,,Tucson,8.7
AZ,,Tucson Rio Nuevo District Sp,8.7
AZ,,Tusayan,8.9
AZ,,Wellton,10.212
AZ,,Wickenburg,8.5
AZ,,Wickenburg,8.55
AZ,,Willcox,9.6
AZ,,Williams,10.4
AZ,,Winkelman,10.1
AZ,,Yavapai,6.35
AZ,,Yavapai-Apache Nation Reservation,12.35
AZ,,Yavapai-Apache Nation Reservation,15.85
AZ,,Yavapai-Apache Nation Reservation,16.0
AZ,,Youngtown,9.3
AZ,,Yuma,6.712
AZ,,Yuma,8.412
CA,,Agoura Hills,9.75
CA,,Agua Caliente Indian Reservation,9.25
CA,,Alameda,10.25
CA,,Alameda,10.75
CA,,Albany,10.75
CA,,Alhambra,10.5
CA,,Aliso Viejo,7.75
CA,,Alpine,7.25
CA,,Alturas,7.25
CA,,Amador,7.75
CA,,Amador,8.0
CA,,Anaheim,7.75
CA,,Anaheim Tourism Improvement District,7.75
CA,,Anderson,7.75
CA,,Angels Camp,8.75
CA,,Antioch,9.75
CA,,Apple Valley,8.75
CA,,Arcadia,10.5
CA,,Arcata,10.25
CA,,Arroyo Grande Tourism Business Improvement District,8.75
CA,,Artesia,10.5
CA,,Atascadero Tourism Business Improvement District,8.75
CA,,Atwater,8.75
CA,,Auburn,7.25
CA,,Avalon,10.25
CA,,Avenal,8.25
CA,,Azusa,10.75
CA,,Bakersfield,8.25
CA,,Baldwin Park,10.5
CA,,Barstow,8.75
CA,,Bayfront Project Special Tax Financing District,8.75
CA,,Beaumont,7.75
CA,,Bell,9.75
CA,,Bell Gardens,10.5
CA,,Bellflower,10.5
CA,,Belmont,9.875
CA,,Benicia,9.625
CA,,Berkeley Tourism Business Improvement District,10.25
CA,,Beverly Hills,9.75
CA,,Big Bear Lake,7.75
CA,,Biggs,8.25
CA,,Bishop Tourism Improvement District,8.75
CA,,Blue Lake,9.75
CA,,Blythe,8.75
CA,,Brawley,8.75
CA,,Brea,7.75
CA,,Brisbane,9.875
CA,,Buellton,7.75
CA,,Buena Park,8.75
CA,,Burbank,10.5
CA,,Burlingame,9.625
CA,,Butte County Tourism Business Improvement District,8.25
CA,,Calabasas,9.75
CA,,Calaveras,8.25
CA,,Calexico,8.25
CA,,California City,8.25
CA,,Calipatria,7.75
CA,,Camarillo,7.25
CA,,Campbell,10.5
CA,,Carlsbad,7.75
CA,,Carmel By The Sea,9.25
CA,,Carpinteria,9.0
CA,,Carson,10.5
CA,,Cathedral City,9.25
CA,,Ceres,8.375
CA,,Cerritos,9.75
CA,,Chico,9.25
CA,,Chino,8.75
CA,,Chowchilla,8.75
CA,,Chula Vista,8.75
CA,,Citrus Heights,7.75
CA,,Clearlake,8.75
CA,,Cloverdale,10.0
CA,,Clovis,8.975
CA,,Coachella,8.75
CA,,Coalinga,8.975
CA,,Colfax,7.25
CA,,Colma,9.875
CA,,Colorado River Indian Reservation,9.75
CA,,Colton,8.75
CA,,Colusa,8.75
CA,,Colusa Co Local Tax Sl,7.75
CA,,Commerce,10.5
CA,,Compton,10.75
CA,,Concord,9.75
CA,,Contra Costa,8.75
CA,,Corcoran,8.25
CA,,Corning,7.75
CA,,Corona,8.75
CA,,Coronado,7.75
CA,,Corte Madera,9.0
CA,,Costa Mesa Business Improvement Area,7.75
CA,,Cotati,10.25
CA,,Covina,10.5
CA,,Coyote Valley Reservation,7.875
CA,,Crescent City,8.25
CA,,Culver City,10.75
CA,,Cupertino,9.75
CA,,Daly City,9.875
CA,,Dana Point,7.75
CA,,Danville,8.75
CA,,Davis,9.25
CA,,Del Norte County District Tax Sp,8.25
CA,,Delano,8.25
CA,,Diamond Bar,9.75
CA,,Dinuba,8.5
CA,,Dixon,8.375
CA,,Downey,10.5
CA,,Duarte,10.5
CA,,Dublin,10.25
CA,,Dunsmuir,8.25
CA,,East Palo Alto,9.875
CA,,El Cajon,8.25
CA,,El Centro,8.25
CA,,El Cerrito,10.25
CA,,El Dorado Co Local Tax Sl,7.25
CA,,El Monte,10.5
CA,,Elk Grove,8.75
CA,,Emeryville,10.5
CA,,Encinitas,7.75
CA,,Escalon,8.75
CA,,Escondido,8.75
CA,,Eureka,10.25
CA,,Exeter,8.75
CA,,Fairfax,9.0
CA,,Fairfield,8.375
CA,,Farmersville,8.75
CA,,Ferndale,9.5
CA,,Fillmore,7.25
CA,,Firebaugh,7.975
CA,,Folsom Tourism Business Improvement District,7.75
CA,,Fontana,8.75
CA,,Fort Bragg,9.25
CA,,Fort Mojave Off-Reservation Trust Land,7.75
CA,,Fort Yuma Indian Reservation,7.75
CA,,Fortuna,9.5
CA,,Fountain Valley,8.75
CA,,Fowler,8.975
CA,,Fremont,10.25
CA,,Fresno,8.35
CA,,Fresno Co Local Tax Sl,7.975
CA,,Fullerton,7.75
CA,,Galt,9.25
CA,,Garden Grove,8.75
CA,,Garden Grove Tourism Improvement District (Tier 2),8.75
CA,,Gardena,10.5
CA,,Gilroy Tourism Business Improvement District,9.75
CA,,Glendale,10.5
CA,,Glendora,10.75
CA,,Glenn,7.25
CA,,Goleta,8.75
CA,,Grass Valley,8.875
CA,,Greater Palm Springs Tourism Bid,7.75
CA,,Greenfield,9.5
CA,,Gridley,8.25
CA,,Grover Beach,8.75
CA,,Guadalupe,8.75
CA,,Gustine,8.25
CA,,Half Moon Bay,9.875
CA,,Half Moon Bay Hotel Business Improvement District,9.375
CA,,Hanford,8.25
CA,,Hawaiian Gardens,10.5
CA,,Hawthorne,10.5
CA,,Hayward,10.75
CA,,Healdsburg,9.75
CA,,Hemet,8.75
CA,,Hercules,9.25
CA,,Hesperia  Ca,7.75
CA,,Hollister,9.25
CA,,Holtville,7.75
CA,,Humboldt County Tourism Business Improvement District,8.75
CA,,Huntington Beach,7.75
CA,,Huntington Park,10.5
CA,,Huron,8.975
CA,,Imperial Beach,8.75
CA,,Imperial Co Local Tax Sl,7.75
CA,,Indio,8.75
CA,,Industry,9.75
CA,,Inglewood,10.25
CA,,Inyo County District Tax Sp,7.75
CA,,Ione,7.75
CA,,Irvine,7.75
CA,,Irwindale,10.75
CA,,Isleton,8.75
CA,,Jackson,7.75
CA,,Jurupa Valley,7.75
CA,,Kerman,8.975
CA,,Kern,8.25
CA,,Kings,7.25
CA,,Kingsburg,8.975
CA,,La Canada Flintridge,10.5
CA,,La Habra,8.75
CA,,La Mesa,8.5
CA,,La Mirada,9.75
CA,,La Puente,10.25
CA,,La Quinta,8.75
CA,,La Verne,10.5
CA,,Laguna Beach,7.75
CA,,Laguna Hills,7.75
CA,,Laguna Niguel,7.75
CA,,Lake,7.25
CA,,Lake Elsinore,8.75
CA,,Lake Forest,7.75
CA,,Lakeport,8.75
CA,,Lakewood,10.5
CA,,Lancaster Tourism Business Improvement District,11.25
CA,,Larkspur,9.25
CA,,Lassen Co Local Tax Sl,7.25
CA,,Lathrop,8.75
CA,,Lawndale,10.5
CA,,Lemon Grove,8.75
CA,,Lemoore,8.25
CA,,Lincoln,7.25
CA,,Lindsay,8.75
CA,,Livingston,8.75
CA,,Lodi,8.25
CA,,Loma Linda,7.75
CA,,Lomita,10.5
CA,,Lompoc Tourism Improvement District,8.75
CA,,Long Beach,10.5
CA,,Long Beach Tourism Bia,10.5
CA,,Loomis,7.5
CA,,Los Alamitos,9.25
CA,,Los Altos,9.75
CA,,Los Altos Hills,9.75
CA,,Los Angeles,9.75
CA,,Los Banos,8.75
CA,,Los Gatos,9.875
CA,,Loyalton,7.25
CA,,Lynwood,10.75
CA,,Madera,8.25
CA,,Madera County Tourism Business Improvement District,7.75
CA,,Malibu,10.25
CA,,Mammoth Lakes Tourism Business Improvement District,7.75
CA,,Manhattan Beach,10.25
CA,,Manteca,9.0
CA,,Marin County Tourism Business Improvement District,8.25
CA,,Marina,9.25
CA,,Marina Del Ray Convention And Visitors Bureau,9.75
CA,,Mariposa,8.25
CA,,Martinez,9.75
CA,,Mcfarland,9.25
CA,,Mendocino County Lodging Business Improvement District,7.875
CA,,Mendota,9.225
CA,,Menifee,8.75
CA,,Menlo Park,9.375
CA,,Merced,7.75
CA,,Merced,8.25
CA,,Mill Valley,9.25
CA,,Milpitas,10.0
CA,,Mission Viejo,7.75
CA,,Modesto,8.875
CA,,Modoc,7.25
CA,,Mono,7.25
CA,,Monrovia,10.5
CA,,Montclair,9.0
CA,,Montebello,10.5
CA,,Monterey,9.25
CA,,Monterey County Tourism Improvement District,8.75
CA,,Monterey Park,10.5
CA,,Moorpark,7.25
CA,,Moraga,9.75
CA,,Moreno Valley,8.75
CA,,Morgan Hill,9.75
CA,,Morro Bay Tourism Business Improvement District,8.75
CA,,Moscone Expansion District Zone 2,8.625
CA,,Mountain View,9.75
CA,,Murrieta,8.75
CA,,Napa,8.75
CA,,Napa Co Local Tax Sl,7.75
CA,,National City,8.75
CA,,Nevada City,8.875
CA,,Nevada Co Local Tax Sl,7.5
CA,,Newark,10.75
CA,,Newman,7.875
CA,,Newport Beach,7.75
CA,,Norco,8.75
CA,,Norwalk,10.5
CA,,Novato,9.25
CA,,Oakdale,8.375
CA,,Oakland,10.75
CA,,Oceanside Tourism Marketing District,8.25
CA,,Ojai,7.25
CA,,Ojai Tourism Improvement District,7.25
CA,,Olympic Valley Alpine Meadows  Microtransit District,7.25
CA,,Ontario,8.75
CA,,Orange,7.75
CA,,Orange County District Tax Sp,7.75
CA,,Orange Cove,7.975
CA,,Orland,8.25
CA,,Oroville,9.25
CA,,Oxnard,9.25
CA,,Pacific Grove Hospitality Improvement District,9.25
CA,,Pacifica Hotel Business Improvement District,9.875
CA,,Palm Desert,8.75
CA,,Palm Springs International Airport,9.25
CA,,Palm Springs Small Hotel Tourism Business Improvement District,9.25
CA,,Palmdale,11.25
CA,,Palo Alto,9.75
CA,,Paradise,8.75
CA,,Paramount,10.5
CA,,Parlier,8.975
CA,,Pasadena,10.5
CA,,Paso Robles Tourism Business Improvement District,8.75
CA,,Patterson,7.875
CA,,Perris,7.75
CA,,Petaluma,10.25
CA,,Pico Rivera,10.75
CA,,Pinole,10.25
CA,,Pismo Beach Lodging Business Improvement District,8.25
CA,,Placentia,8.75
CA,,Placer County North Tahoe Area,7.25
CA,,Placer County Western Slope,7.25
CA,,Placerville,8.25
CA,,Pleasant Hill,9.25
CA,,Pleasanton,10.25
CA,,Plumas Co Local Tax Sl,7.25
CA,,Plymouth,7.75
CA,,Point Arena,9.25
CA,,Pomona,10.5
CA,,Port Hueneme,8.75
CA,,Porterville,9.25
CA,,Portola,7.25
CA,,Poway,7.75
CA,,Rancho Cordova Tourism Business Improvement District,8.75
CA,,Rancho Cucamonga,7.75
CA,,Rancho Mirage,7.75
CA,,Red Bluff,7.5
CA,,Redding,7.25
CA,,Redlands,8.75
CA,,Redwood City,9.875
CA,,Reedley,9.225
CA,,Rialto,7.75
CA,,Richmond,9.75
CA,,Ridgecrest,9.25
CA,,Rincon Reservation,15.5
CA,,Rio Dell,9.5
CA,,Rio Vista,9.125
CA,,Riverbank,7.875
CA,,Riverside,8.75
CA,,Riverside County District Tax Sp,7.75
CA,,Rohnert Park,9.75
CA,,Rosemead,9.75
CA,,Roseville,7.75
CA,,Sacramento,7.75
CA,,Sacramento,8.75
CA,,Sacramento Tmd Zone 1,8.75
CA,,Sacramento Tmd Zone 2,7.75
CA,,Sacramento Tmd Zone 2,8.75
CA,,Sacramento Tmd Zone 3,8.75
CA,,Sacramento Tmd Zone 4,7.75
CA,,Saint Helena,8.25
CA,,Salinas,9.25
CA,,San Anselmo,9.25
CA,,San Benito County District Tax Sp,8.25
CA,,San Bernardino,7.75
CA,,San Bernardino,8.75
CA,,San Bruno,9.875
CA,,San Buenaventura,7.75
CA,,San Clemente,7.75
CA,,San Diego Co Local Tax Sl,7.75
CA,,San Diego International Airport,7.75
CA,,San Diego Tot Zone 1,7.75
CA,,San Diego Tot Zone 2,7.75
CA,,San Diego Tot Zone 3,7.75
CA,,San Fernando,10.5
CA,,San Francisco International Airport,9.375
CA,,San Francisco Peninsula Tmd,9.375
CA,,San Francisco Tourism Improvement District,8.625
CA,,San Gabriel,10.5
CA,,San Jacinto,8.75
CA,,San Joaquin,7.75
CA,,San Joaquin,7.975
CA,,San Jose Convention Center Facility District Zone 1,10.0
CA,,San Jose Convention Center Facility District Zone 2,10.0
CA,,San Jose Hotel Business Improvement District  (Zone A),10.0
CA,,San Jose Hotel Business Improvement District (Zone B),10.0
CA,,San Juan Bautista,9.0
CA,,San Juan Capistrano,7.75
CA,,San Leandro,10.75
CA,,San Luis Obispo,7.25
CA,,San Luis Obispo,8.75
CA,,San Luis Obispo County Tourism Business Improvement District,7.25
CA,,San Marcos,8.75
CA,,San Marino,9.75
CA,,San Mateo,9.625
CA,,San Rafael,9.25
CA,,San Ramon,9.75
CA,,Sanger,8.725
CA,,Santa Ana,9.25
CA,,Santa Barbara,9.25
CA,,Santa Barbara County District Tax Sp,7.75
CA,,Santa Barbara South Coast Tourism Business Improvement Area,7.75
CA,,Santa Clara,9.75
CA,,Santa Clara Co Local Tax Sl,9.75
CA,,Santa Clara Community Facilities District Stj,9.75
CA,,Santa Clarita,9.75
CA,,Santa Cruz,9.5
CA,,Santa Cruz,9.75
CA,,Santa Fe Springs,11.0
CA,,Santa Maria,8.75
CA,,Santa Monica,10.75
CA,,Santa Paula,9.25
CA,,Santa Rosa,10.0
CA,,Santa Ynez Valley Tourism Business Improvement District,7.75
CA,,Santee,7.75
CA,,Saratoga,9.75
CA,,Sausalito,9.25
CA,,Scotts Valley,9.75
CA,,Seal Beach,9.25
CA,,Sebastopol,10.5
CA,,Shasta,7.25
CA,,Shasta Lake,7.25
CA,,Sierra,7.25
CA,,Sierra Madre,10.5
CA,,Signal Hill,10.5
CA,,Simi Valley,7.25
CA,,Siskiyou,7.25
CA,,Solana Beach,8.75
CA,,Solano Co Local Tax Sl,7.375
CA,,Soledad,9.25
CA,,Solvang,8.75
CA,,Sonoma,10.25
CA,,Sonoma County Tourism Business Improvement Area,9.25
CA,,Sonora,8.75
CA,,South El Monte,10.75
CA,,South Gate,10.75
CA,,South Lake Tahoe Non Redevelopment Area,8.75
CA,,South Pasadena,10.5
CA,,South San Francisco,9.875
CA,,Stanislaus,7.875
CA,,Stockton,9.0
CA,,Suisun City,9.125
CA,,Sunnyvale,9.75
CA,,Susanville,8.25
CA,,Sutter Co Local Tax Sl,7.25
CA,,Sutter Creek,8.75
CA,,Taft,8.25
CA,,Tehachapi,8.25
CA,,Tehama,7.25
CA,,Tehama Co Local Tax Sl,7.25
CA,,Temecula,8.75
CA,,Temecula Wine Country Tourism Marketing District,7.75
CA,,The Sea Ranch,9.25
CA,,Thousand Oaks,7.25
CA,,Tiburon,8.25
CA,,Torrance Tourism Business Improvement District,10.25
CA,,Tracy,8.25
CA,,Tri Valley Tourism Marketing District,10.25
CA,,Trinidad,9.5
CA,,Trinity Co Local Tax Sl,7.25
CA,,Truckee Tourism Business Improvement District,9.0
CA,,Tulare,8.25
CA,,Tulare Co Local Tax Sl,7.75
CA,,Tuolumne Co Local Tax Sl,7.25
CA,,Turlock,8.625
CA,,Tustin,7.75
CA,,Twentynine Palms Tourism Business Improvement District,7.75
CA,,Ukiah,8.875
CA,,Union City,10.75
CA,,Upland,7.75
CA,,Vacaville,8.125
CA,,Vallejo Hotel Business Improvement District,9.25
CA,,Ventura Co Local Tax Sl,7.25
CA,,Vernon,10.5
CA,,Victorville,8.75
CA,,Visalia,8.5
CA,,Vista,8.25
CA,,Walnut,9.75
CA,,Walnut Creek,9.25
CA,,Wasco,8.25
CA,,Waterford,7.875
CA,,Watsonville,9.75
CA,,Weed,7.5
CA,,West Covina,9.75
CA,,West Hollywood Tourism Improvement District,10.5
CA,,West Marin County Transient Occupancy Tax,8.25
CA,,West Sacramento,9.25
CA,,Westlake Village,9.75
CA,,Westminster,9.25
CA,,Westmorland,7.75
CA,,Whittier,10.5
CA,,Williams,8.25
CA,,Willits,9.125
CA,,Willows,8.75
CA,,Windsor,9.25
CA,,Winters,8.25
CA,,Woodlake,8.75
CA,,Woodland,8.0
CA,,Yolo County Tourism Business Improvement District,7.25
CA,,Yorba Linda,7.75
CA,,Yreka,8.75
CA,,Yuba,8.25
CA,,Yuba City,7.25
CA,,Yucaipa,8.75
CA,,Yucca Valley,8.75
CO,,Adams,3.75
CO,,Aguilar,7.4
CO,,Akron,6.9
CO,,Alamosa,8.4
CO,,Alamosa County Local Marketing District,5.9
CO,,Alma,7.9
CO,,Antonito,8.9
CO,,Archuleta,6.9
CO,,Arriba,6.9
CO,,Arvada,7.96
CO,,Arvada,8.21
CO,,Aspen,10.35
CO,,Aspen Fire Protection District,7.65
CO,,Ault,5.9
CO,,Aurora,8.0
CO,,Aurora,8.5
CO,,Aurora,8.75
CO,,Baca County,2.9
CO,,Basalt,9.55
CO,,Bayfield,9.9
CO,,Bennett,7.75
CO,,Bent,3.9
CO,,Berthoud,7.9
CO,,Berthoud,8.95
CO,,Bethune,2.9
CO,,Black Hawk,8.9
CO,,Bonanza,5.4
CO,,Boulder,5.335
CO,,Boulder,9.195
CO,,Branson,4.4
CO,,Breckenridge,8.875
CO,,Brighton,7.65
CO,,Brighton,8.5
CO,,Broomfield,8.15
CO,,Brush,6.9
CO,,Buena Vista,8.15
CO,,Burlington,5.9
CO,,Calhan,8.13
CO,,Canon City,8.7
CO,,Carbondale,10.15
CO,,Castle Rock,8.1
CO,,Cedaredge,8.5
CO,,Centennial,6.75
CO,,Center,9.5
CO,,Centerra Metropolitan Districts Pif,6.95
CO,,Chaffee,5.65
CO,,Cheraw,3.9
CO,,Cherry Creek North Business Improvement District,9.15
CO,,Cheyenne County,2.9
CO,,Cheyenne Wells,4.9
CO,,Cimarron Hills Fire Protection District,9.2
CO,,Clear Creek,5.55
CO,,Clifton Fire Protection District,6.27
CO,,Coal Creek,5.4
CO,,Collbran,7.27
CO,,Colorado Springs,8.2
CO,,Commerce City,9.75
CO,,Commerce City Plaza,9.75
CO,,Conejos,4.9
CO,,Conifer Metropolitan District Sp,5.25
CO,,Cortez,7.69
CO,,Costilla,4.9
CO,,Craig,8.9
CO,,Crawford,8.5
CO,,Creede,9.5
CO,,Crestone,8.9
CO,,Cripple Creek,7.2
CO,,Crook,6.4
CO,,Crowley,4.9
CO,,De Beque,7.27
CO,,Deer Trail,5.0
CO,,Del Norte,7.5
CO,,Delta,6.5
CO,,Delta,9.5
CO,,Denver,9.15
CO,,Dillon,8.875
CO,,Dinosaur,7.0
CO,,Dolores,7.3
CO,,Douglas,4.0
CO,,Douglas,5.0
CO,,Douglas,5.5
CO,,Dove Creek,8.0
CO,,Dove Creek Ambulance District,4.9
CO,,Durango,9.4
CO,,Eads,4.9
CO,,Eagle,9.4
CO,,Eagle Co Red Sky Ranch Metropolitan District Sp,11.19
CO,,Eagle Co Two Rivers Metropolitan District Sp,8.9
CO,,Eagle County Mass Transit(Mts),4.9
CO,,Eaton,6.9
CO,,Edwards Arrowhead Mdt,10.69
CO,,Elbert,3.9
CO,,Elizabeth,7.9
CO,,Empire,10.55
CO,,Englewood,8.05
CO,,Erie,8.835
CO,,Estes Park,8.95
CO,,Estes Park Local Marketing District,3.95
CO,,Evans Fire Protection District,8.4
CO,,Fairplay,8.9
CO,,Firestone,7.0
CO,,Flagler,4.9
CO,,Fleming,5.9
CO,,Florence,7.9
CO,,Fort Collins,8.3
CO,,Fort Morgan,7.9
CO,,Fountain,8.53
CO,,Fowler,6.9
CO,,Fraser,9.2
CO,,Frederick,6.9
CO,,Fremont,5.4
CO,,Frisco,8.375
CO,,Fruita,8.27
CO,,Garfield,4.15
CO,,Genoa,4.9
CO,,Georgetown,10.05
CO,,Gilcrest,6.9
CO,,Gilpin,2.9
CO,,Glenwood Springs,9.35
CO,,Golden,7.5
CO,,Granada,5.9
CO,,Granby,8.2
CO,,Grand,4.2
CO,,Grand Junction,8.66
CO,,Grand Lake,9.2
CO,,Greeley,7.01
CO,,Green Mountain Falls,8.13
CO,,Greenwood Village,7.25
CO,,Grover,3.9
CO,,Gunnison,8.9
CO,,Gunnison Co Ghcetsa,3.9
CO,,Gunnison Co Tr,4.9
CO,,Hartman,3.9
CO,,Haxtun,7.4
CO,,Hayden,8.9
CO,,Highlands Ranch,5.0
CO,,Hinsdale,7.9
CO,,Holly,7.9
CO,,Holyoke,5.4
CO,,Hooper,7.9
CO,,Hot Sulphur Springs,8.2
CO,,Hotchkiss,8.5
CO,,Hudson,6.9
CO,,Huerfano,5.9
CO,,Hugo,7.9
CO,,Idaho Springs,10.55
CO,,Ignacio,8.9
CO,,Iliff,3.9
CO,,Jackson,6.9
CO,,Jamestown,5.335
CO,,Jefferson,4.5
CO,,Julesburg,8.2
CO,,Kersey,6.5
CO,,Kiowa,5.4
CO,,Kit Carson,4.9
CO,,Kremmling,8.2
CO,,La Jara,7.9
CO,,La Junta Health Services District Sp,8.9
CO,,La Plata,5.9
CO,,La Veta,9.9
CO,,Lafayette,9.205
CO,,Lake,6.9
CO,,Lake City Area Fire Protection District,9.15
CO,,Lakewood,7.5
CO,,Lamar,6.9
CO,,Larimer,3.95
CO,,Larkspur,7.9
CO,,Las Animas,4.4
CO,,Las Animas,7.9
CO,,Leadville,7.4
CO,,Limon,7.65
CO,,Lincoln,4.9
CO,,Littleton,8.0
CO,,Littleton,8.68
CO,,Littleton,8.75
CO,,Log Lane Village,5.9
CO,,Logan,3.9
CO,,Longmont,8.865
CO,,Louisville,9.11
CO,,Loveland,6.95
CO,,Lyons,9.335
CO,,Manassa,5.9
CO,,Mancos,7.3
CO,,Manitou Springs,9.03
CO,,Manzanola,5.9
CO,,Mead,5.9
CO,,Merino,5.9
CO,,Mesa,5.27
CO,,Mesa Co Whitewater Lid Sp,6.27
CO,,Minturn,9.69
CO,,Moffat,4.9
CO,,Moffat,7.4
CO,,Monte Vista,8.5
CO,,Montezuma County,3.3
CO,,Montrose,4.65
CO,,Montrose,8.53
CO,,Monument,8.63
CO,,Morgan County,2.9
CO,,Morrison,8.25
CO,,Mount Crested Butte,9.9
CO,,Mountain Village,9.47
CO,,Naturita,8.65
CO,,Nederland,9.585
CO,,New Castle / Roaring Fork Rta,8.45
CO,,Northglenn,8.75
CO,,Northlands Gid,8.9
CO,,Norwood,6.9
CO,,Nucla,8.65
CO,,Nunn,4.9
CO,,Oak Creek,6.9
CO,,Olathe,8.65
CO,,Olney Springs,4.9
CO,,Ophir,5.9
CO,,Orchard City,6.5
CO,,Ordway,6.9
CO,,Otis,6.4
CO,,Ouray,9.45
CO,,Ovid,6.9
CO,,Pagosa Springs,7.9
CO,,Palisade,7.27
CO,,Palmer Lake,8.13
CO,,Paoli,3.9
CO,,Paonia,9.5
CO,,Parachute,7.9
CO,,Park,3.9
CO,,Park Co South Park Health Service District Sp,4.9
CO,,Park Co South Park Health Service District Sp,6.4
CO,,Park Meadows Pif,7.5
CO,,Parker,8.0
CO,,Peetz,3.9
CO,,Phillips,3.9
CO,,Pierce,4.9
CO,,Pikes Peak Rta,5.13
CO,,Pitkin,6.9
CO,,Poncha Springs,7.65
CO,,Powers Pointe Pif,8.2
CO,,Prowers,3.9
CO,,Pueblo,3.9
CO,,Pueblo,5.9
CO,,Pueblo,7.6
CO,,Pueblo Rural Fire Protection District,4.9
CO,,Ramah,7.13
CO,,Red Cliff,8.69
CO,,Rico,8.97
CO,,Ridgway,9.05
CO,,Rifle,8.4
CO,,Rio Blanco,6.5
CO,,Roaring Fork Rural Transportation Authority,7.15
CO,,Rockvale,5.4
CO,,Rocky Ford,7.9
CO,,Romeo,8.8
CO,,Routt,3.9
CO,,Saguache,5.4
CO,,Saguache,9.4
CO,,Salida,8.65
CO,,San Luis,8.9
CO,,San Miguel,3.9
CO,,San Miguel Co Rta Tr,4.97
CO,,Sedgwick,6.9
CO,,Seibert,4.9
CO,,Severance,5.9
CO,,Sheridan Lake,2.9
CO,,Silt,7.15
CO,,Silver Cliff,7.9
CO,,Silver Plume,8.55
CO,,Silverthorne,8.375
CO,,Silverton,10.4
CO,,Simla,7.9
CO,,Snowmass Base Village,10.65
CO,,Snowmass Village,10.65
CO,,South Adams County Fire Protection District,5.25
CO,,South Fork,9.5
CO,,South Platte Valley Rta,7.0
CO,,Southeast Jefferson County Lid,5.0
CO,,Springfield,4.9
CO,,Steamboat Springs,8.4
CO,,Steamboat Springs Local Marketing District,8.4
CO,,Stratton,4.9
CO,,Sugar City,4.9
CO,,Summit County Housing,10.375
CO,,Swink,3.9
CO,,Teller,5.4
CO,,The Village At Avon,9.69
CO,,Thornton,8.5
CO,,Timnath,8.2
CO,,Trinidad,8.4
CO,,Vail,9.4
CO,,Victor,6.9
CO,,Walden,7.9
CO,,Walsh,5.9
CO,,Ward,7.335
CO,,Washington,4.4
CO,,Weld,2.9
CO,,Wellington,6.95
CO,,Westminster,8.75
CO,,Westminster,9.0
CO,,Wheat Ridge,8.0
CO,,Wiggins,5.9
CO,,Wiley,5.9
CO,,Windsor,6.55
CO,,Winter Park,11.2
CO,,Woodland Park,8.4
CO,,Wray,5.4
CO,,Yampa,7.9
CO,,Yuma,6.65
CO,,Yuma County,2.9
CO,,Yuma County,5.0
CT,,Connecticut,6.35
DC,,District Of Columbia,6.0
DE,,Dover,0.0
DE,,Kent,0.0
DE,,Kenton,0.0
DE,,Little Creek,0.0
DE,,Milford,0.0
DE,,New Castle,0.0
DE,,Newark,0.0
DE,,Sussex,0.0
DE,,Wilmington,0.0
FL,,Alachua,7.5
FL,,Alford,7.5
FL,,Altamonte Springs,7.0
FL,,Altha,7.5
FL,,Anna Maria,7.0
FL,,Apalachicola,7.5
FL,,Apopka,6.5
FL,,Arcadia,7.5
FL,,Archer,7.5
FL,,Astatula,7.0
FL,,Atlantic Beach,7.5
FL,,Atlantis,6.5
FL,,Auburndale,7.0
FL,,Avon Park,7.5
FL,,Baker,7.0
FL,,Baldwin,7.5
FL,,Bartow,7.0
FL,,Bascom,7.5
FL,,Bay,7.0
FL,,Bay County Tourism Development District Sp,7.0
FL,,Bay Lake,6.5
FL,,Baytowne Wharf Neighborhood Association (Walton County) Sp,7.0
FL,,Bell,7.0
FL,,Belle Glade,6.5
FL,,Belle Isle,6.5
FL,,Belleair Beach,7.0
FL,,Belleair Bluffs,7.0
FL,,Belleview,7.5
FL,,Blountstown,7.5
FL,,Boca Raton,6.5
FL,,Bonifay,7.5
FL,,Bonita Springs,6.5
FL,,Bowling Green,7.0
FL,,Boynton Beach,6.5
FL,,Bradenton,7.0
FL,,Bradenton Beach,7.0
FL,,Bradford,7.0
FL,,Branford,7.0
FL,,Brevard,7.0
FL,,Bristol,7.5
FL,,Bronson,7.0
FL,,Brooksville,6.5
FL,,Broward,7.0
FL,,Bunnell,7.0
FL,,Bushnell,7.0
FL,,Calhoun,7.5
FL,,Callahan,7.0
FL,,Campbellton,7.5
FL,,Cape Canaveral,7.0
FL,,Cape Coral,6.5
FL,,Carrabelle,7.5
FL,,Caryville,7.5
FL,,Casselberry,7.0
FL,,Cedar Key,7.0
FL,,Celebration Pointe Public User District,8.5
FL,,Center Hill,7.0
FL,,Century,7.5
FL,,Charlotte,7.0
FL,,Chattahoochee,7.5
FL,,Chiefland,7.0
FL,,Chipley,7.5
FL,,Citrus,6.0
FL,,Clay,7.5
FL,,Clearwater,7.0
FL,,Clermont,7.0
FL,,Clewiston,7.5
FL,,Cocoa,7.0
FL,,Cocoa Beach,7.0
FL,,Coconut Creek,7.0
FL,,Coleman,7.0
FL,,Collier,6.0
FL,,Columbia,7.5
FL,,Cooper City,7.0
FL,,Coral Gables,7.0
FL,,Coral Springs,7.0
FL,,Cottondale,7.5
FL,,Crescent City,7.0
FL,,Cross City,7.0
FL,,Crystal River,6.0
FL,,Cutler Bay,7.0
FL,,Dade City,7.0
FL,,Dania Beach,7.0
FL,,Davenport,7.0
FL,,Davie,7.0
FL,,Daytona Beach,6.5
FL,,Daytona Beach Shores,6.5
FL,,De Soto,7.5
FL,,Debary,6.5
FL,,Deerfield Beach,7.0
FL,,Deland,6.5
FL,,Delray Beach,6.5
FL,,Deltona,6.5
FL,,Destin,7.0
FL,,Dixie,7.0
FL,,Doral,7.0
FL,,Dundee,7.0
FL,,Dunedin,7.0
FL,,Dunnellon,7.5
FL,,Eagle Lake,7.0
FL,,Eatonville,6.5
FL,,Ebro,7.5
FL,,Edgewood,6.5
FL,,Escambia,7.5
FL,,Estero,6.5
FL,,Eustis,7.0
FL,,Everglades,6.0
FL,,Fanning Springs,7.0
FL,,Fellsmere,7.0
FL,,Ferdinanda Beach,7.0
FL,,Flagler,7.0
FL,,Flagler Beach,7.0
FL,,Fort Lauderdale,7.0
FL,,Fort Myers,6.5
FL,,Fort Myers Beach,6.5
FL,,Fort Pierce,7.0
FL,,Fort Walton Beach,7.0
FL,,Fort White,7.5
FL,,Franklin,7.5
FL,,Frostproof,7.0
FL,,Gainesville,7.5
FL,,Gaylord Palms Municipal Service Benefit Unit,7.5
FL,,Glades,7.0
FL,,Glen St. Mary,7.0
FL,,Grand Ridge,7.5
FL,,Grant-Valkaria,7.0
FL,,Green Cove Springs,7.5
FL,,Greenacres,6.5
FL,,Greensboro,7.5
FL,,Greenville,7.5
FL,,Greenwood,7.5
FL,,Gretna,7.5
FL,,Groveland,7.0
FL,,Gulf Breeze,7.0
FL,,Gulfport,7.0
FL,,Haines City,7.0
FL,,Hallandale Beach,7.0
FL,,Havana,7.5
FL,,Haverhill,6.5
FL,,Hawthorne,7.5
FL,,Hendry,7.5
FL,,Hernando,6.5
FL,,Hialeah Gardens,7.0
FL,,Hialheah,7.0
FL,,High Springs,7.5
FL,,Highlands,7.5
FL,,Hillcrest Heights,7.0
FL,,Hilliard,7.0
FL,,Hillsborough,7.5
FL,,Holly Hill,6.5
FL,,Hollywood,7.0
FL,,Homestead,7.0
FL,,Horseshoe Beach,7.0
FL,,Howey-In-The-Hills,7.0
FL,,Indialantic,7.0
FL,,Indian Creek,7.0
FL,,Indian Harbour Beach,7.0
FL,,Indian River,7.0
FL,,Indian River Shores,7.0
FL,,Indiantown,6.5
FL,,Inglis,7.0
FL,,Interlachen,7.0
FL,,Inverness,6.0
FL,,Islamorada  Village Of Islands,7.5
FL,,Jackson,7.5
FL,,Jacksonville,7.5
FL,,Jacksonville Beach,7.5
FL,,Jasper,8.0
FL,,Jay,7.0
FL,,Jefferson,7.0
FL,,Jennings,8.0
FL,,Juno Beach,6.5
FL,,Jupiter,6.5
FL,,Jupiter Island,6.5
FL,,Kenneth City,7.0
FL,,Key Biscayne,7.0
FL,,Key Colony Beach,7.5
FL,,Key West,7.5
FL,,Keystone Heights,7.5
FL,,Kissimmee,7.5
FL,,La Crosse,7.5
FL,,Labelle,7.5
FL,,Lady Lake,7.0
FL,,Lafayette,7.0
FL,,Lake,7.0
FL,,Lake Butler,7.0
FL,,Lake City,7.5
FL,,Lake Hamilton,7.0
FL,,Lake Mary,7.0
FL,,Lake Park,6.5
FL,,Lake Placid,7.5
FL,,Lake Wales,7.0
FL,,Lake Worth,6.5
FL,,Lakeland,7.0
FL,,Lantana,6.5
FL,,Largo,7.0
FL,,Lauderdale Lakes,7.0
FL,,Lauderhill,7.0
FL,,Layton,7.5
FL,,Lee,6.5
FL,,Lee,7.5
FL,,Leesburg,7.0
FL,,Leon,7.5
FL,,Levy,7.0
FL,,Liberty,7.5
FL,,Lighthouse Point,7.0
FL,,Live Oak,7.0
FL,,Longboat Key,7.0
FL,,Longwood,7.0
FL,,Loxahatchee Groves,6.5
FL,,Macclenny,7.0
FL,,Madeira Beach,7.0
FL,,Madison,7.5
FL,,Maitland,6.5
FL,,Malone,7.5
FL,,Manatee,7.0
FL,,Mangonia Park,6.5
FL,,Marathon,7.5
FL,,Marco Island,6.0
FL,,Margate,7.0
FL,,Marianna,7.5
FL,,Marineland,7.0
FL,,Marion,7.5
FL,,Martin,6.5
FL,,Mascotte,7.0
FL,,Mcintosh,7.5
FL,,Medley,7.0
FL,,Melbourne,7.0
FL,,Melbourne Beach,7.0
FL,,Mexico Beach,7.0
FL,,Miami,7.0
FL,,Miami Beach,7.0
FL,,Miami Gardens,7.0
FL,,Miami Shores,7.0
FL,,Miami Springs,7.0
FL,,Miami-Dade,7.0
FL,,Micanopy,7.5
FL,,Midway,7.5
FL,,Milton,7.0
FL,,Minneola,7.0
FL,,Miramar,7.0
FL,,Monroe,7.5
FL,,Monticello,7.0
FL,,Montverde,7.0
FL,,Mount Dora,7.0
FL,,Naples,6.0
FL,,Nassau,7.0
FL,,New Port Richey,7.0
FL,,New Smyrna Beach,6.5
FL,,Newberry,7.5
FL,,Niceville,7.0
FL,,Noma,7.5
FL,,North Bay Village,7.0
FL,,North Lauderdale,7.0
FL,,North Miami,7.0
FL,,North Miami Beach,7.0
FL,,North Port,7.0
FL,,Oakland,6.5
FL,,Oakland Park,7.0
FL,,Ocala,7.5
FL,,Ocoee,6.5
FL,,Okaloosa,7.0
FL,,Okeechobee,7.0
FL,,Oldsmar,7.0
FL,,Orange,6.5
FL,,Orange City,6.5
FL,,Orange Park,7.5
FL,,Orlando,6.5
FL,,Ormond Beach,6.5
FL,,Osceola,7.5
FL,,Otter Creek,7.0
FL,,Oviedo,7.0
FL,,Pahokee,6.5
FL,,Palatka,7.0
FL,,Palm Bay,7.0
FL,,Palm Beach,6.5
FL,,Palm Beach Gardens,6.5
FL,,Palm Coast,7.0
FL,,Palm Springs,6.5
FL,,Palmetto,7.0
FL,,Palmetto Bay,7.0
FL,,Panama City,7.0
FL,,Panama City Beach,7.0
FL,,Pasco,7.0
FL,,Paxton,7.0
FL,,Pembroke Pines,7.0
FL,,Penney Farms,7.5
FL,,Pensacola,7.5
FL,,Perry,7.0
FL,,Pinecrest,7.0
FL,,Pinellas,7.0
FL,,Pinellas Park,7.0
FL,,Plant City,7.5
FL,,Plantation,7.0
FL,,Polk,7.0
FL,,Pomona Park,7.0
FL,,Pompano Beach,7.0
FL,,Ponce De Leon,7.5
FL,,Port Richey,7.0
FL,,Port St. Joe,7.0
FL,,Port St. Lucie,7.0
FL,,Punta Gorda,7.0
FL,,Putnam,7.0
FL,,Quincy,7.5
FL,,Raiford,7.0
FL,,Reddick,7.5
FL,,Riviera Beach,6.5
FL,,Rockledge,7.0
FL,,Royal Palm Beach,6.5
FL,,Saint Johns,6.5
FL,,Saint Lucie,7.0
FL,,San Antonio,7.0
FL,,Sanford,7.0
FL,,Sanibel,6.5
FL,,Santa Rosa,7.0
FL,,Sarasota,7.0
FL,,Sebastian,7.0
FL,,Sebring,7.5
FL,,Seminole,7.0
FL,,Sewall's Point,6.5
FL,,Sneads,7.5
FL,,Sopchoppy,7.5
FL,,South Bay,6.5
FL,,South Daytona,6.5
FL,,South Miami,7.0
FL,,Springfield,7.0
FL,,St. Augustine,6.5
FL,,St. Cloud,7.5
FL,,St. Leo,7.0
FL,,St. Marks,7.5
FL,,St. Pete Beach,7.0
FL,,St. Petersburg,7.0
FL,,Stuart,6.5
FL,,Sunrise,7.0
FL,,Suwannee,7.0
FL,,Sweetwater,7.0
FL,,Tallahassee,7.5
FL,,Tamarac,7.0
FL,,Tampa,7.5
FL,,Tanger Outlets Daytona Beach,6.5
FL,,Tarpon Springs,7.0
FL,,Taylor,7.0
FL,,Temple Terrace,7.5
FL,,Titusville,7.0
FL,,Treasure Island,7.0
FL,,Venice,7.0
FL,,Vernon,7.5
FL,,Vero Beach,7.0
FL,,Volusia,6.5
FL,,Wakulla,7.5
FL,,Waldo,7.5
FL,,Walton,7.0
FL,,Walton County Tourist Development District Sp,7.0
FL,,Wauchula,7.0
FL,,Wausau,7.5
FL,,Welaka,7.0
FL,,Wellington,6.5
FL,,West Melbourne,7.0
FL,,West Palm Beach,6.5
FL,,Westville,7.5
FL,,White Springs,8.0
FL,,Wildwood,7.0
FL,,Winter Garden,6.5
FL,,Winter Haven,7.0
FL,,Winter Park,6.5
FL,,Winter Springs,7.0
FL,,Worthington Springs,7.0
FL,,Yankeetown,7.0
FL,,Zephyrhills,7.0
FL,,Zolfo Springs,7.0
GA,,Abbeville,8.0
GA,,Acworth,6.0
GA,,Adrian,9.0
GA,,Ailey,8.0
GA,,Alapaha,9.0
GA,,Albany,8.0
GA,,Aldora,9.0
GA,,Allenhurst,9.0
GA,,Allentown,7.0
GA,,Alma,8.0
GA,,Alpharetta,7.75
GA,,Alston,8.0
GA,,Alto,9.0
GA,,Ambrose,8.0
GA,,Americus,8.0
GA,,Aragon,7.0
GA,,Arcade,8.0
GA,,Argyle,8.0
GA,,Arlington,8.0
GA,,Ashburn,9.0
GA,,Athens,8.0
GA,,Atlanta,8.9
GA,,Attapulgus,9.0
GA,,Auburn,8.0
GA,,Augusta,8.5
GA,,Austell,6.0
GA,,Avera,9.0
GA,,Avondale Estates,8.0
GA,,Bacon,8.0
GA,,Baconton,8.0
GA,,Bainbridge,9.0
GA,,Baldwin,8.0
GA,,Baldwin,9.0
GA,,Ball Ground,7.0
GA,,Banks,9.0
GA,,Barnesville,9.0
GA,,Barrow,8.0
GA,,Bartow,7.0
GA,,Bartow,9.0
GA,,Barwick,8.0
GA,,Baxley,8.0
GA,,Ben Hill,8.0
GA,,Berkeley Lake,6.0
GA,,Berlin,9.0
GA,,Berrien,9.0
GA,,Bethlehem,8.0
GA,,Bibb,8.0
GA,,Bishop,8.0
GA,,Blackshear,8.0
GA,,Blairsville,7.0
GA,,Bloomingdale,7.0
GA,,Blue Ridge,7.0
GA,,Bluffton,9.0
GA,,Blythe,8.5
GA,,Bostwick,8.0
GA,,Bowersville,7.0
GA,,Bowman,9.0
GA,,Brantley,8.0
GA,,Braselton,7.0
GA,,Braselton,8.0
GA,,Bremen,8.0
GA,,Brinson,9.0
GA,,Bronwood,8.0
GA,,Brookhaven,8.0
GA,,Brooklet,9.0
GA,,Brooks,7.0
GA,,Brooks,8.0
GA,,Broxton,8.0
GA,,Brunswick,7.0
GA,,Bryan,9.0
GA,,Buchanan,8.0
GA,,Buckhead,8.0
GA,,Buford,6.0
GA,,Burke Co Tsplost Tr,7.0
GA,,Butler,8.0
GA,,Butts,8.0
GA,,Cadwell,8.0
GA,,Cairo,8.0
GA,,Calhoun,8.0
GA,,Camak,9.0
GA,,Candler,9.0
GA,,Canton,7.0
GA,,Carroll,7.0
GA,,Carrollton,7.0
GA,,Cartersville,7.0
GA,,Catoosa,7.0
GA,,Cave Spring,7.0
GA,,Cecil,9.0
GA,,Centerville,7.0
GA,,Chamblee,8.0
GA,,Chatsworth,9.0
GA,,Chattahoochee Co Tsplost Tr,9.0
GA,,Chattahoochee Hills,7.75
GA,,Chattooga,9.0
GA,,Chauncey,8.0
GA,,Cherokee,7.0
GA,,Chester,8.0
GA,,Chickamauga,8.0
GA,,Clarkesville,7.0
GA,,Clarkston,8.0
GA,,Claxton,9.0
GA,,Clay Co Tsplost Tr,9.0
GA,,Clayton,8.0
GA,,Cleveland,8.0
GA,,Climax,9.0
GA,,Clinch,8.0
GA,,Cobb,6.0
GA,,Cochran,8.0
GA,,Coffee,8.0
GA,,Cohutta,7.0
GA,,College Park,9.0
GA,,Colquitt,9.0
GA,,Columbia Co Tsplost Tr,8.0
GA,,Commerce,8.0
GA,,Concord,7.0
GA,,Conyers,7.0
GA,,Cordele,8.0
GA,,Cornelia,7.0
GA,,Covington,7.0
GA,,Coweta,8.0
GA,,Crawford,8.0
GA,,Crawford,9.0
GA,,Cumming,7.0
GA,,Cuthbert,8.0
GA,,Dade,7.0
GA,,Dahlonega,8.0
GA,,Dallas,7.0
GA,,Dalton,7.0
GA,,Danville,8.0
GA,,Darien,8.0
GA,,Dasher,8.0
GA,,Davisboro,9.0
GA,,Dawson,8.0
GA,,Dawsonville,8.0
GA,,De Soto,8.0
GA,,Dearing,9.0
GA,,Decatur,8.0
GA,,Decatur Co Tsplost Tr,9.0
GA,,Deepstep,9.0
GA,,Dekalb Co Tsplost Sp,8.0
GA,,Dexter,8.0
GA,,Dillard,8.0
GA,,Doerun,9.0
GA,,Dooling,8.0
GA,,Doraville,8.0
GA,,Dougherty,8.0
GA,,Douglas,7.0
GA,,Douglas,8.0
GA,,Douglasville,7.0
GA,,Du Pont,8.0
GA,,Dublin,8.0
GA,,Dudley,8.0
GA,,Duluth,6.0
GA,,Dunwoody,8.0
GA,,Early,8.0
GA,,East Ellijay,7.0
GA,,East Point,8.75
GA,,Eastman,8.0
GA,,Eatonton,8.0
GA,,Echols,8.0
GA,,Effingham,8.0
GA,,Elbert,9.0
GA,,Elberton,9.0
GA,,Ellaville,9.0
GA,,Ellenton,9.0
GA,,Emanuel Co Tsplost Tr,9.0
GA,,Emerson,7.0
GA,,Enigma,9.0
GA,,Ephesus,7.0
GA,,Eton,9.0
GA,,Euharlee,7.0
GA,,Evans Co Tsplost Tr,9.0
GA,,Fairmount,8.0
GA,,Fannin,7.0
GA,,Fargo,8.0
GA,,Fitzgerald,8.0
GA,,Flemington,9.0
GA,,Flovilla,8.0
GA,,Floyd,7.0
GA,,Forest Park,8.0
GA,,Fort Gaines,9.0
GA,,Fort Oglethorpe,8.0
GA,,Fort Valley,9.0
GA,,Franklin Springs,7.0
GA,,Fulton Co Tsplost Sp,7.75
GA,,Funston,9.0
GA,,Gainesville,7.0
GA,,Garden City,7.0
GA,,Garfield,9.0
GA,,Gay,8.0
GA,,Geneva,8.0
GA,,Gillsville,9.0
GA,,Glenwood,8.0
GA,,Glynn,7.0
GA,,Gordon,8.0
GA,,Grady,8.0
GA,,Graham,8.0
GA,,Grantville,8.0
GA,,Grayson,6.0
GA,,Greenville,8.0
GA,,Griffin,7.0
GA,,Guyton,8.0
GA,,Gwinnett,6.0
GA,,Habersham,7.0
GA,,Hall,7.0
GA,,Hamilton,8.0
GA,,Hampton,8.0
GA,,Haralson,8.0
GA,,Haralson Co Tsplost Tr,8.0
GA,,Harris Co Tsplost Tr,8.0
GA,,Harrison,9.0
GA,,Hartwell,7.0
GA,,Hawkinsville,8.0
GA,,Helen,8.0
GA,,Hephzibah,8.5
GA,,Hiawassee,8.0
GA,,Hiltonia,8.0
GA,,Hinesville,9.0
GA,,Hiram,7.0
GA,,Hoboken,8.0
GA,,Holly Springs,7.0
GA,,Homeland,7.0
GA,,Homer,9.0
GA,,Houston,7.0
GA,,Hutchinson Island,7.0
GA,,Ideal,8.0
GA,,Ila,7.0
GA,,Irwin,8.0
GA,,Jacksonville,8.0
GA,,Jakin,8.0
GA,,Jasper,8.0
GA,,Jeff Davis,8.0
GA,,Jefferson Co Tsplost Tr,9.0
GA,,Jeffersonville,8.0
GA,,Jenkins Co Tsplost Tr,8.0
GA,,Jenkinsburg,8.0
GA,,Jersey,7.0
GA,,Jesup,8.0
GA,,Johns Creek,7.75
GA,,Jonesboro,8.0
GA,,Junction City,8.0
GA,,Kennesaw,6.0
GA,,Kingsland,7.0
GA,,Lafayette,8.0
GA,,Lagrange,7.0
GA,,Lakeland,8.0
GA,,Lamar,9.0
GA,,Lanier,8.0
GA,,Laurens Co Tsplost Tr,8.0
GA,,Lavonia,7.0
GA,,Lawrenceville,6.0
GA,,Leary,8.0
GA,,Leesburg,8.0
GA,,Lenox,9.0
GA,,Lexington  Ga,9.0
GA,,Liberty,9.0
GA,,Lilburn,6.0
GA,,Lilly,8.0
GA,,Lincolnton,9.0
GA,,Lithonia,8.0
GA,,Locust Grove,8.0
GA,,Long,9.0
GA,,Lookout Mountain,8.0
GA,,Louisville,9.0
GA,,Lovejoy,8.0
GA,,Lowndes,8.0
GA,,Ludowici,9.0
GA,,Lumber City,8.0
GA,,Lumpkin,8.0
GA,,Luthersville,8.0
GA,,Lyerly,9.0
GA,,Macon,8.0
GA,,Manassas,8.0
GA,,Marietta,6.0
GA,,Marshallville,8.0
GA,,Maxeys,9.0
GA,,Mccaysville,7.0
GA,,Mcdonough,8.0
GA,,Mcduffie,9.0
GA,,Mcintosh,8.0
GA,,Mcintyre,7.0
GA,,Mcrae-Helena,8.0
GA,,Menlo,9.0
GA,,Meriwether,8.0
GA,,Midway,9.0
GA,,Milan,8.0
GA,,Milledgeville,8.0
GA,,Millen,8.0
GA,,Miller,9.0
GA,,Milner,9.0
GA,,Milton,7.75
GA,,Monroe,8.0
GA,,Monticello,8.0
GA,,Montrose,8.0
GA,,Morgan,8.0
GA,,Morrow,8.0
GA,,Morven,8.0
GA,,Moultrie,9.0
GA,,Mount Airy,7.0
GA,,Mount Zion,7.0
GA,,Mountain City,8.0
GA,,Murray,9.0
GA,,Muscogee Co Tsplost Tr,9.0
GA,,Nahunta,8.0
GA,,Nashville,9.0
GA,,Nelson,7.0
GA,,Newnan,8.0
GA,,Newton,8.0
GA,,Nicholls,8.0
GA,,Norcross,6.0
GA,,North High Shoals,8.0
GA,,Norwood,9.0
GA,,Oak Park,9.0
GA,,Oakwood,7.0
GA,,Ocilla,8.0
GA,,Oconee,8.0
GA,,Oconee,9.0
GA,,Odum,8.0
GA,,Offerman,8.0
GA,,Oglethorpe,9.0
GA,,Oliver,8.0
GA,,Orchard Hill,7.0
GA,,Peach,9.0
GA,,Peachtree City,7.0
GA,,Peachtree Corners,6.0
GA,,Pearson,8.0
GA,,Pelham,8.0
GA,,Pembroke,9.0
GA,,Perry,9.0
GA,,Pickens,7.0
GA,,Pine Lake,8.0
GA,,Pine Mountain,8.0
GA,,Pinehurst,8.0
GA,,Pineview,8.0
GA,,Pitts,8.0
GA,,Plainville,8.0
GA,,Polk,7.0
GA,,Portal,9.0
GA,,Porterdale,7.0
GA,,Poulan,8.0
GA,,Preston,8.0
GA,,Pulaski,9.0
GA,,Putnam Co Tsplost Tr,8.0
GA,,Quitman,8.0
GA,,Rabun,8.0
GA,,Ray City,9.0
GA,,Rayle,9.0
GA,,Rebecca,9.0
GA,,Register,9.0
GA,,Reidsville,8.0
GA,,Rentz,8.0
GA,,Rhine,8.0
GA,,Richmond Hill,9.0
GA,,Rincon,8.0
GA,,Riverdale,8.0
GA,,Rochelle,8.0
GA,,Rocky Ford,8.0
GA,,Rome,7.0
GA,,Roswell,7.75
GA,,Rutledge,8.0
GA,,Saint Marys,7.0
GA,,Sandersville,9.0
GA,,Sandy Springs,7.75
GA,,Sasser,8.0
GA,,Savannah,7.0
GA,,Savannah Convention Dist,7.0
GA,,Schley Co Tsplost Tr,9.0
GA,,Scotland,8.0
GA,,Screven,8.0
GA,,Shady Dale,8.0
GA,,Sharon,8.0
GA,,Shellman,8.0
GA,,Shiloh,8.0
GA,,Siloam,8.0
GA,,Smithville,8.0
GA,,Smyrna,6.0
GA,,Snellville,6.0
GA,,South Fulton,7.75
GA,,Spalding,7.0
GA,,Sparks,9.0
GA,,Springfield,8.0
GA,,Statesboro,9.0
GA,,Statham,8.0
GA,,Stephens,7.0
GA,,Stewart Co Tsplost Tr,8.0
GA,,Stillmore,9.0
GA,,Stockbridge,8.0
GA,,Stone Mountain,8.0
GA,,Stonecrest,8.0
GA,,Summerville,9.0
GA,,Sumter Co Tsplost Tr,8.0
GA,,Surrency,8.0
GA,,Swainsboro,9.0
GA,,Sycamore,9.0
GA,,Sylvester,8.0
GA,,Talbotton,8.0
GA,,Tallulah Falls,8.0
GA,,Talmo,8.0
GA,,Tarrytown,8.0
GA,,Tattnall,8.0
GA,,Taylor Co Tsplost Tr,8.0
GA,,Thomaston,9.0
GA,,Thomasville,8.0
GA,,Tift,8.0
GA,,Tifton,8.0
GA,,Tignall,9.0
GA,,Toccoa,7.0
GA,,Toomsboro,7.0
GA,,Trenton,7.0
GA,,Trion,9.0
GA,,Troup,7.0
GA,,Tucker,8.0
GA,,Tunnel Hill,7.0
GA,,Turin,8.0
GA,,Turner,9.0
GA,,Twin City,9.0
GA,,Ty Ty,8.0
GA,,Tybee Island,7.0
GA,,Tyrone,7.0
GA,,Unadilla,8.0
GA,,Union City,7.75
GA,,Upson,9.0
GA,,Uvalda,8.0
GA,,Valdosta,8.0
GA,,Varnell,7.0
GA,,Vernonburg,7.0
GA,,Vidalia,8.0
GA,,Villa Rica,7.0
GA,,Wadley,9.0
GA,,Waleska,7.0
GA,,Walker Co Tsplost Tr,8.0
GA,,Walthourville,9.0
GA,,Walton,7.0
GA,,Ware Co Tsplost Tr,8.0
GA,,Warm Springs,8.0
GA,,Warner Robins,7.0
GA,,Warren Co Tsplost Tr,9.0
GA,,Warrenton,9.0
GA,,Warwick,8.0
GA,,Washington,9.0
GA,,Watkinsville,8.0
GA,,Waverly Hall,8.0
GA,,Waycross,8.0
GA,,West Point,7.0
GA,,West Point,8.0
GA,,White,8.0
GA,,White Plains,8.0
GA,,Whitesburg,7.0
GA,,Wilkes,9.0
GA,,Willacoochee,8.0
GA,,Williamson,7.0
GA,,Woodbury,8.0
GA,,Woodland,8.0
GA,,Woodstock,7.0
GA,,Worth,8.0
GA,,Wrens,9.0
GA,,Yatesville,9.0
GA,,Young Harris,8.0
HI,,Hawaii,4.5
HI,,Honolulu,4.5
HI,,Kauai,4.5
HI,,Maui,4.5
IA,,Ackley,7.0
IA,,Adair,7.0
IA,,Afton,7.0
IA,,Agency,7.0
IA,,Ainsworth,7.0
IA,,Akron,7.0
IA,,Albert City,7.0
IA,,Albia,7.0
IA,,Albion,7.0
IA,,Alburnett,7.0
IA,,Alden,7.0
IA,,Alexander,7.0
IA,,Algona,7.0
IA,,Allamakee,7.0
IA,,Alleman,7.0
IA,,Allerton,7.0
IA,,Allison,7.0
IA,,Alta,7.0
IA,,Alta Vista,7.0
IA,,Alton,7.0
IA,,Altoona,7.0
IA,,Alvord,7.0
IA,,Amana Colonies,7.0
IA,,Ames,7.0
IA,,Anamosa,7.0
IA,,Andover,7.0
IA,,Andrew,7.0
IA,,Anita,7.0
IA,,Anthon,7.0
IA,,Aplington,7.0
IA,,Arcadia,7.0
IA,,Archer,7.0
IA,,Aredale,7.0
IA,,Arion,7.0
IA,,Arispe,7.0
IA,,Arlington,7.0
IA,,Armstrong,7.0
IA,,Arnolds Park,7.0
IA,,Arthur,7.0
IA,,Asbury,7.0
IA,,Aspinwall,7.0
IA,,Atalissa,7.0
IA,,Atkins,7.0
IA,,Atlantic,7.0
IA,,Auburn,7.0
IA,,Audubon,7.0
IA,,Aurelia,7.0
IA,,Aurora,7.0
IA,,Avoca,7.0
IA,,Ayrshire,7.0
IA,,Badger,7.0
IA,,Bagley,7.0
IA,,Baldwin,7.0
IA,,Balltown,7.0
IA,,Bancroft,7.0
IA,,Bankston,7.0
IA,,Barnes City,7.0
IA,,Barnum,7.0
IA,,Bassett,7.0
IA,,Batavia,7.0
IA,,Battle Creek,7.0
IA,,Baxter,7.0
IA,,Bayard,7.0
IA,,Beacon,7.0
IA,,Beaconsfield,7.0
IA,,Beaman,7.0
IA,,Beaver,7.0
IA,,Bedford,7.0
IA,,Belle Plaine,7.0
IA,,Bellevue,7.0
IA,,Belmond,7.0
IA,,Bennett,7.0
IA,,Benton,7.0
IA,,Berkley,7.0
IA,,Bernard,7.0
IA,,Bertram,7.0
IA,,Bettendorf,7.0
IA,,Bevington,7.0
IA,,Black Hawk,7.0
IA,,Blairsburg,7.0
IA,,Blairstown,7.0
IA,,Blakesburg,7.0
IA,,Blanchard,7.0
IA,,Blencoe,7.0
IA,,Bloomfield,7.0
IA,,Bode,7.0
IA,,Boone,7.0
IA,,Bouton,7.0
IA,,Boxholm,7.0
IA,,Boyden,7.0
IA,,Braddyville,7.0
IA,,Bradgate,7.0
IA,,Brandon,7.0
IA,,Brayton,7.0
IA,,Breda,7.0
IA,,Bridgewater,7.0
IA,,Brighton,7.0
IA,,Bristow,7.0
IA,,Britt,7.0
IA,,Bronson,7.0
IA,,Brooklyn,7.0
IA,,Brunsville,7.0
IA,,Buck Grove,7.0
IA,,Buffalo,7.0
IA,,Buffalo Center,7.0
IA,,Burlington,7.0
IA,,Burt,7.0
IA,,Bussey,7.0
IA,,Butler,7.0
IA,,Calamus,7.0
IA,,Callender,7.0
IA,,Calmar,7.0
IA,,Calumet,7.0
IA,,Camanche,7.0
IA,,Cambridge,7.0
IA,,Cantril,7.0
IA,,Carbon,7.0
IA,,Carpenter,7.0
IA,,Carroll,7.0
IA,,Carson,7.0
IA,,Carter Lake,7.0
IA,,Cascade,7.0
IA,,Casey,7.0
IA,,Castalia,7.0
IA,,Castana,7.0
IA,,Cedar,7.0
IA,,Cedar Falls,7.0
IA,,Cedar Rapids,7.0
IA,,Center Point,7.0
IA,,Centerville,7.0
IA,,Central City,7.0
IA,,Centralia,7.0
IA,,Chariton,7.0
IA,,Charles City,7.0
IA,,Charlotte,7.0
IA,,Charter Oak,7.0
IA,,Chatsworth,7.0
IA,,Chelsea,7.0
IA,,Cherokee,7.0
IA,,Chester,7.0
IA,,Chillicothe,7.0
IA,,Churdan,7.0
IA,,Cincinnati,7.0
IA,,Clare,7.0
IA,,Clarence,7.0
IA,,Clarion,7.0
IA,,Clarksville,7.0
IA,,Clayton,7.0
IA,,Clear Lake,7.0
IA,,Clearfield,7.0
IA,,Cleghorn,7.0
IA,,Clemons,7.0
IA,,Clermont,7.0
IA,,Clinton,7.0
IA,,Clio,7.0
IA,,Clive,7.0
IA,,Clutier,7.0
IA,,Coburg,7.0
IA,,Coggon,7.0
IA,,Coin,7.0
IA,,Colesburg,7.0
IA,,Colfax,7.0
IA,,College Springs,7.0
IA,,Collins,7.0
IA,,Colo,7.0
IA,,Columbus City,7.0
IA,,Columbus Junction,7.0
IA,,Colwell,7.0
IA,,Conesville,7.0
IA,,Conrad,7.0
IA,,Coon Rapids,7.0
IA,,Coppock,7.0
IA,,Coralville,7.0
IA,,Correctionville,7.0
IA,,Corwith,7.0
IA,,Corydon,7.0
IA,,Coulter,7.0
IA,,Council Bluffs,7.0
IA,,Crawfordsville,7.0
IA,,Crescent,7.0
IA,,Cresco,7.0
IA,,Creston,7.0
IA,,Cromwell,7.0
IA,,Crystal Lake,7.0
IA,,Cumberland,7.0
IA,,Curlew,7.0
IA,,Cushing,7.0
IA,,Cylinder,7.0
IA,,Dakota City,7.0
IA,,Dallas,7.0
IA,,Dallas Center,7.0
IA,,Dana,7.0
IA,,Danbury,7.0
IA,,Danville,7.0
IA,,Davenport,7.0
IA,,Davis,7.0
IA,,Davis City,7.0
IA,,Dayton,7.0
IA,,De Soto,7.0
IA,,Decatur City,7.0
IA,,Decorah,7.0
IA,,Dedham,7.0
IA,,Deep River,7.0
IA,,Defiance,7.0
IA,,Delaware,7.0
IA,,Delhi,7.0
IA,,Delmar,7.0
IA,,Deloit,7.0
IA,,Delphos,7.0
IA,,Denison,7.0
IA,,Denver,7.0
IA,,Derby,7.0
IA,,Des Moines,7.0
IA,,Dewitt,7.0
IA,,Dexter,7.0
IA,,Diagonal,7.0
IA,,Dickens,7.0
IA,,Dickinson,7.0
IA,,Dike,7.0
IA,,Dixon,7.0
IA,,Dolliver,7.0
IA,,Donahue,7.0
IA,,Donnellson,7.0
IA,,Doon,7.0
IA,,Dougherty,7.0
IA,,Dows,7.0
IA,,Drakesville,7.0
IA,,Dubuque,7.0
IA,,Dumont,7.0
IA,,Duncombe,7.0
IA,,Dundee,7.0
IA,,Dunkerton,7.0
IA,,Dunlap,7.0
IA,,Durant,7.0
IA,,Dyersville,7.0
IA,,Dysart,7.0
IA,,Eagle Grove,7.0
IA,,Earlham,7.0
IA,,Earling,7.0
IA,,Earlville,7.0
IA,,Early,7.0
IA,,East Peru,7.0
IA,,Eddyville,7.0
IA,,Edgewood,7.0
IA,,Elberon,7.0
IA,,Eldon,7.0
IA,,Eldora,7.0
IA,,Eldridge,7.0
IA,,Elgin,7.0
IA,,Elk Horn,7.0
IA,,Elk Run Heights,7.0
IA,,Elkader,7.0
IA,,Elkhart,7.0
IA,,Elkport,7.0
IA,,Elliott,7.0
IA,,Ellsworth,7.0
IA,,Elma,7.0
IA,,Emerson,7.0
IA,,Emmetsburg,7.0
IA,,Essex,7.0
IA,,Estherville,7.0
IA,,Everly,7.0
IA,,Exira,7.0
IA,,Exline,7.0
IA,,Fairbank,7.0
IA,,Fairfax,7.0
IA,,Fairfield,7.0
IA,,Farley,7.0
IA,,Farmersburg,7.0
IA,,Farmington,7.0
IA,,Farnhamville,7.0
IA,,Farragut,7.0
IA,,Fayette,7.0
IA,,Fenton,7.0
IA,,Ferguson,7.0
IA,,Fertile,7.0
IA,,Floris,7.0
IA,,Floyd,7.0
IA,,Fonda,7.0
IA,,Fontanelle,7.0
IA,,Forest City,7.0
IA,,Fort Atkinson,7.0
IA,,Fort Madison,7.0
IA,,Fostoria,7.0
IA,,Franklin,7.0
IA,,Fraser,7.0
IA,,Fredericksburg,7.0
IA,,Frederika,7.0
IA,,Fremont,7.0
IA,,Fruitland,7.0
IA,,Galt,7.0
IA,,Galva,7.0
IA,,Garber,7.0
IA,,Garden Grove,7.0
IA,,Garner,7.0
IA,,Garrison,7.0
IA,,Garwin,7.0
IA,,Geneva,7.0
IA,,George,7.0
IA,,Gilbertville,7.0
IA,,Gillett Grove,7.0
IA,,Gilman,7.0
IA,,Gilmore City,7.0
IA,,Gladbrook,7.0
IA,,Glenwood,7.0
IA,,Glidden,7.0
IA,,Goldfield,7.0
IA,,Goodell,7.0
IA,,Goose Lake,7.0
IA,,Gowrie,7.0
IA,,Graettinger,7.0
IA,,Grafton,7.0
IA,,Grand Junction,7.0
IA,,Grand Mound,7.0
IA,,Grand River,7.0
IA,,Grandview,7.0
IA,,Granger,7.0
IA,,Grant,7.0
IA,,Granville,7.0
IA,,Gravity,7.0
IA,,Gray,7.0
IA,,Greeley,7.0
IA,,Greene,7.0
IA,,Greene Co Unincorporated Sp,7.0
IA,,Greenfield,7.0
IA,,Greenville,7.0
IA,,Grimes,7.0
IA,,Grinnell,7.0
IA,,Griswold,7.0
IA,,Grundy Center,7.0
IA,,Guernsey,7.0
IA,,Guthrie Center,7.0
IA,,Guttenberg,7.0
IA,,Halbur,7.0
IA,,Hamburg,7.0
IA,,Hamilton,7.0
IA,,Hampton,7.0
IA,,Hancock,7.0
IA,,Harcourt,7.0
IA,,Hardin,7.0
IA,,Hardy,7.0
IA,,Harlan,7.0
IA,,Harpers Ferry,7.0
IA,,Hartford,7.0
IA,,Hartley,7.0
IA,,Hartwick,7.0
IA,,Harvey,7.0
IA,,Hastings,7.0
IA,,Havelock,7.0
IA,,Haverhill,7.0
IA,,Hawarden,7.0
IA,,Hawkeye,7.0
IA,,Hayesville,7.0
IA,,Hazleton,7.0
IA,,Henderson,7.0
IA,,Henry,7.0
IA,,Hiawatha,7.0
IA,,Hills,7.0
IA,,Hillsboro,7.0
IA,,Hinton,7.0
IA,,Holland,7.0
IA,,Holy Cross,7.0
IA,,Hopkinton,7.0
IA,,Hornick,7.0
IA,,Hospers,7.0
IA,,Houghton,7.0
IA,,Hubbard,7.0
IA,,Hudson,7.0
IA,,Hull,7.0
IA,,Humboldt,7.0
IA,,Humeston,7.0
IA,,Huxley,7.0
IA,,Ida Grove,7.0
IA,,Imogene,7.0
IA,,Independence,7.0
IA,,Indianola,7.0
IA,,Inwood,7.0
IA,,Iowa,7.0
IA,,Iowa City,7.0
IA,,Iowa Falls,7.0
IA,,Ireton,7.0
IA,,Irwin,7.0
IA,,Jamaica,7.0
IA,,Janesville,7.0
IA,,Jasper,7.0
IA,,Jefferson,7.0
IA,,Jesup,7.0
IA,,Jewell Junction,7.0
IA,,Johnston,7.0
IA,,Joice,7.0
IA,,Jolley,7.0
IA,,Jones,7.0
IA,,Kalona,7.0
IA,,Kamrar,7.0
IA,,Kanawha,7.0
IA,,Kellerton,7.0
IA,,Kelley,7.0
IA,,Kellogg,7.0
IA,,Kensett,7.0
IA,,Keokuk,7.0
IA,,Keosauqua,7.0
IA,,Keystone,7.0
IA,,Kimballton,7.0
IA,,Kingsley,7.0
IA,,Kirkman,7.0
IA,,Kirkville,7.0
IA,,Kiron,7.0
IA,,Klemme,7.0
IA,,Knierim,7.0
IA,,Knoxville,7.0
IA,,La Motte,7.0
IA,,La Porte City,7.0
IA,,Lacona,7.0
IA,,Ladora,7.0
IA,,Lake City,7.0
IA,,Lake Mills,7.0
IA,,Lake Park,7.0
IA,,Lake View,7.0
IA,,Lakeside,7.0
IA,,Lakota,7.0
IA,,Lamoni,7.0
IA,,Lamont,7.0
IA,,Lanesboro,7.0
IA,,Larchwood,7.0
IA,,Larrabee,7.0
IA,,Laurel,7.0
IA,,Laurens,7.0
IA,,Lawler,7.0
IA,,Lawton,7.0
IA,,Le Claire,7.0
IA,,Ledyard,7.0
IA,,Lee,7.0
IA,,Lehigh,7.0
IA,,Leighton,7.0
IA,,Leland,7.0
IA,,Lenox,7.0
IA,,Leon,7.0
IA,,Lester,7.0
IA,,Lewis,7.0
IA,,Libertyville,7.0
IA,,Lidderdale,7.0
IA,,Lime Springs,7.0
IA,,Lincoln,7.0
IA,,Linden,7.0
IA,,Lineville,7.0
IA,,Linn,7.0
IA,,Linn Grove,7.0
IA,,Lisbon,7.0
IA,,Liscomb,7.0
IA,,Little Rock,7.0
IA,,Little Sioux,7.0
IA,,Livermore,7.0
IA,,Lockridge,7.0
IA,,Logan,7.0
IA,,Lohrville,7.0
IA,,Lone Rock,7.0
IA,,Lone Tree,7.0
IA,,Long Grove,7.0
IA,,Lorimor,7.0
IA,,Lost Nation,7.0
IA,,Lovilia,7.0
IA,,Lowden,7.0
IA,,Lu Verne,7.0
IA,,Luana,7.0
IA,,Lucas,7.0
IA,,Luther,7.0
IA,,Luxemburg,7.0
IA,,Luzerne,7.0
IA,,Lynnville,7.0
IA,,Lyon,7.0
IA,,Lytton,7.0
IA,,Macedonia,7.0
IA,,Macksburg,7.0
IA,,Magnolia,7.0
IA,,Mahaska,7.0
IA,,Mallard,7.0
IA,,Maloy,7.0
IA,,Malvern,7.0
IA,,Manilla,7.0
IA,,Manly,7.0
IA,,Manson,7.0
IA,,Mapleton,7.0
IA,,Marathon,7.0
IA,,Marble Rock,7.0
IA,,Marcus,7.0
IA,,Marengo,7.0
IA,,Marion,7.0
IA,,Marne,7.0
IA,,Marquette,7.0
IA,,Marshall,7.0
IA,,Marshalltown,7.0
IA,,Martelle,7.0
IA,,Martensdale,7.0
IA,,Martinsburg,7.0
IA,,Mason City,7.0
IA,,Masonville,7.0
IA,,Massena,7.0
IA,,Matlock,7.0
IA,,Maurice,7.0
IA,,Maxwell,7.0
IA,,Maynard,7.0
IA,,Mccallsburg,7.0
IA,,Mccausland,7.0
IA,,Mcclelland,7.0
IA,,Mcintire,7.0
IA,,Mechanicsville,7.0
IA,,Mediapolis,7.0
IA,,Melbourne,7.0
IA,,Melcher-Dallas,7.0
IA,,Melrose,7.0
IA,,Menlo,7.0
IA,,Meriden,7.0
IA,,Merrill,7.0
IA,,Meservey,7.0
IA,,Middletown,7.0
IA,,Miles,7.0
IA,,Millersburg,7.0
IA,,Millerton,7.0
IA,,Mills,7.0
IA,,Milo,7.0
IA,,Milton,7.0
IA,,Minburn,7.0
IA,,Minden,7.0
IA,,Mingo,7.0
IA,,Missouri Valley,7.0
IA,,Mitchell,7.0
IA,,Mitchellville,7.0
IA,,Modale,7.0
IA,,Mondamin,7.0
IA,,Monmouth,7.0
IA,,Monona,7.0
IA,,Monroe,7.0
IA,,Montezuma,7.0
IA,,Monticello,7.0
IA,,Montour,7.0
IA,,Montrose,7.0
IA,,Moorhead,7.0
IA,,Moorland,7.0
IA,,Moravia,7.0
IA,,Morley,7.0
IA,,Morning Sun,7.0
IA,,Morrison,7.0
IA,,Moulton,7.0
IA,,Mount Auburn,7.0
IA,,Mount Ayr,7.0
IA,,Mount Union,7.0
IA,,Mount Vernon,7.0
IA,,Moville,7.0
IA,,Murray,7.0
IA,,Muscatine,7.0
IA,,Mystic,7.0
IA,,Nashua,7.0
IA,,Nemaha,7.0
IA,,Neola,7.0
IA,,Nevada,7.0
IA,,New Albin,7.0
IA,,New Hampton,7.0
IA,,New Hartford,7.0
IA,,New Liberty,7.0
IA,,New London,7.0
IA,,New Market,7.0
IA,,New Providence,7.0
IA,,New Sharon,7.0
IA,,New Vienna,7.0
IA,,New Virginia,7.0
IA,,Newell,7.0
IA,,Newhall,7.0
IA,,Newton,7.0
IA,,Nichols,7.0
IA,,Nodaway,7.0
IA,,Nora Springs,7.0
IA,,North Buena Vista,7.0
IA,,North English,7.0
IA,,Northboro,7.0
IA,,Northwood,7.0
IA,,Norway,7.0
IA,,O'brien,7.0
IA,,Oakland,7.0
IA,,Oakville,7.0
IA,,Ocheyedan,7.0
IA,,Odebolt,7.0
IA,,Oelwein,7.0
IA,,Ogden,7.0
IA,,Olds,7.0
IA,,Olin,7.0
IA,,Onawa,7.0
IA,,Onslow,7.0
IA,,Orchard,7.0
IA,,Orient,7.0
IA,,Orleans,7.0
IA,,Osage,7.0
IA,,Osceola,7.0
IA,,Ossian,7.0
IA,,Otho,7.0
IA,,Oto,7.0
IA,,Ottosen,7.0
IA,,Ottumwa,7.0
IA,,Oxford Junction,7.0
IA,,Oyens,7.0
IA,,Packwood,7.0
IA,,Palmer,7.0
IA,,Panama,7.0
IA,,Panora,7.0
IA,,Parkersburg,7.0
IA,,Parnell,7.0
IA,,Paton,7.0
IA,,Paullina,7.0
IA,,Pella,7.0
IA,,Persia,7.0
IA,,Peterson,7.0
IA,,Pierson,7.0
IA,,Pisgah,7.0
IA,,Plainfield,7.0
IA,,Plano,7.0
IA,,Pleasantville,7.0
IA,,Plover,7.0
IA,,Plymouth,7.0
IA,,Pocahontas,7.0
IA,,Polk,6.0
IA,,Pomeroy,7.0
IA,,Popejoy,7.0
IA,,Portsmouth,7.0
IA,,Postville,7.0
IA,,Pottawattamie,7.0
IA,,Poweshiek,7.0
IA,,Prairie City,7.0
IA,,Prairieburg,7.0
IA,,Prescott,7.0
IA,,Preston,7.0
IA,,Primghar,7.0
IA,,Princeton,7.0
IA,,Promise City,7.0
IA,,Protivin,7.0
IA,,Pulaski,7.0
IA,,Quasqueton,7.0
IA,,Quimby,7.0
IA,,Radcliffe,7.0
IA,,Rake,7.0
IA,,Ralston,7.0
IA,,Randalia,7.0
IA,,Randall,7.0
IA,,Randolph,7.0
IA,,Readlyn,7.0
IA,,Reasnor,7.0
IA,,Red Oak,7.0
IA,,Redfield,7.0
IA,,Rembrandt,7.0
IA,,Remsen,7.0
IA,,Renwick,7.0
IA,,Rhodes,7.0
IA,,Riceville,7.0
IA,,Richland,7.0
IA,,Ricketts,7.0
IA,,Ridgeway,7.0
IA,,Ringsted,7.0
IA,,Rippey,7.0
IA,,Riverside,7.0
IA,,Riverton,7.0
IA,,Rock Falls,7.0
IA,,Rock Valley,7.0
IA,,Rockford,7.0
IA,,Rockwell,7.0
IA,,Rockwell City,7.0
IA,,Rodney,7.0
IA,,Roland,7.0
IA,,Rose Hill,7.0
IA,,Rossie,7.0
IA,,Rowan,7.0
IA,,Rowley,7.0
IA,,Rudd,7.0
IA,,Runnells,7.0
IA,,Russell,7.0
IA,,Ruthven,7.0
IA,,Ryan,7.0
IA,,Sabula,7.0
IA,,Sac City,7.0
IA,,Saint Ansgar,7.0
IA,,Saint Anthony,7.0
IA,,Saint Charles,7.0
IA,,Saint Donatus,7.0
IA,,Saint Lucas,7.0
IA,,Saint Marys,7.0
IA,,Saint Olaf,7.0
IA,,Saint Paul,7.0
IA,,Salem,7.0
IA,,Salix,7.0
IA,,Sanborn,7.0
IA,,Scarville,7.0
IA,,Schaller,7.0
IA,,Schleswig,7.0
IA,,Sergeant Bluff,7.0
IA,,Seymour,7.0
IA,,Shambaugh,7.0
IA,,Shannon City,7.0
IA,,Sharpsburg,7.0
IA,,Sheffield,7.0
IA,,Shelby,7.0
IA,,Sheldahl,7.0
IA,,Sheldon,7.0
IA,,Shell Rock,7.0
IA,,Shellsburg,7.0
IA,,Shenandoah,7.0
IA,,Shueyville,7.0
IA,,Sidney,7.0
IA,,Silver City,7.0
IA,,Sioux,7.0
IA,,Sioux Center,7.0
IA,,Sioux City,7.0
IA,,Sioux Rapids,7.0
IA,,Smithland,7.0
IA,,Soldier,7.0
IA,,Solon,7.0
IA,,South English,7.0
IA,,Spillville,7.0
IA,,Spragueville,7.0
IA,,Springbrook,7.0
IA,,Springville,7.0
IA,,Stacyville,7.0
IA,,Stanhope,7.0
IA,,Stanley,7.0
IA,,Stanton,7.0
IA,,Stanwood,7.0
IA,,Steamboat Rock,7.0
IA,,Stockport,7.0
IA,,Stockton,7.0
IA,,Story,7.0
IA,,Story City,7.0
IA,,Stout,7.0
IA,,Stratford,7.0
IA,,Strawberry Point,7.0
IA,,Stuart,7.0
IA,,Sully,7.0
IA,,Superior,7.0
IA,,Sutherland,7.0
IA,,Swaledale,7.0
IA,,Swea City,7.0
IA,,Tabor,7.0
IA,,Tama,7.0
IA,,Terril,7.0
IA,,Thayer,7.0
IA,,Thompson,7.0
IA,,Thor,7.0
IA,,Thornburg,7.0
IA,,Thornton,7.0
IA,,Thurman,7.0
IA,,Tiffin,7.0
IA,,Tingley,7.0
IA,,Tipton,7.0
IA,,Titonka,7.0
IA,,Traer,7.0
IA,,Treynor,7.0
IA,,Tripoli,7.0
IA,,Truesdale,7.0
IA,,Truro,7.0
IA,,Udell,7.0
IA,,Underwood,7.0
IA,,Union,7.0
IA,,Unionville,7.0
IA,,University Park,7.0
IA,,Urbana,7.0
IA,,Urbandale,7.0
IA,,Vail,7.0
IA,,Van Buren,7.0
IA,,Van Horne,7.0
IA,,Van Meter,7.0
IA,,Van Wert,7.0
IA,,Varina,7.0
IA,,Ventura,7.0
IA,,Victor,7.0
IA,,Vincent,7.0
IA,,Vining,7.0
IA,,Vinton,7.0
IA,,Volga,7.0
IA,,Wadena,7.0
IA,,Walcott,7.0
IA,,Walford,7.0
IA,,Walker,7.0
IA,,Wall Lake,7.0
IA,,Wallingford,7.0
IA,,Walnut,7.0
IA,,Warren,7.0
IA,,Washington,7.0
IA,,Washta,7.0
IA,,Waterloo,7.0
IA,,Waterville,7.0
IA,,Waukee,7.0
IA,,Waukon,7.0
IA,,Waverly,7.0
IA,,Webb,7.0
IA,,Webster,7.0
IA,,Webster City,7.0
IA,,Weldon,7.0
IA,,Wellman,7.0
IA,,Wellsburg,7.0
IA,,Welton,7.0
IA,,Wesley,7.0
IA,,West Bend,7.0
IA,,West Burlington,7.0
IA,,West Chester,7.0
IA,,West Des Moines,7.0
IA,,West Liberty,7.0
IA,,West Okoboji,7.0
IA,,West Point,7.0
IA,,West Union,7.0
IA,,Westfield,7.0
IA,,Westgate,7.0
IA,,Westphalia,7.0
IA,,Westside,7.0
IA,,Westwood,7.0
IA,,Wheatland,7.0
IA,,Whiting,7.0
IA,,Whittemore,7.0
IA,,Whitten,7.0
IA,,Williams,7.0
IA,,Williamsburg,7.0
IA,,Williamson,7.0
IA,,Wilton,7.0
IA,,Windsor Heights,7.0
IA,,Winfield,7.0
IA,,Winnebago Tribe Of Nebraska,7.0
IA,,Winterset,7.0
IA,,Winthrop,7.0
IA,,Wiota,7.0
IA,,Woden,7.0
IA,,Woodbine,7.0
IA,,Woodburn,7.0
IA,,Woodbury,7.0
IA,,Woodward,7.0
IA,,Woolstock,7.0
IA,,Worthington,7.0
IA,,Wyoming,7.0
IA,,Yale,7.0
IA,,Yorktown,7.0
IA,,Zearing,7.0
IA,,Zwingle,7.0
ID,,Acequia,6.0
ID,,Ada,6.0
ID,,Adams,6.0
ID,,American Falls,6.0
ID,,Athol,6.0
ID,,Bannock,6.0
ID,,Basalt,6.0
ID,,Bear Lake,6.0
ID,,Benewah,6.0
ID,,Bingham,6.0
ID,,Blaine,6.0
ID,,Bliss,6.0
ID,,Boise,6.0
ID,,Boise Auditorium District Sp,6.0
ID,,Bonner,6.0
ID,,Bonners Ferry,7.0
ID,,Bonneville,6.0
ID,,Boundary,6.0
ID,,Bovill,6.0
ID,,Buhl,6.0
ID,,Butte,6.0
ID,,Caldwell,6.0
ID,,Camas,6.0
ID,,Cambridge,6.0
ID,,Canyon,6.0
ID,,Caribou,6.0
ID,,Cascade,7.0
ID,,Cassia,6.0
ID,,Castleford,6.0
ID,,Chubbuck,6.0
ID,,Clark,6.0
ID,,Clearwater,6.0
ID,,Coeur D'alene,6.0
ID,,Cottonwood,6.0
ID,,Craigmont,6.0
ID,,Culdesac,6.0
ID,,Custer,6.0
ID,,Dietrich,6.0
ID,,Donnelly In City Sales,7.0
ID,,Driggs,6.5
ID,,Eden,6.0
ID,,Elmore,6.0
ID,,Emmett,6.0
ID,,Ferdinand,6.0
ID,,Filer,6.0
ID,,Franklin,6.0
ID,,Fremont,6.0
ID,,Fruitland,6.0
ID,,Gem,6.0
ID,,Genesee,6.0
ID,,Gooding,6.0
ID,,Grand View,6.0
ID,,Grangeville,6.0
ID,,Hamer,6.0
ID,,Hansen,6.0
ID,,Harrison,7.0
ID,,Hauser,6.0
ID,,Hayden,6.0
ID,,Hazelton,6.0
ID,,Heyburn,6.0
ID,,Homedale,6.0
ID,,Idaho,6.0
ID,,Idaho Falls Auditorium District Sp,6.0
ID,,Jefferson,6.0
ID,,Jerome,6.0
ID,,Juliaetta,6.0
ID,,Kendrick,6.0
ID,,Ketchum,8.0
ID,,Kootenai,6.0
ID,,Lapwai,6.0
ID,,Latah,6.0
ID,,Lava Hot Springs,8.0
ID,,Leadore,6.0
ID,,Lemhi,6.0
ID,,Lewis,6.0
ID,,Lewiston,6.0
ID,,Lincoln,6.0
ID,,Madison,6.0
ID,,Malad City,6.0
ID,,Marsing,6.0
ID,,Meridian,6.0
ID,,Midvale,6.0
ID,,Minidoka,6.0
ID,,Moscow,6.0
ID,,Mountain Community Center District,6.0
ID,,Mullan,6.0
ID,,Murtaugh,6.0
ID,,Nampa,6.0
ID,,Nampa Auditorium  District,6.0
ID,,Nez Perce,6.0
ID,,Oneida,6.0
ID,,Osburn,6.0
ID,,Owyhee,6.0
ID,,Payette,6.0
ID,,Pinehurst,6.0
ID,,Pocatello,6.0
ID,,Ponderay,7.0
ID,,Post Falls,6.0
ID,,Power,6.0
ID,,Rexburg,6.0
ID,,Riggins,7.0
ID,,Salmon,6.0
ID,,Shoshone,6.0
ID,,Spencer,6.0
ID,,Stanley,8.5
ID,,Sun Valley,9.0
ID,,Swan Valley,7.0
ID,,Teton,6.0
ID,,Tetonia,6.5
ID,,Twin Falls,6.0
ID,,Ucon,6.0
ID,,Valley,6.0
ID,,Victor,7.0
ID,,Warm River,6.0
ID,,Washington,6.0
IL,,Adams,6.5
IL,,Addison,9.0
IL,,Alexander,6.25
IL,,Algonquin,8.5
IL,,Alsey,7.25
IL,,Alsip,10.25
IL,,Altamont Business District Sp,7.5
IL,,Alton,8.85
IL,,Altona,8.75
IL,,Anna,9.5
IL,,Antioch,9.25
IL,,Arcola,8.75
IL,,Arlington,8.25
IL,,Arlington Heights,10.25
IL,,Ashley,7.25
IL,,Assumption,8.25
IL,,Athens,8.75
IL,,Atlanta,9.25
IL,,Atwood Business District Sp,8.25
IL,,Aurora,8.5
IL,,Aurora,9.0
IL,,Bardolph,8.0
IL,,Barrington,8.25
IL,,Barrington,10.25
IL,,Bartlett,9.0
IL,,Bartlett,11.0
IL,,Bartonville Business Development District No. 1,10.0
IL,,Batavia,8.75
IL,,Bedford Park,10.25
IL,,Beecher,8.25
IL,,Belleville Shopland Plaza Bd Sp,9.1
IL,,Belleville/Carlyle/Green Mt Bus,9.1
IL,,Belleville/Frank Scott Pky Bus,9.1
IL,,Benld,8.25
IL,,Bensenville,8.25
IL,,Benton,9.5
IL,,Berwyn,11.0
IL,,Bethalto,7.85
IL,,Bishop Hill,7.75
IL,,Bloomingdale,7.75
IL,,Bloomingdale/Stratford Sq Bus Dist,8.75
IL,,Bloomington,9.75
IL,,Blue Island Western Avenue Bdd Sp,11.25
IL,,Bolingbrook,8.75
IL,,Bond,7.25
IL,,Boone,7.75
IL,,Bourbonnais,7.25
IL,,Bradley,8.25
IL,,Bradley State Route 50/Larry Power Road Business District Sp,8.25
IL,,Breese Janson Ford Business District,7.25
IL,,Bridgeview,10.25
IL,,Brighton Central Bd Sp,9.0
IL,,Broadview,10.25
IL,,Brookport Business District,7.25
IL,,Brown,7.5
IL,,Buffalo Grove,8.25
IL,,Buffalo Grove,10.25
IL,,Bull Valley,8.5
IL,,Bunker Hill,8.25
IL,,Bureau,7.25
IL,,Bureau Junction,8.25
IL,,Burr Ridge,10.5
IL,,Bushnell,8.5
IL,,Byron,7.25
IL,,Cairo,7.25
IL,,Calhoun,8.0
IL,,Calumet City,11.25
IL,,Calumet City Sibley/East End Avenue Bdd,12.25
IL,,Cambria,7.25
IL,,Campton Hills,7.25
IL,,Canton,9.75
IL,,Carbon Cliff,8.25
IL,,Carbondale,9.75
IL,,Carlinville Plaza Business District Sp,9.25
IL,,Carlock,8.25
IL,,Carmi,8.0
IL,,Carol Stream,8.25
IL,,Carpentersville,9.25
IL,,Carroll,6.5
IL,,Carthage,6.75
IL,,Casey,8.25
IL,,Cass,8.25
IL,,Cedar Point,7.5
IL,,Cedarville,6.75
IL,,Centralia,8.5
IL,,Cerro Gordo Business District Sp,8.25
IL,,Champaign,7.5
IL,,Champaign,9.25
IL,,Channahon,7.25
IL,,Channahon,8.25
IL,,Charleston,8.25
IL,,Chatham,8.75
IL,,Chatsworth,8.25
IL,,Chenoa,8.75
IL,,Cherry Valley,8.75
IL,,Cherry Valley Cherryvale Mall Area Business District,9.75
IL,,Chester,7.25
IL,,Chicago,10.5
IL,,Chicago Heights,10.25
IL,,Chicago Metro Pier And Exposition Authority District,10.5
IL,,Chicago Midway International Airport,10.5
IL,,Chicago O'hare International Airport,10.5
IL,,Chicago Ridge,10.75
IL,,Chicago Tourism Improvement District,10.5
IL,,Christian,7.25
IL,,Christopher,8.25
IL,,Cicero,11.0
IL,,Clark,7.25
IL,,Clay,6.75
IL,,Clay City,7.75
IL,,Clinton,6.25
IL,,Clinton,7.25
IL,,Coffeen,8.25
IL,,Coles,7.25
IL,,Colfax Business Development District No. 1,9.25
IL,,Collinsville,8.85
IL,,Collinsville Southwest Corridor Bd Sp,9.85
IL,,Colona,8.75
IL,,Columbia Route 3/I-255 Business District,8.5
IL,,Country Club Hills,10.5
IL,,Crawford,6.25
IL,,Creston,6.25
IL,,Crestwood,10.25
IL,,Creve Coeur Business Development District No. 1,8.75
IL,,Crystal Lake,8.75
IL,,Cuba,8.25
IL,,Cumberland,7.25
IL,,Dakota,7.75
IL,,Danvers Downtown Bd Sp,9.25
IL,,Danville,9.25
IL,,De Land,8.25
IL,,De Witt,6.25
IL,,Decatur,9.25
IL,,Deer Creek,9.25
IL,,Deer Park,10.25
IL,,Deerfield,10.25
IL,,Dekalb,6.25
IL,,Dekalb,8.0
IL,,Depue,8.25
IL,,Des Plaines,10.25
IL,,Divernon,9.75
IL,,Dix,7.75
IL,,Dixon,8.25
IL,,Dolton,10.0
IL,,Douglas,7.25
IL,,Dover,8.25
IL,,Dowell,8.25
IL,,Downers Grove,8.75
IL,,Downs,8.25
IL,,Du Quoin Business District Sp,9.75
IL,,Dupo Bd Sp,8.35
IL,,Durand,8.75
IL,,Dwight Business Development District No. 1,9.25
IL,,Eagarville,7.25
IL,,East Dubuque,7.75
IL,,East Dundee,11.25
IL,,East Moline,8.5
IL,,East Moline Bend Bd Sp,8.75
IL,,East Peoria,8.5
IL,,East Peoria Target Area Business District Sp,9.5
IL,,East Saint Louis,8.85
IL,,East Saint Louis State Street Business District Sp,9.85
IL,,Edgar,8.25
IL,,Edgewood,7.5
IL,,Edwards,7.25
IL,,Edwardsville,7.6
IL,,Effingham,6.5
IL,,Effingham,7.5
IL,,Effingham,8.5
IL,,Elburn,8.25
IL,,Elgin,8.75
IL,,Elizabeth Route 20 Business District Sp,7.75
IL,,Elk Grove Village,10.25
IL,,Elmhurst,10.75
IL,,Elmwood Park,11.25
IL,,Elmwood Park Harlem Ave North Ave Business District Sp,11.25
IL,,Elsah,9.0
IL,,Energy Bd,9.25
IL,,Erie,8.75
IL,,Evanston,10.5
IL,,Evergreen Park Place Business District Sp,11.25
IL,,Fairfield,8.0
IL,,Fairview Heights Lincoln Highway And 159 Business District,9.35
IL,,Farmer City Business District,8.25
IL,,Farmersville,8.25
IL,,Fayette,7.25
IL,,Ferris,6.25
IL,,Fidelity,8.0
IL,,Findlay,8.25
IL,,Flora,7.75
IL,,Ford,6.25
IL,,Forreston Routes 26 72 Forreston Downtown Bd Sp,7.25
IL,,Fox Lake Central Bd Sp,8.75
IL,,Fox Lake South Bd Sp,8.75
IL,,Fox River Grove,8.5
IL,,Franklin,7.25
IL,,Freeburg,7.35
IL,,Freeport,9.0
IL,,Fulton,7.75
IL,,Fulton,8.5
IL,,Galena,8.25
IL,,Galesburg,9.0
IL,,Galesburg North Seminary Street Business District Sp,10.0
IL,,Gallatin,7.25
IL,,Geneseo,8.25
IL,,Georgetown Bd Sp,7.5
IL,,Germantown Crossing Bd Sp,9.25
IL,,Gilberts,8.25
IL,,Gillespie,8.25
IL,,Girard,8.25
IL,,Glen Carbon,8.85
IL,,Glen Ellyn,8.5
IL,,Glencoe,10.25
IL,,Glendale Heights,8.75
IL,,Glenview,10.0
IL,,Glenview Chestnut-Waukegan Business District Sp,11.0
IL,,Glenwood,11.25
IL,,Grafton,10.0
IL,,Granite City,8.35
IL,,Granite City,9.35
IL,,Grant Park,7.25
IL,,Granville Bd,7.25
IL,,Grayville Business District,8.25
IL,,Green Oaks,8.25
IL,,Green Valley,7.75
IL,,Greene,7.25
IL,,Greenfield,8.25
IL,,Greenup,7.75
IL,,Greenville,8.75
IL,,Grundy,6.25
IL,,Gurnee,8.75
IL,,Hamel,7.85
IL,,Hamilton,8.25
IL,,Hampton,7.75
IL,,Hanaford,7.25
IL,,Hancock,6.25
IL,,Hanna City,8.25
IL,,Hanover Park,10.25
IL,,Hardin,8.25
IL,,Hardin Riverfront Business District,9.0
IL,,Harrisburg,9.0
IL,,Harristown,8.75
IL,,Hartsburg,9.25
IL,,Harvard,8.5
IL,,Harvey,10.75
IL,,Harvey,11.75
IL,,Havana,8.75
IL,,Hawthorn Woods,8.25
IL,,Henderson,7.25
IL,,Henning,6.5
IL,,Henry,7.75
IL,,Herrin,9.25
IL,,Herscher,7.25
IL,,Heyworth Bdd No 1 Sp,9.25
IL,,Hickory Hills,10.25
IL,,Highland Bd A Sp,8.85
IL,,Highwood,9.25
IL,,Hillsboro Bd Sp,9.25
IL,,Hillside,10.25
IL,,Hinckley,7.25
IL,,Hinsdale,8.25
IL,,Hinsdale,10.25
IL,,Hoffman Estates,10.25
IL,,Homer,8.5
IL,,Hooppole,7.75
IL,,Hopkins Park,8.25
IL,,Hudson,8.25
IL,,Hurst,8.25
IL,,Illiopolis Bd Sp,8.75
IL,,Iroquois,6.5
IL,,Jackson,7.25
IL,,Jacksonville,8.0
IL,,Jasper,7.25
IL,,Jefferson,6.75
IL,,Jersey,8.0
IL,,Jerseyville,8.5
IL,,Jo Daviess,7.25
IL,,Johnsburg,8.5
IL,,Johnson,7.75
IL,,Johnston City,8.75
IL,,Joliet,9.0
IL,,Joliet Rt53 Laraway Bd Sp,10.0
IL,,Kaneville,7.25
IL,,Kankakee,6.25
IL,,Kankakee,8.25
IL,,Keensburg,7.25
IL,,Kendall,7.25
IL,,Kenilworth,10.25
IL,,Kewanee,8.75
IL,,Keyesport,7.75
IL,,Kingston Mines,7.25
IL,,Knox,7.75
IL,,Knoxville,8.75
IL,,La Grange Park 31st Street Maple Avenue Bd Sp,10.25
IL,,La Salle,6.5
IL,,La Salle,7.5
IL,,Ladd,8.25
IL,,Lake Forest,8.25
IL,,Lake Villa Downtown Bd Sp,9.25
IL,,Lakemoor,8.25
IL,,Lansing,9.75
IL,,Lawrence,7.25
IL,,Lebanon,8.85
IL,,Lee,7.75
IL,,Lemont,10.25
IL,,Lena,7.75
IL,,Leroy,9.25
IL,,Lexington,8.25
IL,,Libertyville,8.75
IL,,Lima,6.5
IL,,Lincoln,8.75
IL,,Lincolnwood,10.5
IL,,Litchfield Business District,9.25
IL,,Liverpool,7.75
IL,,Livingston,7.25
IL,,Livingston,7.6
IL,,Logan,8.25
IL,,Lombard,9.25
IL,,Long Grove Rte 83 Bd Sp,9.25
IL,,Louisville Business District,7.75
IL,,Loves Park,8.75
IL,,Loves Park,9.75
IL,,Lyons,10.25
IL,,Machesney Park,8.75
IL,,Machesney Park Perryville - Route 173 Business District,9.75
IL,,Mackinaw First St. Industrial Park,7.75
IL,,Macomb Business Development District No. 1,10.0
IL,,Macon,7.75
IL,,Macon Inside Macon Bd Sp,8.75
IL,,Macoupin,7.25
IL,,Madison,6.6
IL,,Maeystown,7.5
IL,,Mahomet Business District,8.5
IL,,Malden,8.25
IL,,Manchester,7.25
IL,,Manlius,7.75
IL,,Maple Park,8.25
IL,,Mapleton,8.25
IL,,Marengo,8.5
IL,,Marine,6.85
IL,,Marion,7.5
IL,,Marion,9.5
IL,,Marion,10.0
IL,,Mark,6.25
IL,,Maroa Bd Sp,8.75
IL,,Marseilles,7.5
IL,,Marshall,6.25
IL,,Maryville Business District,8.85
IL,,Mascoutah,8.6
IL,,Mason,7.25
IL,,Massac,6.25
IL,,Matteson,10.25
IL,,Mattoon Remington Road Tif,8.75
IL,,Maunie,7.25
IL,,Mcdonough,8.0
IL,,Mclean,7.25
IL,,Mclean,8.75
IL,,Medora,8.0
IL,,Melrose Park,10.75
IL,,Menard,8.25
IL,,Mercer,7.25
IL,,Metro-East Mass Transit District,6.85
IL,,Metro-East Mass Transit District,7.35
IL,,Metro-East Mass Transit District,8.1
IL,,Metro-East Mass Transit District,8.35
IL,,Metro-East Mass Transit District,9.35
IL,,Metropolis Interstate North Business District,8.25
IL,,Midlothian,10.25
IL,,Mill Creek,8.5
IL,,Millbrook,7.25
IL,,Millington,7.25
IL,,Millstadt Mkt Place Bd Sp,7.6
IL,,Milton,7.75
IL,,Moline,8.5
IL,,Moline Avenue Of The Cities 27th Street Bd,9.5
IL,,Monmouth,11.0
IL,,Monroe,7.5
IL,,Montgomery,7.25
IL,,Montgomery,8.25
IL,,Monticello,8.25
IL,,Montrose Business District,7.5
IL,,Morgan,7.25
IL,,Morrison,8.75
IL,,Morton Business Dist Sp,7.75
IL,,Morton Grove,10.5
IL,,Morton Grove Dempster Waukegan Business District,10.75
IL,,Mounds,7.25
IL,,Mount Carmel,8.25
IL,,Mount Carroll Dntn Bd  Sp,7.5
IL,,Mount Prospect Bd Sp,10.5
IL,,Mount Pulaski Inside Mountain Pulaski Bd Sp,9.25
IL,,Mount Vernon,9.5
IL,,Mount Zion,8.75
IL,,Moweaqua Business District Sp,8.25
IL,,Muddy,8.0
IL,,Mundelein,8.5
IL,,Murphysboro,9.75
IL,,Naperville,8.0
IL,,Naperville,9.0
IL,,Naperville Downtown Food & Beverage Dist,8.0
IL,,Nason,6.75
IL,,Nauvoo,7.0
IL,,Neponset,8.25
IL,,New Athens Bus Dist Sp,8.1
IL,,New Baden Business District 11 Sp,8.85
IL,,New Bedford,7.25
IL,,New Lenox,9.75
IL,,Newman,8.25
IL,,Niles,10.5
IL,,Nokomis Bd Sp,9.25
IL,,Nora,7.25
IL,,Normal,9.75
IL,,Norridge,10.75
IL,,Norridge,11.75
IL,,North Chicago,8.25
IL,,North City,7.25
IL,,Northbrook,10.25
IL,,O Fallon,8.35
IL,,O Fallon Park Place Business District,9.35
IL,,Oak Lawn,10.5
IL,,Oak Park,10.25
IL,,Oakbrook Terrace Sq Bd Sp,9.25
IL,,Oakwood,7.5
IL,,Ogden,8.5
IL,,Ogle,6.25
IL,,Oglesby,7.0
IL,,Ohlman,7.25
IL,,Olney,8.75
IL,,Olympia Fields,10.25
IL,,Oregon,7.25
IL,,Orland Park,10.5
IL,,Oswego,8.5
IL,,Ottawa,7.5
IL,,Palatine,10.25
IL,,Palos Heights,10.25
IL,,Palos Park,10.25
IL,,Pana Inside Pana Downtown Bd Sp,8.25
IL,,Papineau,6.5
IL,,Paris,8.75
IL,,Park Forest,10.25
IL,,Pecatonica,8.75
IL,,Pekin,9.5
IL,,Peoria,7.25
IL,,Peoria,9.0
IL,,Peoria,10.0
IL,,Peoria Glen Hollow Business District,10.0
IL,,Peoria Heights Bdd No 1 Sp,9.75
IL,,Peoria Hosp Imp Zon Bd Sp,10.0
IL,,Peotone,8.25
IL,,Perry,7.75
IL,,Petersburg Bd Sp,8.75
IL,,Piatt,7.25
IL,,Pike,7.75
IL,,Pinckneyville Bus Dist,8.75
IL,,Pittsburg,8.25
IL,,Plainfield,8.75
IL,,Pleasant Plains,8.75
IL,,Pocahontas,8.25
IL,,Pontiac,8.25
IL,,Pontiac Vermillion Plaza Business District Sp,8.25
IL,,Pope,6.25
IL,,Potomac,7.5
IL,,Princeton Business District No. 1,8.5
IL,,Prospect Heights,10.25
IL,,Pulaski,6.25
IL,,Putnam,6.25
IL,,Quincy,8.0
IL,,Quincy,9.0
IL,,Quincy 54th Street Business District,9.0
IL,,Radom,6.25
IL,,Ramsey Bd Sp,8.25
IL,,Randolph,7.25
IL,,Rantoul,9.0
IL,,Rapids City,8.25
IL,,Raymond Business District Sp,8.25
IL,,Redmon,8.25
IL,,Regional Transport. Authority (Rta),7.25
IL,,Regional Transport. Authority (Rta),7.5
IL,,Regional Transport. Authority (Rta),9.25
IL,,Regional Transport. Authority (Rta),10.75
IL,,Richland,7.75
IL,,Richmond,8.5
IL,,Richton Park,10.25
IL,,Richton Park Sauk Trail Bd Sp,11.25
IL,,River Grove,11.25
IL,,Riverside,11.25
IL,,Roanoke,9.25
IL,,Robbins,10.75
IL,,Rock Falls,8.75
IL,,Rock Island,7.25
IL,,Rock Island,8.5
IL,,Rock Island Parkway I-280 Business District,9.5
IL,,Rockford,8.75
IL,,Rockton Blackhawk Boulevard And Main Street Business District Sp,8.75
IL,,Rolling Meadows,10.5
IL,,Romeoville,9.75
IL,,Roselle,8.75
IL,,Roselle,10.75
IL,,Sailor Springs,6.75
IL,,Saint Charles,8.75
IL,,Saint Clair Co Flood Prevention Sl,6.6
IL,,Saint Joseph,8.5
IL,,Sainte Marie,7.25
IL,,Salem Main I57 Bd Sp,9.5
IL,,Saline,8.0
IL,,Sandoval,8.5
IL,,Sandwich,8.25
IL,,Sangamon,7.75
IL,,Savanna,7.5
IL,,Schaumburg,10.25
IL,,Schiller Park,10.75
IL,,Schuyler,8.25
IL,,Scottville,7.25
IL,,Seatonville,7.25
IL,,Sesser,8.5
IL,,Shabbona,7.25
IL,,Sheffield,7.75
IL,,Shelby,7.25
IL,,Shelbyville West Main Street Bd Sp,8.25
IL,,Sherman Rail Pointe Business Development District Sp,10.25
IL,,Shorewood,9.25
IL,,Skokie,10.5
IL,,Skokie,11.5
IL,,South Beloit,8.75
IL,,South Chicago Heights,10.25
IL,,South Pekin,7.25
IL,,Sparta,8.25
IL,,Spring Grove,8.5
IL,,Springfield,10.25
IL,,Springfield,11.25
IL,,Springfield South Central Business District,10.25
IL,,St. Elmo Business Development District No. 1,8.25
IL,,Stanford Business Dist Sp,8.25
IL,,Stark,7.5
IL,,Staunton,8.25
IL,,Steger,9.25
IL,,Stephenson,6.75
IL,,Sterling,9.75
IL,,Stockton,8.25
IL,,Stoy,6.25
IL,,Streator,8.5
IL,,Sugar Grove,8.25
IL,,Sugar Grove,9.25
IL,,Tamaroa,8.25
IL,,Taylorville,8.0
IL,,Taylorville Bd 1,9.0
IL,,Tazewell,6.75
IL,,The Village Of Indian Head Park Triangle Area Business District,11.25
IL,,Thomson,7.5
IL,,Thornton,10.25
IL,,Tilden,7.25
IL,,Tilton,9.0
IL,,Tiskilwa,8.25
IL,,Toledo,8.25
IL,,Toluca,7.25
IL,,Tonica,7.5
IL,,Tovey,7.25
IL,,Tremont,7.75
IL,,Trenton,7.5
IL,,Troy,7.85
IL,,Troy Bd 03 Sp,8.85
IL,,Tuscola,7.75
IL,,Union,8.5
IL,,Urbana,9.0
IL,,Vandalia W Randolph St And Veterans Ave Business District,8.75
IL,,Venice,7.85
IL,,Vermilion,6.5
IL,,Vermilion,8.25
IL,,Villa Grove,8.25
IL,,Viola,8.25
IL,,Wabash,7.25
IL,,Warren,8.0
IL,,Warren Downtown Business Development District Sp,7.75
IL,,Warrenville,8.5
IL,,Washington,6.25
IL,,Washington,9.0
IL,,Waterloo,8.5
IL,,Waterman,7.25
IL,,Watseka,7.25
IL,,Waukegan,8.75
IL,,Wayne,7.0
IL,,West Chicago,8.75
IL,,West Frankfort,8.25
IL,,Westchester,10.25
IL,,Western Springs,10.25
IL,,Westmont,8.25
IL,,Westville,7.5
IL,,White,7.25
IL,,White Hall,8.25
IL,,Whiteside,7.75
IL,,Williamsfield,8.75
IL,,Williamsville,9.25
IL,,Willisville,8.75
IL,,Wilmington,7.25
IL,,Wilsonville,7.25
IL,,Winfield,8.25
IL,,Winnebago,7.75
IL,,Winnebago,8.75
IL,,Witt,8.25
IL,,Wood River,7.85
IL,,Wood River Riverbend Bd 1 Sp,8.85
IL,,Woodford,8.25
IL,,Woodland,6.5
IL,,Woodridge,8.5
IL,,Woodson,8.25
IL,,Wyanet,8.25
IL,,Yorkville,8.25
IL,,Yorkville Countryside Center Business District Sp,9.25
IN,,Adams,7.0
IN,,Advance,7.0
IN,,Alamo,7.0
IN,,Allen,7.0
IN,,Anderson,7.0
IN,,Bartholomew,7.0
IN,,Benton,7.0
IN,,Beverly Shores,7.0
IN,,Blackford,7.0
IN,,Bloomington,7.0
IN,,Boone,7.0
IN,,Brooklyn,7.0
IN,,Brown,7.0
IN,,Cambridge City,7.0
IN,,Carmel,7.0
IN,,Carroll,7.0
IN,,Cass,7.0
IN,,Clark,7.0
IN,,Clay,7.0
IN,,Clifford,7.0
IN,,Clinton,7.0
IN,,Columbus,7.0
IN,,Crawford,7.0
IN,,Crown Point,7.0
IN,,Daviess,7.0
IN,,Dayton,7.0
IN,,Dearborn,7.0
IN,,Decatur,7.0
IN,,Dekalb,7.0
IN,,Delaware,7.0
IN,,Downtown Indianapolis Economic Enhancement District,7.0
IN,,Dublin,7.0
IN,,Dubois,7.0
IN,,Dunreith,7.0
IN,,Elkhart,7.0
IN,,Evansville,7.0
IN,,Fayette,7.0
IN,,Fishers,7.0
IN,,Floyd,7.0
IN,,Fort Wayne,7.0
IN,,Fountain,7.0
IN,,Franklin,7.0
IN,,Fulton,7.0
IN,,Gary,7.0
IN,,Gibson,7.0
IN,,Goodland,7.0
IN,,Goshen,7.0
IN,,Gosport,7.0
IN,,Grabill,7.0
IN,,Grandview,7.0
IN,,Grant,7.0
IN,,Greencastle,7.0
IN,,Greendale,7.0
IN,,Greene,7.0
IN,,Greenfield,7.0
IN,,Greens Fork,7.0
IN,,Greensboro,7.0
IN,,Greensburg,7.0
IN,,Greentown,7.0
IN,,Greenville,7.0
IN,,Greenwood,7.0
IN,,Griffin,7.0
IN,,Griffith,7.0
IN,,Hagerstown,7.0
IN,,Hamilton,7.0
IN,,Hamlet,7.0
IN,,Hammond,7.0
IN,,Hancock,7.0
IN,,Hanover,7.0
IN,,Hardinsburg,7.0
IN,,Harmony,7.0
IN,,Harrison,7.0
IN,,Hartford City,7.0
IN,,Hartsville,7.0
IN,,Haubstadt,7.0
IN,,Hazleton,7.0
IN,,Hebron,7.0
IN,,Hendricks,7.0
IN,,Henry,7.0
IN,,Hillsboro,7.0
IN,,Hobart,7.0
IN,,Holland,7.0
IN,,Holton,7.0
IN,,Hope,7.0
IN,,Howard,7.0
IN,,Hudson,7.0
IN,,Huntertown,7.0
IN,,Huntingburg,7.0
IN,,Huntington,7.0
IN,,Hymera,7.0
IN,,Indian Village,7.0
IN,,Ingalls,7.0
IN,,Jackson,7.0
IN,,Jamestown,7.0
IN,,Jasonville,7.0
IN,,Jasper,7.0
IN,,Jay,7.0
IN,,Jefferson,7.0
IN,,Jeffersonville,7.0
IN,,Jennings,7.0
IN,,Johnson,7.0
IN,,Jonesboro,7.0
IN,,Jonesville,7.0
IN,,Kempton,7.0
IN,,Kendallville,7.0
IN,,Kennard,7.0
IN,,Kentland,7.0
IN,,Kewanna,7.0
IN,,Kingman,7.0
IN,,Kingsbury,7.0
IN,,Kingsford Heights,7.0
IN,,Kirklin,7.0
IN,,Knightstown,7.0
IN,,Knightsville,7.0
IN,,Knox,7.0
IN,,Kokomo,7.0
IN,,Kosciusko,7.0
IN,,Kouts,7.0
IN,,La Crosse,7.0
IN,,La Fontaine,7.0
IN,,La Paz,7.0
IN,,La Porte,7.0
IN,,Laconia,7.0
IN,,Ladoga,7.0
IN,,Lafayette,7.0
IN,,Lagrange,7.0
IN,,Lagro,7.0
IN,,Lake,7.0
IN,,Lake Station,7.0
IN,,Lakeville,7.0
IN,,Lanesville,7.0
IN,,Lapel,7.0
IN,,Laporte,7.0
IN,,Larwill,7.0
IN,,Laurel,7.0
IN,,Lawrence,7.0
IN,,Leavenworth,7.0
IN,,Lebanon,7.0
IN,,Leesburg,7.0
IN,,Leo-Cedarville,7.0
IN,,Lewisville,7.0
IN,,Liberty,7.0
IN,,Ligonier,7.0
IN,,Linden,7.0
IN,,Linton,7.0
IN,,Little York,7.0
IN,,Livonia,7.0
IN,,Lizton,7.0
IN,,Logansport,7.0
IN,,Long Beach,7.0
IN,,Loogootee,7.0
IN,,Losantville,7.0
IN,,Lowell,7.0
IN,,Lynn,7.0
IN,,Lynnville,7.0
IN,,Lyons,7.0
IN,,Mackey,7.0
IN,,Macy,7.0
IN,,Madison,7.0
IN,,Marengo,7.0
IN,,Marion,7.0
IN,,Markle,7.0
IN,,Markleville,7.0
IN,,Marshall,7.0
IN,,Martin,7.0
IN,,Martinsville,7.0
IN,,Matthews,7.0
IN,,Mauckport,7.0
IN,,Mccordsville,7.0
IN,,Mecca,7.0
IN,,Medaryville,7.0
IN,,Medora,7.0
IN,,Mellott,7.0
IN,,Mentone,7.0
IN,,Merom,7.0
IN,,Merrillville,7.0
IN,,Miami,7.0
IN,,Michigan City,7.0
IN,,Michigantown,7.0
IN,,Middlebury,7.0
IN,,Middletown,7.0
IN,,Milan,7.0
IN,,Milford,7.0
IN,,Millersburg,7.0
IN,,Milltown,7.0
IN,,Mishawaka,7.0
IN,,Mitchell,7.0
IN,,Modoc,7.0
IN,,Monon,7.0
IN,,Monroe,7.0
IN,,Monroe City,7.0
IN,,Monrovia,7.0
IN,,Monterey,7.0
IN,,Montgomery,7.0
IN,,Monticello,7.0
IN,,Montpelier,7.0
IN,,Mooreland,7.0
IN,,Moores Hill,7.0
IN,,Morgan,7.0
IN,,Morocco,7.0
IN,,Mount Auburn,7.0
IN,,Mount Ayr,7.0
IN,,Mount Carmel,7.0
IN,,Mount Etna,7.0
IN,,Mount Summit,7.0
IN,,Mount Vernon,7.0
IN,,Mulberry,7.0
IN,,Muncie,7.0
IN,,Munster,7.0
IN,,Napoleon,7.0
IN,,Nappanee,7.0
IN,,New Albany,7.0
IN,,New Harmony,7.0
IN,,New Market,7.0
IN,,New Point,7.0
IN,,New Ross,7.0
IN,,Newburgh,7.0
IN,,Newport,7.0
IN,,Newton,7.0
IN,,Newtown,7.0
IN,,Noble,7.0
IN,,Noblesville,7.0
IN,,North Judson,7.0
IN,,Oaktown,7.0
IN,,Ohio,7.0
IN,,Onward,7.0
IN,,Oolitic,7.0
IN,,Orange,7.0
IN,,Orestes,7.0
IN,,Owen,7.0
IN,,Paoli,7.0
IN,,Parke,7.0
IN,,Patriot,7.0
IN,,Pendleton,7.0
IN,,Perry,7.0
IN,,Perrysville,7.0
IN,,Petersburg,7.0
IN,,Pike,7.0
IN,,Poneto,7.0
IN,,Porter,7.0
IN,,Pulaski,7.0
IN,,Putnam,7.0
IN,,Randolph,7.0
IN,,Richmond,7.0
IN,,Riley,7.0
IN,,Ripley,7.0
IN,,Rush,7.0
IN,,Saint Joseph,7.0
IN,,Saratoga,7.0
IN,,Seelyville,7.0
IN,,Shelby,7.0
IN,,Somerville,7.0
IN,,South Bend,7.0
IN,,Spencer,7.0
IN,,State Line City,7.0
IN,,Staunton,7.0
IN,,Steuben,7.0
IN,,Sullivan,7.0
IN,,Sulphur Springs,7.0
IN,,Switzerland,7.0
IN,,Terre Haute,7.0
IN,,Tippecanoe,7.0
IN,,Tipton,7.0
IN,,Universal,7.0
IN,,Valparaiso,7.0
IN,,Vanderburgh,7.0
IN,,Vermillion,7.0
IN,,Vernon,7.0
IN,,Vigo,7.0
IN,,Wabash,7.0
IN,,Wallace,7.0
IN,,Warren,7.0
IN,,Warrick,7.0
IN,,Warsaw,7.0
IN,,Washington,7.0
IN,,Wayne,7.0
IN,,Wells,7.0
IN,,West Lafayette,7.0
IN,,White,7.0
IN,,Yeoman,7.0
IN,,Zanesville,7.0
KS,,Abilene,11.35
KS,,Admire,7.5
KS,,Agra,7.0
KS,,Albert,7.5
KS,,Alden,8.5
KS,,Allen,7.75
KS,,Alma,9.0
KS,,Almena,8.75
KS,,Alta Vista,8.0
KS,,Altamont,9.25
KS,,Altoona,9.5
KS,,Americus,8.5
KS,,Andale,7.5
KS,,Anderson,7.5
KS,,Andover,8.5
KS,,Andover Heritage Cid,10.5
KS,,Anthony Downtown Cid Sp,9.0
KS,,Argonia,8.5
KS,,Arkansas City Summit Plaza Cid Sp,9.5
KS,,Arlington,8.5
KS,,Arma,8.5
KS,,Ashland,7.5
KS,,Atchison,7.5
KS,,Atchison,10.5
KS,,Atlanta,6.5
KS,,Attica,8.5
KS,,Atwood,8.5
KS,,Auburn,9.35
KS,,Augusta Comfort Inn Cid Sp,10.5
KS,,Axtell,8.0
KS,,Baldwin City,9.25
KS,,Barber,7.5
KS,,Barnes,7.5
KS,,Barton,7.5
KS,,Basehor One58 Plaza Cid,10.5
KS,,Baxter Springs,10.0
KS,,Bazine,6.5
KS,,Beattie,7.0
KS,,Bel Aire,7.5
KS,,Belle Plaine,8.5
KS,,Belleville,9.0
KS,,Beloit,8.5
KS,,Bennington,8.5
KS,,Bentley,7.5
KS,,Benton,8.5
KS,,Bern,8.0
KS,,Beverly,8.5
KS,,Bird City,8.5
KS,,Blue Rapids,9.0
KS,,Bogue,7.5
KS,,Bonner Springs,9.725
KS,,Bourbon,8.15
KS,,Bronson,9.15
KS,,Brookville,8.0
KS,,Bucklin,8.5
KS,,Buffalo,7.5
KS,,Buhler,8.5
KS,,Burdett,8.5
KS,,Burlingame,9.0
KS,,Burlington,8.5
KS,,Burns,7.5
KS,,Burr Oak,7.5
KS,,Burrton,9.5
KS,,Bushton,7.5
KS,,Butler,6.5
KS,,Caldwell,8.5
KS,,Caney,9.5
KS,,Canton,9.5
KS,,Carbondale,9.5
KS,,Cassoday,6.5
KS,,Cawker City,8.5
KS,,Cedar Vale,8.5
KS,,Centralia,8.0
KS,,Chanute Loves Travel Stop Cid Sp,11.5
KS,,Chapman,9.25
KS,,Chase,7.5
KS,,Chase,8.0
KS,,Chautauqua,7.5
KS,,Cherokee,8.0
KS,,Cherokee,9.5
KS,,Cherryvale,9.5
KS,,Chetopa,9.25
KS,,Cimarron,8.75
KS,,Circleville,8.15
KS,,Claflin,8.25
KS,,Clark,6.5
KS,,Clay Center,9.5
KS,,Clearwater,8.5
KS,,Clifton,8.5
KS,,Cloud,7.5
KS,,Coffey,8.5
KS,,Coffeyville Holiday Inn Cid Sp,11.5
KS,,Colby Arena Cid,11.0
KS,,Coldwater,8.5
KS,,Colony,8.0
KS,,Columbus,9.0
KS,,Colwich,7.5
KS,,Concordia,8.5
KS,,Conway Springs,10.5
KS,,Corning,8.0
KS,,Cottonwood Falls,8.5
KS,,Council Grove,9.2
KS,,Courtland,8.5
KS,,Cowley,6.5
KS,,Crawford,7.5
KS,,Cuba,8.5
KS,,Cunningham,9.0
KS,,Danville,7.5
KS,,De Soto,9.725
KS,,Dearing,8.5
KS,,Deerfield,8.5
KS,,Delia,8.15
KS,,Delphos,8.5
KS,,Denison,8.15
KS,,Denton,8.5
KS,,Derby,8.5
KS,,Dexter,6.5
KS,,Dickinson,8.25
KS,,Dodge City,10.0
KS,,Doniphan,8.5
KS,,Dorrance,8.5
KS,,Douglass,8.5
KS,,Downs,8.5
KS,,Durham,7.5
KS,,Eastborough,7.5
KS,,Easton,8.5
KS,,Edgerton Crossing Woodstone Cid,9.975
KS,,Edna,9.75
KS,,Edwardsville,10.0
KS,,Effingham,9.5
KS,,El Dorado,9.5
KS,,Elbing,6.5
KS,,Elk,7.5
KS,,Elk Falls,7.5
KS,,Elkhart,8.5
KS,,Ellinwood,8.5
KS,,Ellis,7.0
KS,,Ellis,9.0
KS,,Ellsworth,8.75
KS,,Elwood,9.5
KS,,Emporia West Plaza Cid,10.5
KS,,Ensign,7.5
KS,,Enterprise,8.25
KS,,Erie,9.75
KS,,Eskridge,9.0
KS,,Eudora,9.5
KS,,Eureka,9.5
KS,,Everest,7.5
KS,,Fairview,8.0
KS,,Fall River,7.5
KS,,Finney,8.3
KS,,Florence,8.5
KS,,Fontana,8.5
KS,,Ford,7.5
KS,,Fort Scott,10.65
KS,,Fowler,8.5
KS,,Frankfort,8.5
KS,,Franklin,8.0
KS,,Fredonia,10.0
KS,,Frontenac,9.5
KS,,Fulton,8.15
KS,,GARDEN CITY 4-A's PROPERTIES CID,11.45
KS,,Galena,9.0
KS,,Galesburg,8.25
KS,,Galva,8.5
KS,,Garden Plain,8.5
KS,,Gardner,10.475
KS,,Garfield,8.5
KS,,Garnett,11.0
KS,,Gas,8.75
KS,,Gaylord,8.5
KS,,Geary,7.75
KS,,Geneseo,9.5
KS,,Girard,9.0
KS,,Glade,9.0
KS,,Glasco,8.5
KS,,Glen Elder,8.5
KS,,Goddard,10.0
KS,,Goessel,7.5
KS,,Goff,8.0
KS,,Goodland,11.0
KS,,Gorham,8.5
KS,,Gove,8.5
KS,,Graham,7.5
KS,,Grainfield,8.5
KS,,Gray,7.5
KS,,Great Bend Lodging Cid,10.7
KS,,Greeley,7.5
KS,,Green,7.5
KS,,Greenleaf,7.5
KS,,Greensburg,8.5
KS,,Greenwood,7.5
KS,,Grenola,7.5
KS,,Gridley,8.5
KS,,Grinnell,8.75
KS,,Halstead,8.5
KS,,Hamilton,7.5
KS,,Hamilton,8.0
KS,,Hanover,7.5
KS,,Hanston,7.5
KS,,Hardtner,7.5
KS,,Harper,10.5
KS,,Hartford,8.5
KS,,Harvey,8.5
KS,,Harveyville,8.0
KS,,Haven,7.5
KS,,Hays Vernies Cid,11.25
KS,,Haysville,8.5
KS,,Herington,10.25
KS,,Herndon,8.5
KS,,Hesston,8.5
KS,,Hiawatha Hotel Cid Sp,11.0
KS,,Highland,9.5
KS,,Hill City,8.5
KS,,Hillsboro,8.5
KS,,Hodgeman,7.5
KS,,Hoisington,8.25
KS,,Hoisington Cheyenne Bottoms Inn Community Improvement District,10.25
KS,,Holcomb,8.8
KS,,Holton,8.9
KS,,Holyrood,7.5
KS,,Hope,8.25
KS,,Horton,9.5
KS,,Howard,8.5
KS,,Hoxie,8.5
KS,,Hoyt,8.15
KS,,Hudson,7.5
KS,,Hugoton,9.0
KS,,Humboldt,9.5
KS,,Hutchinson,8.25
KS,,Hutchinson Amber Hotel Cid,10.25
KS,,Hutchinson Holiday Inn Express Cid Sp,10.25
KS,,Independence,9.5
KS,,Iuka,8.25
KS,,Jackson,8.15
KS,,Jefferson,7.5
KS,,Jetmore,10.5
KS,,Jewell,7.5
KS,,Johnson,7.975
KS,,Johnson City,7.5
KS,,Junction City,9.75
KS,,Junction City Goody's Plaza Cid,11.5
KS,,Kanopolis,8.5
KS,,Kanorado,10.75
KS,,Kansas City,9.125
KS,,Kansas City 39th And Rainbow Number 2 Cid Sp,10.375
KS,,Kansas City Downtown Hotel Cid Sp,11.125
KS,,Kansas City Homefield Star & 98th & State Ave Cid,11.125
KS,,Kansas City Plaza At The Speedway #2-Tdd,10.125
KS,,Kansas City Shawnee Plaza Cid Sp,10.125
KS,,Kansas City Us Soccer Star Bond And Homefield Cid,11.125
KS,,Kechi,8.5
KS,,Kensington,9.25
KS,,Kincaid,8.5
KS,,Kingman,8.0
KS,,Kingman,9.0
KS,,Kinsley,8.875
KS,,Kiowa,8.25
KS,,Kismet,7.75
KS,,La Crosse,9.5
KS,,La Harpe,9.25
KS,,Labette,7.75
KS,,Lacygne,9.5
KS,,Lakin,8.5
KS,,Lane,7.5
KS,,Lansing Speedway Cid Sp,10.4
KS,,Larned,9.0
KS,,Latham,7.0
KS,,Lawrence Ku Gateway Cid And Star,11.35
KS,,Lawrence The Crossing Cid,10.85
KS,,Le Roy,7.5
KS,,Leavenworth,7.5
KS,,Leavenworth First Hotel Cid Sp,11.5
KS,,Lebanon,8.5
KS,,Lecompton,9.5
KS,,Lehigh,7.5
KS,,Lenexa,9.35
KS,,Lenexa,10.35
KS,,Lenexa Midas Dual Hotel Cid,10.35
KS,,Leon,7.5
KS,,Leona,8.5
KS,,Leonardville,8.2
KS,,Leoti,8.5
KS,,Lewis,7.875
KS,,Liberal,9.25
KS,,Liberal Cid Sp,11.25
KS,,Liebenthal,8.0
KS,,Lincoln,7.5
KS,,Lincoln Center,8.5
KS,,Lincolnville,7.5
KS,,Lindsborg,10.0
KS,,Linn,7.5
KS,,Linwood,8.5
KS,,Little River,8.5
KS,,Logan,8.5
KS,,Longford,8.5
KS,,Longton,7.5
KS,,Lorraine,7.5
KS,,Lost Springs,7.5
KS,,Louisburg,9.5
KS,,Lucas,9.5
KS,,Luray,10.5
KS,,Lyndon,9.0
KS,,Lyons,8.5
KS,,Madison,7.5
KS,,Mahaska,7.5
KS,,Maize,8.5
KS,,Manhattan,9.15
KS,,Manhattan Mcds Addition Tdd Tl,9.65
KS,,Manhattan Scenic Crossing Addition Tdd,9.65
KS,,Manhattan Town Center Cid,9.9
KS,,Mankato,8.25
KS,,Manter,7.5
KS,,Mapleton,9.15
KS,,Marion,8.25
KS,,Marquette,9.5
KS,,Marshall,7.0
KS,,Marysville,8.6
KS,,Matfield Green,7.5
KS,,Mayetta,9.65
KS,,Mc Cune,8.5
KS,,Mcdonald,8.5
KS,,Mclouth,8.5
KS,,Mcpherson,8.5
KS,,Mcpherson,9.5
KS,,Mcpherson,11.5
KS,,Meade,8.5
KS,,Medicine Lodge Streetscape Cid Sp,9.25
KS,,Melvern,8.5
KS,,Miami,8.0
KS,,Milan,7.5
KS,,Miltonvale,8.5
KS,,Minneapolis,8.5
KS,,Mission,9.725
KS,,Mission Commons Community Cid Sp,10.725
KS,,Mitchell,7.5
KS,,Moline,7.5
KS,,Montezuma,9.5
KS,,Montgomery,6.5
KS,,Moran,8.25
KS,,Morganville,7.5
KS,,Morland,8.5
KS,,Morrill,7.5
KS,,Morrowville,7.5
KS,,Moscow,9.5
KS,,Mound City,8.5
KS,,Mound Valley,8.25
KS,,Moundridge,9.5
KS,,Mount Hope,8.5
KS,,Mulberry,7.5
KS,,Mullinville,8.5
KS,,Mulvane,8.5
KS,,Munden,8.5
KS,,Narka,8.5
KS,,Nashville,8.0
KS,,Nemaha,8.0
KS,,Neodesha,10.5
KS,,Neosho,8.25
KS,,Neosho Rapids,8.5
KS,,Ness,6.5
KS,,Ness City,8.5
KS,,Netawaka,8.15
KS,,New Cambria,8.0
KS,,Newton,10.5
KS,,Nickerson,8.5
KS,,Niotaze,7.5
KS,,North Newton,8.5
KS,,Norton,8.25
KS,,Norton,9.5
KS,,Norwich,8.0
KS,,Oakley,12.0
KS,,Oberlin,9.0
KS,,Offerle,7.875
KS,,Ogden,8.2
KS,,Oketo,7.0
KS,,Olathe,9.475
KS,,Olathe 114 -126 N Cherry Street Cid,11.475
KS,,Olathe Station North Cid,10.475
KS,,Olpe,8.5
KS,,Olsburg,8.5
KS,,Onaga,8.5
KS,,Oneida,8.0
KS,,Osage,7.5
KS,,Osage City,9.0
KS,,Osawatomie,9.75
KS,,Osborne,8.0
KS,,Oskaloosa,8.5
KS,,Oswego,9.25
KS,,Ottawa 21st And Princeton Cid,10.25
KS,,Overbrook,8.5
KS,,Overland Park,9.35
KS,,Overland Park,10.35
KS,,Overland Park,10.85
KS,,Overland Park,11.35
KS,,Overland Park Bluhawk Tdd Sp,10.85
KS,,Overland Park Deer Creek Tdd,10.35
KS,,Overland Park Hawthorne Plaza Cid Sp,10.35
KS,,Overland Park Highlands Village Tdd Sp,10.35
KS,,Overland Park Quivira 95 Shops Cid Sp,10.35
KS,,Overland Park Ranch Mart South Cid Sp,10.35
KS,,Oxford,8.5
KS,,Ozawkie,8.5
KS,,Palco,8.0
KS,,Palmer,7.5
KS,,Paradise,8.5
KS,,Park,8.5
KS,,Park City,8.5
KS,,Park City,10.5
KS,,Parker,9.5
KS,,Parsons,11.25
KS,,Partridge,7.5
KS,,Pawnee,8.5
KS,,Paxico,9.0
KS,,Perry,8.5
KS,,Phillipsburg,9.0
KS,,Pittsburg,10.0
KS,,Plainville,9.0
KS,,Pleasanton,9.5
KS,,Plevna,7.5
KS,,Pomona,10.0
KS,,Pottawatomie,7.5
KS,,Potwin,7.5
KS,,Powhattan,7.5
KS,,Prairie Village Cid Sp,9.975
KS,,Pratt,8.25
KS,,Pratt,9.0
KS,,Prescott,7.5
KS,,Preston,8.25
KS,,Pretty Prairie,8.5
KS,,Princeton,10.0
KS,,Protection,8.0
KS,,Quinter,9.5
KS,,Randall,7.5
KS,,Randolph,8.2
KS,,Rantoul,8.0
KS,,Rawlins,8.5
KS,,Raymond,7.5
KS,,Reading,7.5
KS,,Redfield,8.15
KS,,Reno,7.5
KS,,Republic,8.5
KS,,Richfield,7.5
KS,,Richmond,8.25
KS,,Riley,8.2
KS,,Roeland Park The Rocks Cid,11.475
KS,,Rolla,9.5
KS,,Rossville,8.85
KS,,Rozel,8.5
KS,,Russell,8.5
KS,,Russell,9.25
KS,,Russell Springs,8.5
KS,,Sabetha,9.0
KS,,Saint Francis,9.5
KS,,Saint George,9.0
KS,,Saint John,8.5
KS,,Saint Marys,8.5
KS,,Saint Paul,9.25
KS,,Salina,10.25
KS,,Salina S And B South Ninth Cid Sp,11.25
KS,,Saline,8.0
KS,,Satanta,8.0
KS,,Sawyer,8.25
KS,,Scammon,9.0
KS,,Scandia,8.5
KS,,Schoenchen,7.0
KS,,Scott,8.5
KS,,Scott City,9.0
KS,,Scranton,8.5
KS,,Sedan,9.0
KS,,Sedgwick,7.5
KS,,Sedgwick,9.0
KS,,Selden,8.5
KS,,Seneca,9.0
KS,,Severy,8.5
KS,,Seward,7.75
KS,,Sharon,7.5
KS,,Sharon Springs,7.5
KS,,Shawnee,7.85
KS,,Shawnee,9.6
KS,,Shawnee,11.1
KS,,Shawnee County Stormont Vail Events Center Cid,11.35
KS,,Sheridan,8.5
KS,,Sherman,8.75
KS,,Silver Lake,8.85
KS,,Simpson,7.5
KS,,Smith,8.5
KS,,Smith Center,9.5
KS,,Soldier,8.15
KS,,Solomon,9.25
KS,,Spivey,9.0
KS,,Spring Hill,9.5
KS,,Stafford,9.5
KS,,Stark,8.25
KS,,Sterling,8.5
KS,,Stockton,9.5
KS,,Strong City,9.5
KS,,Sublette,8.25
KS,,Summerfield,7.0
KS,,Sumner,7.5
KS,,Sun City,7.5
KS,,Sylvia,8.0
KS,,Syracuse,9.0
KS,,Thayer,9.5
KS,,Thomas,8.25
KS,,Tipton,8.5
KS,,Tonganoxie,9.25
KS,,Topeka,9.35
KS,,Topeka,11.35
KS,,Topeka California Crossing Cid,10.85
KS,,Topeka Heartland Park Sp,9.35
KS,,Topeka South Topeka Cid,11.35
KS,,Topeka Wheatfield Village Cid,11.35
KS,,Toronto,8.0
KS,,Towanda,8.5
KS,,Trego,7.5
KS,,Troy,9.5
KS,,Tyro,6.5
KS,,Udall,7.5
KS,,Ulysses,8.5
KS,,Uniontown,9.15
KS,,Valley Falls,9.5
KS,,Victoria,8.0
KS,,Viola,7.5
KS,,Virgil,7.5
KS,,Wabaunsee,8.0
KS,,Wabaunsee Co Maple Hi Cid,10.0
KS,,Wakeeney Travel Plaza Cid Sp,10.5
KS,,Wakefield,8.5
KS,,Waldo,8.5
KS,,Waldron,6.5
KS,,Walton,8.5
KS,,Wamego,9.25
KS,,Washington,7.5
KS,,Washington,8.5
KS,,Waterville,8.5
KS,,Waverly,7.5
KS,,Webber,7.5
KS,,Weir,9.0
KS,,Wellington,8.5
KS,,Wellsville,9.5
KS,,West Mineral,8.0
KS,,Westmoreland,10.0
KS,,Westphalia,7.5
KS,,White Cloud,9.5
KS,,Whiting,8.15
KS,,Wichita,7.5
KS,,Wichita,9.0
KS,,Wichita,9.5
KS,,Wichita Central And Oliver Cid Sp,8.5
KS,,Wichita Chicken N Pickle Cid Sp,9.0
KS,,Wichita K96 Greenwich Star Bond District Sp,7.5
KS,,Wichita Kellogg And West Cid Sp,8.5
KS,,Wichita River Walk Star Bond Project,7.5
KS,,Williamsburg,9.0
KS,,Wilmore,7.5
KS,,Wilson,7.5
KS,,Wilson,8.5
KS,,Winchester,8.0
KS,,Windom,8.5
KS,,Winfield,8.5
KS,,Woodbine,8.25
KS,,Woodson,7.5
KS,,Yates Center,9.5
KY,,A119 Precinct,6.0
KY,,Adair,6.0
KY,,Allen,6.0
KY,,Anchorage,6.0
KY,,Anderson,6.0
KY,,Ashland,6.0
KY,,Ballard,6.0
KY,,Bardstown,6.0
KY,,Barren,6.0
KY,,Bath,6.0
KY,,Beaver Dam,6.0
KY,,Beechwood Village,6.0
KY,,Bell,6.0
KY,,Bellevue,6.0
KY,,Benham,6.0
KY,,Berea,6.0
KY,,Blandville,6.0
KY,,Boone,6.0
KY,,Bourbon,6.0
KY,,Bowling Green,6.0
KY,,Boyd,6.0
KY,,Boyle,6.0
KY,,Bracken,6.0
KY,,Brandenburg,6.0
KY,,Breathitt,6.0
KY,,Breckinridge,6.0
KY,,Buckhorn,6.0
KY,,Bullitt,6.0
KY,,Burgin,6.0
KY,,Burnside,6.0
KY,,Butler,6.0
KY,,Cadiz,6.0
KY,,Caldwell,6.0
KY,,Calloway,6.0
KY,,Campbell,6.0
KY,,Campbellsville,6.0
KY,,Carlisle,6.0
KY,,Carroll,6.0
KY,,Carrsville,6.0
KY,,Carter,6.0
KY,,Casey,6.0
KY,,Cave City,6.0
KY,,Christian,6.0
KY,,Clark,6.0
KY,,Clay,6.0
KY,,Clay City,6.0
KY,,Clinton,6.0
KY,,Cold Spring,6.0
KY,,Concord,6.0
KY,,Corbin,6.0
KY,,Covington,6.0
KY,,Crittenden,6.0
KY,,Cumberland,6.0
KY,,Danville,6.0
KY,,Daviess,6.0
KY,,Eddyville,6.0
KY,,Edmonson,6.0
KY,,Elizabethtown,6.0
KY,,Elliott,6.0
KY,,Elsmere,6.0
KY,,Estill,6.0
KY,,Evarts,6.0
KY,,Fairfield,6.0
KY,,Fayette,6.0
KY,,Flatwoods,6.0
KY,,Fleming,6.0
KY,,Florence,6.0
KY,,Floyd,6.0
KY,,Fort Thomas,6.0
KY,,Fort Wright,6.0
KY,,Fox Chase,6.0
KY,,Frankfort,6.0
KY,,Franklin,6.0
KY,,Fulton,6.0
KY,,Gallatin,6.0
KY,,Garrard,6.0
KY,,Glasgow,6.0
KY,,Grand Rivers,6.0
KY,,Grant,6.0
KY,,Gratz,6.0
KY,,Graves,6.0
KY,,Graymoor-Devondale,6.0
KY,,Grayson,6.0
KY,,Green,6.0
KY,,Greenup,6.0
KY,,Greenville,6.0
KY,,Guthrie,6.0
KY,,Hancock,6.0
KY,,Hardin,6.0
KY,,Harlan,6.0
KY,,Harlan Non-Independent School District,6.0
KY,,Harrison,6.0
KY,,Hart,6.0
KY,,Hazard,6.0
KY,,Henderson,6.0
KY,,Henry,6.0
KY,,Hickman,6.0
KY,,Highland Heights,6.0
KY,,Hillview,6.0
KY,,Hopkins,6.0
KY,,Hopkinsville,6.0
KY,,Jackson,6.0
KY,,Jeffersontown,6.0
KY,,Jenkins,6.0
KY,,Jessamine,6.0
KY,,Johnson,6.0
KY,,Kenton,6.0
KY,,Kevil,6.0
KY,,Knott,6.0
KY,,Knox,6.0
KY,,La Grange,6.0
KY,,Lakeside Park,6.0
KY,,Lakeview Heights,6.0
KY,,Laurel,6.0
KY,,Lawrence,6.0
KY,,Lebanon,6.0
KY,,Lee,6.0
KY,,Leitchfield,6.0
KY,,Leslie,6.0
KY,,Letcher,6.0
KY,,Lewis,6.0
KY,,Liberty,6.0
KY,,Lincoln,6.0
KY,,Livingston,6.0
KY,,Logan,6.0
KY,,London,6.0
KY,,Louisville,6.0
KY,,Louisville International Airport,6.0
KY,,Louisville Urban Service District,6.0
KY,,Loyall,6.0
KY,,Ludlow,6.0
KY,,Lynch,6.0
KY,,Madison,6.0
KY,,Magoffin,6.0
KY,,Marion,6.0
KY,,Marshall,6.0
KY,,Martin,6.0
KY,,Mason,6.0
KY,,Mayfield,6.0
KY,,Maysville,6.0
KY,,Mccracken,6.0
KY,,Mccreary,6.0
KY,,Mclean,6.0
KY,,Meade,6.0
KY,,Menifee,6.0
KY,,Mentor,6.0
KY,,Metcalfe,6.0
KY,,Millersburg,6.0
KY,,Monroe,6.0
KY,,Montgomery,6.0
KY,,Monticello,6.0
KY,,Morehead,6.0
KY,,Morgan,6.0
KY,,Mortons Gap,6.0
KY,,Mount Vernon,6.0
KY,,Muhlenberg,6.0
KY,,Muldraugh,6.0
KY,,Munfordville,6.0
KY,,Murray,6.0
KY,,N107 Precinct,6.0
KY,,Nelson,6.0
KY,,Newport,6.0
KY,,Nicholas,6.0
KY,,Nicholasville,6.0
KY,,North Middletown,6.0
KY,,Oak Grove,6.0
KY,,Ohio,6.0
KY,,Oldham,6.0
KY,,Owen,6.0
KY,,Owensboro,6.0
KY,,Owingsville,6.0
KY,,Owsley,6.0
KY,,Paducah,6.0
KY,,Paintsville,6.0
KY,,Paris,6.0
KY,,Park City,6.0
KY,,Perry,6.0
KY,,Pike,6.0
KY,,Pikeville,6.0
KY,,Pineville,6.0
KY,,Powell,6.0
KY,,Prestonsburg,6.0
KY,,Prestonville,6.0
KY,,Providence,6.0
KY,,Pulaski,6.0
KY,,Raceland,6.0
KY,,Radcliff,6.0
KY,,Richmond,6.0
KY,,Robards,6.0
KY,,Rockcastle,6.0
KY,,Rowan,6.0
KY,,Russell,6.0
KY,,Russellville,6.0
KY,,Salyersville,6.0
KY,,Sardis,6.0
KY,,Shelby,6.0
KY,,Shelbyville,6.0
KY,,Shepherdsville,6.0
KY,,Silver Grove,6.0
KY,,Simpsonville,6.0
KY,,Somerset,6.0
KY,,South Carrollton,6.0
KY,,Springfield,6.0
KY,,Stanton,6.0
KY,,Sturgis,6.0
KY,,Taylor,6.0
KY,,Todd,6.0
KY,,Union,6.0
KY,,V111 Precinct,6.0
KY,,Versailles,6.0
KY,,Warren,6.0
KY,,Washington,6.0
KY,,Webster,6.0
KY,,West Liberty,6.0
KY,,Wheatcroft,6.0
KY,,Whitley,6.0
KY,,Williamsburg,6.0
KY,,Winchester,6.0
KY,,Woodbury,6.0
KY,,Worthington,6.0
LA,,Abbeville,11.0
LA,,Abbeville Rur Hos Dt 2 Sp,9.25
LA,,Abita Springs,9.25
LA,,Acadia,9.25
LA,,Acadia,11.25
LA,,Albany,10.5
LA,,Alexandria,10.5
LA,,Allen,9.7
LA,,Amite City,11.0
LA,,Arcadia,9.5
LA,,Ascension,9.5
LA,,Assumption,10.0
LA,,Athens,9.625
LA,,Avoyelles,8.25
LA,,Baker,11.0
LA,,Baker In Ebrp Sd,11.0
LA,,Baldwin,10.45
LA,,Ball,10.5
LA,,Baskin,10.0
LA,,Bastrop In Tax Dist 1 Sp,11.0
LA,,Baton Rouge,10.5
LA,,Bayou Fountain Edd In City Of Baton Rouge,12.5
LA,,Bayou Fountain Edd In Unincorp Ebr Parish,12.5
LA,,Beauregard,9.75
LA,,Benton,10.25
LA,,Bernice,12.0
LA,,Bienville,8.0
LA,,Blanchard,10.35
LA,,Bogalusa,10.493
LA,,Bonita,11.0
LA,,Bossier,9.25
LA,,Bossier City,10.0
LA,,Bossier Pa Shreveport Sp,10.25
LA,,Boyce,11.0
LA,,Breaux Bridge No Annex Sp,10.5
LA,,Broussard Lafayette Pa Sp,11.0
LA,,Caddo,8.35
LA,,Caddo,9.35
LA,,Calcasieu Pa Inside Ward 1 Sp,9.25
LA,,Calcasieu Parish Pj Outside Ward 1,10.75
LA,,Caldwell,10.0
LA,,Cameron,5.0
LA,,Campti,10.5
LA,,Capitol House Edd,10.5
LA,,Carencro I 49 Edd Sp,11.0
LA,,Castor,9.0
LA,,Catahoula,11.0
LA,,Central,11.0
LA,,Central In Ebrp Sd,11.0
LA,,Chatham,10.0
LA,,Claiborne,8.625
LA,,Clarence,10.0
LA,,Colfax,11.0
LA,,Concordia,9.75
LA,,Converse,10.625
LA,,Cottonport,10.25
LA,,Coushatta,10.5
LA,,Coushatta Tribe,12.0
LA,,Covington,9.25
LA,,Creola Village,10.5
LA,,Creola Village,11.0
LA,,Crowley,10.5
LA,,Cullen,10.5
LA,,De Ridder,11.25
LA,,De Soto,9.0
LA,,Delcambre,11.25
LA,,Delhi,11.25
LA,,Delta,9.5
LA,,Denham Springs,10.5
LA,,Dodson,10.0
LA,,Donaldsonville Annex Sp,11.0
LA,,Duson,11.25
LA,,E Baton Rouge Pa Sch Dist,10.5
LA,,E Baton Rouge Pa Sch Dist,12.5
LA,,East Ascension Within Gonzales Conway Annexed Area Sp,10.5
LA,,East Carroll,10.0
LA,,East Feliciana,10.0
LA,,East Hodge,10.0
LA,,Elizabeth,11.0
LA,,Epps,11.0
LA,,Estherwood,9.25
LA,,Evangeline,11.0
LA,,Farmerville,12.0
LA,,Fenton,10.5
LA,,Florien,10.625
LA,,Folsom,9.75
LA,,Fordoche,10.25
LA,,Forest,11.0
LA,,Franklin,9.0
LA,,Franklin,10.45
LA,,Franklinton,11.5
LA,,French Quarter Edd,10.245
LA,,Georgetown,11.0
LA,,Gibsland,10.0
LA,,Gilbert,10.0
LA,,Gonzales,9.5
LA,,Grambling Edd Sp,11.5
LA,,Grand Cane,10.25
LA,,Grand Isle,9.75
LA,,Grant,9.0
LA,,Greensburg,11.0
LA,,Greenwood,10.35
LA,,Gretna,9.75
LA,,Gueydan,9.75
LA,,Hall Summit,10.5
LA,,Hammond,10.5
LA,,Harahan,10.55
LA,,Haughton,10.25
LA,,Haynesville,10.125
LA,,Hessmer,9.25
LA,,Highway 30 Edd,9.5
LA,,Hodge,10.0
LA,,Homer,11.0
LA,,Hornbeck,10.0
LA,,Hosston,10.35
LA,,Iberia,9.25
LA,,Iberia,11.0
LA,,Iberville,10.25
LA,,Ida,11.35
LA,,Independence,11.0
LA,,Iota,10.25
LA,,Iowa-Lacassine Edd,12.5
LA,,Jeff Davis Sales Tax 1 Sp,11.0
LA,,Jefferson Davis,10.5
LA,,Jena,9.0
LA,,Jennings,11.0
LA,,Jonesville,12.0
LA,,Juban Crossing Edd Sp,11.5
LA,,Junction City,11.0
LA,,Kaplan,10.75
LA,,Keachie,10.0
LA,,Kenner,9.75
LA,,Kilbourne,11.0
LA,,La Salle,8.0
LA,,Lafayette,9.0
LA,,Lafayette,10.0
LA,,Lafayette,11.0
LA,,Lafayette I-10 Corridor At Mile Marker 103 Subdistrict 1,11.0
LA,,Lafourche,9.65
LA,,Lafourche,10.4
LA,,Lake Charles,10.75
LA,,Lake Providence,12.0
LA,,Lakefront Edd Sp,11.75
LA,,Lecompte,10.5
LA,,Leesville,10.5
LA,,Leonville,8.55
LA,,Lincoln,12.75
LA,,Livingston,9.0
LA,,Livingston,10.0
LA,,Livingston Parish School #22,10.5
LA,,Livingston Parish School #33,10.0
LA,,Livonia,10.25
LA,,Lockport,10.15
LA,,Logansport,10.0
LA,,Loreauville,9.5
LA,,Lsu Edd,11.5
LA,,Lsu Edd Athletic Subdistrict,12.5
LA,,Lutcher,9.5
LA,,Madisonville,9.25
LA,,Mandeville,9.75
LA,,Mangham,10.25
LA,,Mansfield,10.5
LA,,Mansura,10.25
LA,,Many,10.625
LA,,Marion,11.0
LA,,Marksville,10.25
LA,,Maurice,10.75
LA,,Melville,10.75
LA,,Mer Rouge,11.0
LA,,Mermentau,9.25
LA,,Minden,10.5
LA,,Minden Edd 2 Sp,12.5
LA,,Monroe,10.99
LA,,Monroe,12.99
LA,,Montgomery,10.0
LA,,Montpelier,11.0
LA,,Mooringsport,10.35
LA,,Moreauville,9.75
LA,,Morehouse,9.0
LA,,Morgan City,10.25
LA,,Morganfield Edd Sp,11.75
LA,,Morganza,10.25
LA,,N Caddo Hosp Dist Sp,9.35
LA,,Napoleonville,10.5
LA,,Natchitoches,9.0
LA,,Natchitoches,10.0
LA,,Natchitoches,10.5
LA,,Natchitoches,11.5
LA,,Natchitoches,12.5
LA,,New Iberia,10.5
LA,,New Iberia Hwy 182 - Edd #1,11.25
LA,,New Llano,10.5
LA,,New Orleans Intl Aport Sp,11.75
LA,,New Roads,10.25
LA,,Newellton,11.5
LA,,Oak Grove,11.5
LA,,Oberlin,11.0
LA,,Occupancy Tax East Bank Unincorporated,9.75
LA,,Occupancy Tax West Unincorporated,9.75
LA,,Oil City,10.35
LA,,Opelousas,10.75
LA,,Opelousas Ddd Edd,11.75
LA,,Orleans,10.0
LA,,Orleans,11.0
LA,,Ouachita,12.5
LA,,Ouachita Parish East,10.99
LA,,Ouachita Parish West,10.99
LA,,Pearl River,9.5
LA,,Pine Prairie,11.0
LA,,Pineville,10.5
LA,,Plain Dealing,10.25
LA,,Plaquemines,10.25
LA,,Pleasant Hill,10.625
LA,,Pointe Coupee,9.25
LA,,Pollock,10.0
LA,,Ponchatoula,10.5
LA,,Port Barre,10.75
LA,,Powhatan,10.0
LA,,Rapides,8.5
LA,,Rapides,9.5
LA,,Rapides Pa Fire District 17 Sp,9.5
LA,,Rayville,10.75
LA,,Reeves,10.7
LA,,Richland,9.25
LA,,Ringgold,10.0
LA,,Riverwalk Outlets Edd,12.0
LA,,Rodessa,10.35
LA,,Roseland,11.0
LA,,Rosepine,10.5
LA,,Ruston,11.0
LA,,Sabine Pa School Dst 2 Sd,9.625
LA,,Saint Martin Pa Dist 1 Sp,8.5
LA,,Saint Martinville North Annex Sp,11.0
LA,,Saint Mary Parish Wards 5 And 8 Sp,9.45
LA,,Saint Tammany Pa Dst 3 Sp,9.25
LA,,Scott Destination Pointe Edd,11.0
LA,,Scott-Apollo Edd,11.0
LA,,Shreveport,9.6
LA,,Shreveport Mall Edd Sp,10.6
LA,,Simmesport,10.25
LA,,Simsboro,10.0
LA,,Slaughter,11.0
LA,,Slidell,9.63
LA,,Slidell Camellia Square Edd Sp,10.63
LA,,Slidell Summit Fremaux Sp,10.13
LA,,Southern Univ Edd In Baton Rouge,11.5
LA,,Southern Univ Edd In Ebr Parish,11.5
LA,,Springfield,10.5
LA,,St Tammany Hwy 21 Edd Sp,10.0
LA,,St. Bernard,10.0
LA,,St. Charles,10.0
LA,,St. Francisville,10.5
LA,,St. Gabriel,10.916
LA,,St. George In Ebrp Sd,10.5
LA,,St. Helena,10.0
LA,,St. James,8.5
LA,,St. John The Baptist,10.25
LA,,St. Joseph,11.75
LA,,St. Landry,10.55
LA,,St. Landry,12.55
LA,,St. Martinville,10.0
LA,,Stonewall,10.0
LA,,Sulphur,10.75
LA,,Sun,9.75
LA,,Tallulah,11.0
LA,,Tangipahoa,8.5
LA,,Tangipahoa,10.5
LA,,Tensas,10.75
LA,,Terrebonne,10.5
LA,,Thibodaux,10.35
LA,,Tickfaw,10.5
LA,,Tullos,9.5
LA,,Turkey Creek,11.0
LA,,Union,10.0
LA,,University Of Louisiana At Lafayette Edd,10.0
LA,,Vernon,9.0
LA,,Vidalia,9.75
LA,,Vivian,10.35
LA,,Walker Annex Sp,11.0
LA,,Wards 1 2 3 4 7 And 10 Sp,9.45
LA,,Wards 6 And 9 Sp,9.45
LA,,Washington,10.83
LA,,Waterproof,11.5
LA,,Webster,8.0
LA,,Welsh Edd #1,12.5
LA,,West Baton Rouge,10.25
LA,,West Baton Rouge Riverview Edd Sp,10.75
LA,,West Feliciana,10.0
LA,,West Monroe,10.99
LA,,West Monroe Edd,11.99
LA,,West Monroe Riverfront Edd,11.99
LA,,Westlake Opportunity District,12.75
LA,,Winn,9.0
LA,,Winnfield,10.5
LA,,Winnsboro,11.0
LA,,Wisner,10.0
LA,,Woodworth,10.5
LA,,Youngsville,10.5
LA,,Zachary,11.5
LA,,Zachary In Erbp Sd,10.5
LA,,Zwolle,11.625
MA,,Abington,6.25
MA,,Acton,6.25
MA,,Acushnet,6.25
MA,,Adams,6.25
MA,,Agawam,6.25
MA,,Alford,6.25
MA,,Amesbury,6.25
MA,,Amherst,6.25
MA,,Andover,6.25
MA,,Aquinnah,6.25
MA,,Arlington,6.25
MA,,Ashburnham,6.25
MA,,Ashby,6.25
MA,,Ashfield,6.25
MA,,Ashland,6.25
MA,,Athol,6.25
MA,,Attleboro,6.25
MA,,Auburn,6.25
MA,,Avon,6.25
MA,,Barnstable,6.25
MA,,Barnstable Municipal Airport,6.25
MA,,Barre,6.25
MA,,Becket,6.25
MA,,Bedford,6.25
MA,,Belchertown,6.25
MA,,Bellingham,6.25
MA,,Belmont,6.25
MA,,Berkley,6.25
MA,,Berlin,6.25
MA,,Bernardston,6.25
MA,,Beverly,6.25
MA,,Billerica,6.25
MA,,Blackstone,6.25
MA,,Blandford,6.25
MA,,Bolton,6.25
MA,,Boston,6.25
MA,,Boston Logan International Airport,6.25
MA,,Bourne,6.25
MA,,Boxford,6.25
MA,,Boylston,6.25
MA,,Braintree,6.25
MA,,Brewster,6.25
MA,,Bridgewater,6.25
MA,,Brockton,6.25
MA,,Brookfield,6.25
MA,,Brookline,6.25
MA,,Buckland,6.25
MA,,Burlington,6.25
MA,,Cambridge,6.25
MA,,Canton,6.25
MA,,Carlisle,6.25
MA,,Carver,6.25
MA,,Charlemont,6.25
MA,,Charlton,6.25
MA,,Chatham,6.25
MA,,Chelmsford,6.25
MA,,Chelsea,6.25
MA,,Cheshire,6.25
MA,,Chesterfield,6.25
MA,,Chicopee,6.25
MA,,Chilmark,6.25
MA,,Clinton,6.25
MA,,Colrain,6.25
MA,,Concord,6.25
MA,,Conway,6.25
MA,,Cummington,6.25
MA,,Dalton,6.25
MA,,Danvers,6.25
MA,,Dartmouth,6.25
MA,,Dedham,6.25
MA,,Deerfield,6.25
MA,,Dennis,6.25
MA,,Devens,6.25
MA,,Dighton,6.25
MA,,Douglas,6.25
MA,,Dover,6.25
MA,,Dracut,6.25
MA,,Dudley,6.25
MA,,Dunstable,6.25
MA,,Duxbury,6.25
MA,,East Bridgewater,6.25
MA,,East Brookfield,6.25
MA,,East Longmeadow,6.25
MA,,Eastham,6.25
MA,,Easthampton,6.25
MA,,Easton,6.25
MA,,Edgartown,6.25
MA,,Egremont,6.25
MA,,Erving,6.25
MA,,Essex,6.25
MA,,Everett,6.25
MA,,Fairhaven,6.25
MA,,Fall River,6.25
MA,,Falmouth,6.25
MA,,Fitchburg,6.25
MA,,Florida,6.25
MA,,Foxborough,6.25
MA,,Framingham,6.25
MA,,Franklin,6.25
MA,,Freetown,6.25
MA,,Gardner,6.25
MA,,Georgetown,6.25
MA,,Gill,6.25
MA,,Gloucester,6.25
MA,,Goshen,6.25
MA,,Gosnold,6.25
MA,,Grafton,6.25
MA,,Granby,6.25
MA,,Great Barrington,6.25
MA,,Greenfield,6.25
MA,,Groton,6.25
MA,,Hadley,6.25
MA,,Halifax,6.25
MA,,Hamilton,6.25
MA,,Hampden,6.25
MA,,Hancock,6.25
MA,,Hanover,6.25
MA,,Hardwick,6.25
MA,,Harvard,6.25
MA,,Harwich,6.25
MA,,Hatfield,6.25
MA,,Haverhill,6.25
MA,,Hingham,6.25
MA,,Hinsdale,6.25
MA,,Holbrook,6.25
MA,,Holden,6.25
MA,,Holland,6.25
MA,,Holliston,6.25
MA,,Holyoke,6.25
MA,,Hopedale,6.25
MA,,Hopkinton,6.25
MA,,Hubbardston,6.25
MA,,Hudson,6.25
MA,,Hull,6.25
MA,,Huntington,6.25
MA,,Lakeville,6.25
MA,,Lancaster,6.25
MA,,Lawrence,6.25
MA,,Lee,6.25
MA,,Leicester,6.25
MA,,Lenox,6.25
MA,,Leverett,6.25
MA,,Lexington,6.25
MA,,Lincoln,6.25
MA,,Littleton,6.25
MA,,Longmeadow,6.25
MA,,Lowell,6.25
MA,,Ludlow,6.25
MA,,Lynn,6.25
MA,,Malden,6.25
MA,,Mansfield,6.25
MA,,Marblehead,6.25
MA,,Marion,6.25
MA,,Marshfield,6.25
MA,,Mashpee,6.25
MA,,Mattapoisett,6.25
MA,,Maynard,6.25
MA,,Medfield,6.25
MA,,Medford,6.25
MA,,Medway,6.25
MA,,Melrose,6.25
MA,,Mendon,6.25
MA,,Middleborough,6.25
MA,,Middlefield,6.25
MA,,Millbury,6.25
MA,,Milton,6.25
MA,,Monroe,6.25
MA,,Montague,6.25
MA,,Monterey,6.25
MA,,Nahant,6.25
MA,,Nantucket,6.25
MA,,Natick,6.25
MA,,Needham,6.25
MA,,New Bedford,6.25
MA,,New Braintree,6.25
MA,,New Marlborough,6.25
MA,,New Salem,6.25
MA,,Newbury,6.25
MA,,Newton,6.25
MA,,Norfolk,6.25
MA,,North Attleborough,6.25
MA,,North Reading,6.25
MA,,Northampton,6.25
MA,,Northborough,6.25
MA,,Northbridge,6.25
MA,,Norton,6.25
MA,,Norwell,6.25
MA,,Norwood,6.25
MA,,Oak Bluffs,6.25
MA,,Oakham,6.25
MA,,Orange,6.25
MA,,Orleans,6.25
MA,,Otis,6.25
MA,,Oxford,6.25
MA,,Palmer,6.25
MA,,Paxton,6.25
MA,,Peabody,6.25
MA,,Pembroke,6.25
MA,,Pepperell,6.25
MA,,Pittsfield,6.25
MA,,Plymouth,6.25
MA,,Provincetown,6.25
MA,,Quincy,6.25
MA,,Raynham,6.25
MA,,Rehoboth,6.25
MA,,Revere,6.25
MA,,Rockport,6.25
MA,,Russell,6.25
MA,,Salem,6.25
MA,,Salisbury,6.25
MA,,Sandisfield,6.25
MA,,Scituate,6.25
MA,,Sharon,6.25
MA,,Sheffield,6.25
MA,,Shirley,6.25
MA,,Shrewsbury,6.25
MA,,Shutesbury,6.25
MA,,Somerset,6.25
MA,,Somerville,6.25
MA,,Southborough,6.25
MA,,Southbridge,6.25
MA,,Southwick,6.25
MA,,Springfield,6.25
MA,,Stockbridge,6.25
MA,,Stoneham,6.25
MA,,Sturbridge,6.25
MA,,Sunderland,6.25
MA,,Sutton,6.25
MA,,Templeton,6.25
MA,,Tewksbury,6.25
MA,,Townsend,6.25
MA,,Truro,6.25
MA,,Tyringham,6.25
MA,,Upton,6.25
MA,,Uxbridge,6.25
MA,,Walpole,6.25
MA,,Waltham,6.25
MA,,Ware,6.25
MA,,Wareham,6.25
MA,,Warren,6.25
MA,,Watertown,6.25
MA,,Wellesley,6.25
MA,,Wellfleet,6.25
MA,,Wendell,6.25
MA,,West Boylston,6.25
MA,,West Newbury,6.25
MA,,Westfield,6.25
MA,,Westminster,6.25
MA,,Westport,6.25
MA,,Weymouth,6.25
MA,,Whately,6.25
MA,,Windsor,6.25
MA,,Woburn,6.25
MA,,Worcester,6.25
MA,,Wrentham,6.25
MA,,Yarmouth,6.25
MD,,Allegany,6.0
MD,,Annapolis,6.0
MD,,Anne Arundel,6.0
MD,,Baltimore,6.0
MD,,Bowie,6.0
MD,,Brunswick,6.0
MD,,Calvert,6.0
MD,,Capitol Heights,6.0
MD,,Caroline,6.0
MD,,Carroll,6.0
MD,,Cecil,6.0
MD,,Charles,6.0
MD,,Chestertown,6.0
MD,,Chevy Chase Village,6.0
MD,,College Park,6.0
MD,,Cumberland,6.0
MD,,Dorchester,6.0
MD,,Drummond,6.0
MD,,Elkton,6.0
MD,,Frederick,6.0
MD,,Friendship Heights,6.0
MD,,Frostburg,6.0
MD,,Funkstown,6.0
MD,,Gaithersburg,6.0
MD,,Garrett,6.0
MD,,Greenbelt,6.0
MD,,Hagerstown,6.0
MD,,Harford,6.0
MD,,Howard,6.0
MD,,Hyattsville,6.0
MD,,Kent,6.0
MD,,Laurel,6.0
MD,,Luke,6.0
MD,,Montgomery,6.0
MD,,Oakmont,6.0
MD,,Ocean City,6.0
MD,,Pocomoke City,6.0
MD,,Prince George's,6.0
MD,,Queen Anne's,6.0
MD,,Rockville,6.0
MD,,Salisbury,6.0
MD,,Secretary,6.0
MD,,Somerset,6.0
MD,,St. Mary's,6.0
MD,,Takoma Park,6.0
MD,,Talbot,6.0
MD,,Templeville,6.0
MD,,University Park,6.0
MD,,Upper Marlboro,6.0
MD,,Washington,6.0
MD,,Washington Grove,6.0
MD,,Wicomico,6.0
MD,,Worcester,6.0
ME,,Auburn-Lewiston Municipal Airport,5.5
ME,,Maine,5.5
MI,,Addison,6.0
MI,,Alamo,6.0
MI,,Alcona,6.0
MI,,Alger,6.0
MI,,Allegan,6.0
MI,,Allen Park,6.0
MI,,Allendale,6.0
MI,,Alpena,6.0
MI,,Alpha,6.0
MI,,Ann Arbor,6.0
MI,,Antrim,6.0
MI,,Arenac,6.0
MI,,Armada,6.0
MI,,Auburn Hills,6.0
MI,,Baraga,6.0
MI,,Barry,6.0
MI,,Battle Creek,6.0
MI,,Bay,6.0
MI,,Bay City,6.0
MI,,Benton Harbor,6.0
MI,,Benzie,6.0
MI,,Benzonia,6.0
MI,,Berrien,6.0
MI,,Bingham Farms,6.0
MI,,Birmingham,6.0
MI,,Branch,6.0
MI,,Breedsville,6.0
MI,,Burton,6.0
MI,,Calhoun,6.0
MI,,Calumet,6.0
MI,,Caspian,6.0
MI,,Cass,6.0
MI,,Center Line,6.0
MI,,Charleston,6.0
MI,,Charlevoix,6.0
MI,,Cheboygan,6.0
MI,,Chippewa,6.0
MI,,Clare,6.0
MI,,Clawson,6.0
MI,,Clinton,6.0
MI,,Comstock,6.0
MI,,Coopersville,6.0
MI,,Crawford,6.0
MI,,Daggett,6.0
MI,,Dearborn,6.0
MI,,Dearborn Heights,6.0
MI,,Delta,6.0
MI,,Detroit,6.0
MI,,Detroit Metropolitan Wayne County Airport,6.0
MI,,Dickinson,6.0
MI,,Douglas,6.0
MI,,East Lansing,6.0
MI,,East Tawas,6.0
MI,,Eastlake,6.0
MI,,Eastpointe,6.0
MI,,Eaton,6.0
MI,,Edwardsburg,6.0
MI,,Elberta,6.0
MI,,Emmet,6.0
MI,,Farmington,6.0
MI,,Farmington Hills,6.0
MI,,Ferrysburg,6.0
MI,,Flint,6.0
MI,,Frankenmuth,6.0
MI,,Franklin,6.0
MI,,Fraser,6.0
MI,,Fremont,6.0
MI,,Gaylord,6.0
MI,,Genesee,6.0
MI,,Georgetown,6.0
MI,,Gibraltar,6.0
MI,,Gladwin,6.0
MI,,Gogebic,6.0
MI,,Grand Blanc,6.0
MI,,Grand Rapids,6.0
MI,,Grand Traverse,6.0
MI,,Grandville,6.0
MI,,Gratiot,6.0
MI,,Grosse Pointe,6.0
MI,,Grosse Pointe Farms,6.0
MI,,Grosse Pointe Park,6.0
MI,,Hamtramck,6.0
MI,,Harbor Springs,6.0
MI,,Harper Woods,6.0
MI,,Hart,6.0
MI,,Hazel Park,6.0
MI,,Highland Park,6.0
MI,,Hillsdale,6.0
MI,,Holland,6.0
MI,,Honor,6.0
MI,,Houghton,6.0
MI,,Howell,6.0
MI,,Huntington Woods,6.0
MI,,Huron,6.0
MI,,Ingham,6.0
MI,,Inkster,6.0
MI,,Ionia,6.0
MI,,Iosco,6.0
MI,,Iron,6.0
MI,,Iron River,6.0
MI,,Isabella,6.0
MI,,Ishpeming,6.0
MI,,Jackson,6.0
MI,,Kalamazoo,6.0
MI,,Kalkaska,6.0
MI,,Kent,6.0
MI,,Kentwood,6.0
MI,,Keweenaw,6.0
MI,,Lake,6.0
MI,,Lake Angelus,6.0
MI,,Lake Ann,6.0
MI,,Lansing,6.0
MI,,Lapeer,6.0
MI,,Lathrup Village,6.0
MI,,Leelanau,6.0
MI,,Lenawee,6.0
MI,,Livingston,6.0
MI,,Livonia,6.0
MI,,Luce,6.0
MI,,Luna Pier,6.0
MI,,Mackinac,6.0
MI,,Mackinac Island,6.0
MI,,Macomb,6.0
MI,,Madison Heights,6.0
MI,,Manistee,6.0
MI,,Maple Rapids,6.0
MI,,Marquette,6.0
MI,,Mason,6.0
MI,,Mcbride,6.0
MI,,Mecosta,6.0
MI,,Memphis,6.0
MI,,Menominee,6.0
MI,,Midland,6.0
MI,,Missaukee,6.0
MI,,Monroe,6.0
MI,,Montcalm,6.0
MI,,Montmorency,6.0
MI,,Mount Clemens,6.0
MI,,Mount Pleasant,6.0
MI,,Muir,6.0
MI,,Muskegon,6.0
MI,,New Baltimore,6.0
MI,,Newaygo,6.0
MI,,Northville,6.0
MI,,Novi,6.0
MI,,Oak Park,6.0
MI,,Oakland,6.0
MI,,Oceana,6.0
MI,,Ogemaw,6.0
MI,,Ontonagon,6.0
MI,,Osceola,6.0
MI,,Oscoda,6.0
MI,,Oshtemo,6.0
MI,,Otsego,6.0
MI,,Ottawa,6.0
MI,,Pavilion,6.0
MI,,Pontiac,6.0
MI,,Portage,6.0
MI,,Powers,6.0
MI,,Prairie Ronde,6.0
MI,,Presque Isle,6.0
MI,,Richland,6.0
MI,,Richland (Kalamazoo),6.0
MI,,River Rouge,6.0
MI,,Rochester,6.0
MI,,Rockford,6.0
MI,,Roscommon,6.0
MI,,Ross,6.0
MI,,Royal Oak,6.0
MI,,Saginaw,6.0
MI,,Saint Clair,6.0
MI,,Saint Clair Shores,6.0
MI,,Saint Joseph,6.0
MI,,Sanilac,6.0
MI,,Schoolcraft,6.0
MI,,Schoolcraft (Kalamazoo),6.0
MI,,Shiawassee,6.0
MI,,Southfield,6.0
MI,,Southgate,6.0
MI,,Sterling Heights,6.0
MI,,Sylvan Lake,6.0
MI,,Tawas City,6.0
MI,,Texas,6.0
MI,,Thompsonville,6.0
MI,,Traverse City,6.0
MI,,Troy,6.0
MI,,Tuscola,6.0
MI,,Van Buren,6.0
MI,,Vernon,6.0
MI,,Wakeshma,6.0
MI,,Warren,6.0
MI,,Washtenaw,6.0
MI,,Wayne,6.0
MI,,Westland,6.0
MI,,Wexford,6.0
MI,,Whitehall,6.0
MI,,Wixom,6.0
MI,,Wyandotte,6.0
MI,,Wyoming,6.0
MI,,Zeeland,6.0
MN,,Ada,7.375
MN,,Aitkin,6.875
MN,,Albert Lea,7.875
MN,,Anoka,8.125
MN,,Apple Valley,8.125
MN,,Arlington,7.375
MN,,Austin,7.875
MN,,Avon,8.0
MN,,Babbitt,7.375
MN,,Balaton,6.875
MN,,Barry,6.875
MN,,Baxter,7.875
MN,,Bayport,8.375
MN,,Beaver Bay,7.375
MN,,Becker,7.375
MN,,Beltrami,8.0
MN,,Belview,7.375
MN,,Bemidji,8.5
MN,,Benton,7.375
MN,,Big Lake,7.375
MN,,Big Stone,6.875
MN,,Bird Island,7.375
MN,,Biwabik,7.375
MN,,Blackduck,8.5
MN,,Blaine,8.125
MN,,Blaine,8.375
MN,,Bloomington,9.025
MN,,Blue Earth,7.375
MN,,Blue Earth,7.875
MN,,Bock,7.375
MN,,Borup,7.375
MN,,Bricelyn,7.375
MN,,Brooklyn Park,8.525
MN,,Brown Co Tr,7.375
MN,,Buckman,7.375
MN,,Butterfield,7.375
MN,,Calumet,7.875
MN,,Cambridge,7.875
MN,,Carlton,7.875
MN,,Carrolton Township,7.375
MN,,Carver,8.375
MN,,Cass,7.375
MN,,Center City,7.375
MN,,Ceylon,7.375
MN,,Champlin,8.525
MN,,Chanhassen,8.875
MN,,Chanhassen,9.025
MN,,Chippewa,7.375
MN,,Chisago,7.375
MN,,Chisago City,7.375
MN,,Chisago Lakes Area,7.375
MN,,Chisholm,7.375
MN,,Clara City,7.375
MN,,Claremont,7.375
MN,,Clements,7.375
MN,,Cloquet,8.875
MN,,Coleraine,7.875
MN,,Comstock,7.375
MN,,Conger,7.375
MN,,Cook Co Tr,8.375
MN,,Corcoran,8.525
MN,,Corinna Township,7.375
MN,,Cosmos,7.375
MN,,Cottonwood,6.875
MN,,Crane Lake Township,7.375
MN,,Crosslake,7.375
MN,,Crow Wing,7.375
MN,,Dakota,8.125
MN,,Darfur,7.375
MN,,Darwin,7.375
MN,,Dassel,7.375
MN,,Deephaven,8.525
MN,,Deerwood Township,7.375
MN,,Delavan,7.375
MN,,Dellwood,8.375
MN,,Dennison,7.375
MN,,Detroit Lakes,7.875
MN,,Dilworth,7.875
MN,,Dodge Center,7.375
MN,,Dodge Co Tr,7.375
MN,,Donaldson,6.875
MN,,Douglas Co Tr,7.375
MN,,Duluth,8.875
MN,,Eagan,8.125
MN,,East Grand Forks,8.375
MN,,Easton,7.375
MN,,Eden Prairie,8.525
MN,,Edina,9.025
MN,,Elizabeth,7.375
MN,,Elko New Market,8.375
MN,,Elmore,7.375
MN,,Excelsior,9.025
MN,,Fairmont,7.875
MN,,Fall Lake,7.375
MN,,Faribault,7.375
MN,,Felton,7.375
MN,,Fergus Falls,7.875
MN,,Fillmore Co Tr,7.375
MN,,Flensburg,7.375
MN,,Freeborn,7.375
MN,,Frost,7.375
MN,,Garvin,6.875
MN,,Gaylord,7.375
MN,,Ghent,6.875
MN,,Gibbon,7.375
MN,,Gilbert,7.375
MN,,Gilman,7.375
MN,,Gkwmll Sanitary District Sp,8.375
MN,,Gkwmll Sanitary District Sp,13.375
MN,,Golden Valley,9.775
MN,,Goodhue,7.375
MN,,Goodhue Co Tr,7.375
MN,,Grand Rapids,8.375
MN,,Granite Falls,7.375
MN,,Grant,6.875
MN,,Grasston,7.375
MN,,Greenwald,7.5
MN,,Grove City,7.375
MN,,Gunflint Trail Dist,8.375
MN,,Ham Lake,8.125
MN,,Hampton,8.125
MN,,Hanover,8.525
MN,,Hayfield,7.375
MN,,Hennepin,8.525
MN,,Henriette,7.375
MN,,Hermantown,8.875
MN,,Hibbing,7.875
MN,,Holt Township,7.375
MN,,Hopkins,8.525
MN,,Houston,6.875
MN,,Hoyt Lakes,7.375
MN,,Hubbard,7.375
MN,,Hutchinson,7.875
MN,,Ideal Township,7.375
MN,,Ihlen,6.875
MN,,Independence City,8.525
MN,,International Falls,8.375
MN,,Isanti,7.375
MN,,Itasca,7.875
MN,,Jackson,7.875
MN,,Janesville,7.375
MN,,Kanabec,7.375
MN,,Kandiyohi Co Tr,7.375
MN,,Kasson,7.375
MN,,Kiester,7.375
MN,,Kittson,6.875
MN,,Koochiching,7.375
MN,,La Salle,7.375
MN,,Lac Qui Parle,6.875
MN,,Lake,7.375
MN,,Lake Elmo,8.375
MN,,Lake Of The Woods,6.875
MN,,Lake Vermilion Area,7.375
MN,,Lakeland Shores,8.375
MN,,Lakeville,8.125
MN,,Lastrup,7.375
MN,,Le Center,7.375
MN,,Le Sueur,7.375
MN,,Lewisville,7.375
MN,,Lincoln,6.875
MN,,Lindstrom,7.375
MN,,Litchfield,7.875
MN,,Long Lake,8.525
MN,,Loretto,8.525
MN,,Lower Sioux Indian Community,7.375
MN,,Lutsen Township,8.375
MN,,Lyon,6.875
MN,,Madelia,7.375
MN,,Mahnomen,6.875
MN,,Mahtomedi,8.375
MN,,Mankato,7.875
MN,,Mantorville,7.375
MN,,Maple Grove,9.025
MN,,Maple Plain,8.525
MN,,Marble,7.875
MN,,Marshall,6.875
MN,,Marshall,7.375
MN,,Maynard,7.375
MN,,Mcleod,7.375
MN,,Medford,7.875
MN,,Meeker Co Tr,7.375
MN,,Mendota,8.125
MN,,Mendota Heights,8.125
MN,,Miesville,8.125
MN,,Milan,7.375
MN,,Mille Lacs,7.375
MN,,Mille Lacs Off Reservation Trust Land,7.375
MN,,Mille Lacs Reservation,11.875
MN,,Mille Lacs Reservation,12.375
MN,,Minneapolis,9.025
MN,,Minneapolis Downtown Taxing District Sp,9.025
MN,,Minnesota Lake,7.375
MN,,Minnetrista,8.525
MN,,Montevideo,7.375
MN,,Moorhead,7.875
MN,,Moose Lake,8.375
MN,,Mora,7.375
MN,,Morrison Co Tr,7.375
MN,,Morse Township,7.375
MN,,Mountain Iron,7.375
MN,,Mower,7.375
MN,,Murray,6.875
MN,,Nashwauk,7.875
MN,,New Auburn,7.375
MN,,New London,7.375
MN,,New Munich,7.5
MN,,New Ulm,7.875
MN,,Nicollet,7.375
MN,,Nobles,7.375
MN,,Norman,7.375
MN,,North Mankato,7.875
MN,,Northrop,7.375
MN,,Norwood Young America,8.375
MN,,Oakdale,8.875
MN,,Ogilvie,7.375
MN,,Olivia,7.375
MN,,Olmsted,7.375
MN,,Ormsby,7.375
MN,,Otsego,7.375
MN,,Otter Tail Co Tr,7.375
MN,,Pennington,6.875
MN,,Perham,7.875
MN,,Pine,7.375
MN,,Pine Island,7.375
MN,,Pipestone,6.875
MN,,Plymouth,8.525
MN,,Polk,7.375
MN,,Pope,6.875
MN,,Proctor,8.875
MN,,Quamba,7.375
MN,,Ranier,7.375
MN,,Red Lake,6.875
MN,,Red Wing,7.375
MN,,Redwood Co Tr,7.375
MN,,Renville,7.375
MN,,Revere,7.375
MN,,Rice,7.375
MN,,Richfield,9.025
MN,,Rochester,8.125
MN,,Rock,6.875
MN,,Rock Creek,7.375
MN,,Rogers,8.775
MN,,Roseau,7.375
MN,,Roseville,8.875
MN,,Sabin,7.375
MN,,Saint Augusta,8.0
MN,,Saint Bonifacius,8.525
MN,,Saint Clair,7.375
MN,,Saint Cloud,7.875
MN,,Saint Cloud,8.0
MN,,Saint Francis,8.125
MN,,Saint Louis,7.375
MN,,Saint Louis Park,8.525
MN,,Saint Martin,7.5
MN,,Saint Paul,9.875
MN,,Saint Peter,7.875
MN,,Sanborn,7.375
MN,,Sartell,7.875
MN,,Sartell,8.0
MN,,Sauk Centre,8.0
MN,,Savage,8.375
MN,,Scandia,8.375
MN,,Schroeder Township,8.375
MN,,Scott,8.375
MN,,Seaforth,7.375
MN,,Shafer,7.375
MN,,Shamrock Township,11.875
MN,,Sherburn,7.375
MN,,Sherburne Co Tr,7.375
MN,,Shoreview,8.375
MN,,Shorewood,8.525
MN,,Sibley,7.375
MN,,South Harbor Township,12.375
MN,,South Saint Paul,8.125
MN,,Spicer,7.875
MN,,Spring Lake Park,8.375
MN,,Spring Park,8.525
MN,,St. Joseph,8.0
MN,,Stacy,7.375
MN,,Staples,7.875
MN,,Stearns Co Tr,7.5
MN,,Steele Co Tr,7.375
MN,,Stephen,6.875
MN,,Stevens,6.875
MN,,Stillwater,8.875
MN,,Stony River Township,7.375
MN,,Swift,6.875
MN,,Taconite,7.875
MN,,Taunton,6.875
MN,,Taylors Falls,7.375
MN,,Todd,7.375
MN,,Tower,7.375
MN,,Traverse,6.875
MN,,Trimont,7.375
MN,,Truman,7.375
MN,,Twin Valley,7.375
MN,,Two Harbors,8.375
MN,,Upsala,7.375
MN,,Vermillion,8.125
MN,,Vesta,7.375
MN,,Victoria,8.375
MN,,Viking  Mn,6.875
MN,,Virginia,8.375
MN,,Wabasha Co Tr,7.375
MN,,Wabasso,7.375
MN,,Waite Park,8.5
MN,,Waldorf,7.375
MN,,Walker,8.875
MN,,Walnut Grove,7.375
MN,,Wanamingo,7.375
MN,,Wanda,7.375
MN,,Waseca,7.375
MN,,Washington,8.375
MN,,Watonwan,7.375
MN,,Watson,7.375
MN,,Wayzata,8.525
MN,,Welcome,7.375
MN,,Wells,7.375
MN,,White Township,7.375
MN,,Wilkin,6.875
MN,,Willmar,7.875
MN,,Wilton,8.0
MN,,Winnebago,7.375
MN,,Winona,7.625
MN,,Winthrop,7.375
MN,,Wolf Lake,7.375
MN,,Woodbury,8.875
MN,,Worthington,7.875
MN,,Wright,7.375
MN,,Wright,7.875
MN,,Yellow Medicine,6.875
MN,,Zumbrota,7.375
MO,,Adair County Ambulance District,5.975
MO,,Adrian,7.975
MO,,Advance,8.413
MO,,Alba,6.6
MO,,Albany,7.725
MO,,Alexandria,8.225
MO,,Allendale,7.6
MO,,Altamont,7.225
MO,,Alton,8.725
MO,,Amsterdam,7.225
MO,,Andrew Co Amb Sp,6.925
MO,,Annapolis,9.225
MO,,Antonia Fire Pro Dist Sp,8.35
MO,,Appleton City,7.6
MO,,Arbyrd,7.9125
MO,,Archie,7.85
MO,,Argyle,8.475
MO,,Arnold Ridgecrest Community Improvement District Sp,11.6
MO,,Arrow Rock,8.725
MO,,Asbury,6.6
MO,,Ash Grove,7.975
MO,,Ashland,9.475
MO,,Ashland East Plaza Cid Sp,10.475
MO,,Atchison,6.475
MO,,Atlanta,7.85
MO,,Audrain Co Amb Dist Sp,6.85
MO,,Augusta,7.45
MO,,Aurora,9.225
MO,,Auxvasse,8.475
MO,,Ava,8.225
MO,,Avilla,5.6
MO,,Bakersfield,8.225
MO,,Ballwin Clarkson Kehr Mill Tdd Tl,9.738
MO,,Barry Co South Barry County Ambulance District Sp,6.725
MO,,Barry Lawrence Co Amb Sp,7.225
MO,,Barry Lawrence Co Amb Sp,7.725
MO,,Barton,6.475
MO,,Bates,5.225
MO,,Bell City,7.663
MO,,Belle,8.975
MO,,Bellflower,8.475
MO,,Belton Cass Regional Tdd Tr,11.1
MO,,Benton,7.725
MO,,Benton City,6.85
MO,,Berger,8.475
MO,,Berkeley,9.738
MO,,Bernie,8.413
MO,,Bertrand,7.725
MO,,Bethany,7.85
MO,,Bethel,8.225
MO,,Bevier,8.35
MO,,Big Cedar Transportation Development District,8.35
MO,,Big River Ambulance Dist,6.85
MO,,Birch Tree,7.725
MO,,Bismarck,8.35
MO,,Blackburn,7.975
MO,,Blackwater,8.225
MO,,Bland,9.6
MO,,Blodgett,8.725
MO,,Bloomfield,7.413
MO,,Bloomsdale,9.6
MO,,Blue Eye,8.475
MO,,Blue Springs,8.725
MO,,Blue Springs Colonial Gardens Community Improvement District,9.725
MO,,Blue Springs Sunset Plaza Cid,9.725
MO,,Blythedale,6.475
MO,,Bolivar,8.85
MO,,Bollinger,6.85
MO,,Bonne Terre,9.35
MO,,Bourbon,9.975
MO,,Bowling Green,9.5375
MO,,Brandsville,6.412
MO,,Branson Butterfly Palace Community Improvement District,11.35
MO,,Branson Historic Downtown Community Improvement District Sp,10.35
MO,,Brashear,6.975
MO,,Braymer,7.725
MO,,Breckenridge,7.725
MO,,Brentwood Eager Tdd Tl,10.738
MO,,Bridgeton,8.988
MO,,Bridgeton Missouri Bottom Road Tdd Tl,10.988
MO,,Brookfield,8.725
MO,,Browning,9.475
MO,,Brumley,7.225
MO,,Brunswick,8.225
MO,,Buchanan,5.825
MO,,Buchanan,6.325
MO,,Bucklin,7.475
MO,,Buckner,8.725
MO,,Buffalo,8.225
MO,,Bunceton,7.225
MO,,Bunker,8.475
MO,,Butler,5.475
MO,,Butler,8.85
MO,,Byrnes Mill,9.85
MO,,Cabool,7.975
MO,,Cairo,6.975
MO,,Caldwell,6.725
MO,,Caledonia,7.725
MO,,Calhoun,7.925
MO,,California,8.475
MO,,Callao,7.85
MO,,Callaway,6.725
MO,,Camden Co Ballparks Of The Ozarks Cid Sp,7.225
MO,,Cameron,9.975
MO,,Cameron,10.975
MO,,Campbell,8.2875
MO,,Canalou,6.225
MO,,Canton,8.975
MO,,Cape Girardeau,5.725
MO,,Cape Girardeau,8.475
MO,,Cape Girardeau,9.475
MO,,Cape Girardeau Rcc Community Improvement District,10.475
MO,,Cardwell,7.9125
MO,,Carl Junction,8.6
MO,,Carroll,6.225
MO,,Carrollton,9.225
MO,,Carthage Peachtree Cid Sp,9.35
MO,,Caruthersville Public Library District Sp,9.725
MO,,Cassville,9.6
MO,,Cedar Co Public Library District Sp,6.475
MO,,Cedar Hill,6.85
MO,,Center,8.375
MO,,Centerview,8.475
MO,,Centerville,6.725
MO,,Centralia,8.475
MO,,Chaffee,8.975
MO,,Chain-O-Lakes,6.725
MO,,Chamois,8.475
MO,,Chariton,6.225
MO,,Chesterfield Blue Valley Community Improvement District Sp,10.113
MO,,Chilhowee,8.475
MO,,Chillicothe Stoneybroo Sp,9.35
MO,,Christian County Ambulance District,6.475
MO,,Christian County Ambulance District,6.975
MO,,Clarence,8.975
MO,,Clark,7.975
MO,,Clark Co Ambulance District,7.225
MO,,Clarksburg,7.975
MO,,Clarksdale,7.225
MO,,Clarksville,8.2875
MO,,Clarkton,7.9125
MO,,Clayton,9.488
MO,,Clayton,10.488
MO,,Clayton 25 North Central Cid Sp,10.488
MO,,Cleveland,7.85
MO,,Clever,8.35
MO,,Clinton,6.225
MO,,Clinton,8.675
MO,,Coffey,7.725
MO,,Cole Camp,8.725
MO,,Cole Camp Ambulance District,7.225
MO,,Columbia,7.975
MO,,Columbia Blue Ridge Town Centre Tdd Tr,8.975
MO,,Columbia Downtown Cid Sp,8.475
MO,,Columbia Shop Stadium Tl,8.975
MO,,Commerce,6.725
MO,,Concordia,8.975
MO,,Conway,6.913
MO,,Cooter,7.225
MO,,Corder,7.975
MO,,Cottleville Old Town Sp,8.95
MO,,Craig,7.725
MO,,Crane,8.475
MO,,Crawford,6.975
MO,,Crestwood,10.488
MO,,Creve Coeur,8.988
MO,,Creve Coeur Olive Grae Tl,9.988
MO,,Crocker,8.475
MO,,Crystal City Twin City Mall Cid Sp,10.1
MO,,Cuba,9.725
MO,,Curryville,8.2875
MO,,Dade County Ambulance District,6.975
MO,,Dallas,6.725
MO,,Dardenne Prairie,9.45
MO,,Dardenne Prairie,10.45
MO,,Daviess,6.225
MO,,Daviess,6.725
MO,,De Soto Hwy 21 Tdd Tl,10.85
MO,,Dearborn,7.325
MO,,Deepwater,7.925
MO,,Dekalb,6.225
MO,,Dekalb,6.725
MO,,Delta,7.225
MO,,Dent,6.475
MO,,Des Peres,9.488
MO,,Desloge,9.35
MO,,Dexter,8.288
MO,,Diamond,8.35
MO,,Diggins,7.808
MO,,Dixon,8.475
MO,,Doniphan,8.225
MO,,Douglas,6.225
MO,,Dover,7.475
MO,,Drexel,8.35
MO,,Dudley,7.413
MO,,Duenweg,7.35
MO,,Dunklin,5.9125
MO,,Dutchtown,5.725
MO,,Eagleville,8.35
MO,,East Lynne,7.35
MO,,East Prairie,8.475
MO,,Easton,6.825
MO,,Edgerton,6.975
MO,,Edina,7.725
MO,,El Dorado Springs,8.475
MO,,Elk Creek,5.975
MO,,Ellis Prairie,5.975
MO,,Ellisville,8.988
MO,,Ellisville,10.988
MO,,Ellsinore Leerjak Cid  Sp,8.225
MO,,Elmer,6.85
MO,,Elsberry,8.475
MO,,Emerald Beach,6.725
MO,,Eminence Tr,9.225
MO,,Emma,7.475
MO,,Eoila,8.2875
MO,,Essex,7.413
MO,,Ethel,6.85
MO,,Eunice,5.975
MO,,Eureka,10.238
MO,,Everton,8.975
MO,,Ewing,8.6
MO,,Excelsior Springs,10.725
MO,,Exeter,7.725
MO,,Fair Grove,8.225
MO,,Fair Play,7.85
MO,,Fairfax,8.475
MO,,Farber,8.35
MO,,Farmington Mineral Area Cid Sp,9.85
MO,,Fayette,9.225
MO,,Fenton,8.238
MO,,Ferguson North County Festival Square Cid Sp,10.738
MO,,Fisk,6.975
MO,,Florida,6.225
MO,,Florissant,8.988
MO,,Florissant Newco Transportation Development District Tl,9.988
MO,,Foley,8.975
MO,,Fordland,8.308
MO,,Forest City,7.725
MO,,Forsyth,8.6
MO,,Frankford,8.2875
MO,,Franklin,9.1
MO,,Franklin Co Fire Pr Dt Sp,7.475
MO,,Franklin Co Hwy 100 Cd Sp,7.975
MO,,Fredericktown,9.225
MO,,Freeman,6.85
MO,,Frontenac Lind Litz Cid Sp,11.238
MO,,Fulton So Bus 54 Tdd Tl,9.725
MO,,Gainesville,8.725
MO,,Galena,9.975
MO,,Gallatin,8.35
MO,,Garden City,7.85
MO,,Gasconade,8.1
MO,,Gentry,5.725
MO,,Gerald,9.475
MO,,Gideon,7.225
MO,,Gilliam,7.35
MO,,Gilman City,7.475
MO,,Gladstone,8.475
MO,,Gladstone,10.475
MO,,Glasgow,8.85
MO,,Golden City,8.35
MO,,Goodman,8.225
MO,,Gordonville,6.225
MO,,Gower,8.575
MO,,Granby,8.475
MO,,Grandin,7.225
MO,,Grandview,9.725
MO,,Granger,5.975
MO,,Grant City,9.1
MO,,Green Castle,7.975
MO,,Green City,8.975
MO,,Green Ridge,8.225
MO,,Greene,5.975
MO,,Greenfield,9.1
MO,,Greentop,7.725
MO,,Greenville,8.975
MO,,Hale,8.225
MO,,Half Way,6.1
MO,,Hallsville,8.6
MO,,Halltown,6.725
MO,,Hamilton,8.725
MO,,Hannibal,10.125
MO,,Hardin,8.225
MO,,Harrisonville Brookhart Tdd Tl,9.225
MO,,Hartshorn,5.975
MO,,Hartville,8.6
MO,,Hawk Point,7.975
MO,,Hayti,9.975
MO,,Hayti Heights,8.725
MO,,Hazelwood,9.988
MO,,Hazelwood,11.988
MO,,Henrietta,9.225
MO,,Herculaneum,9.85
MO,,Herculaneum Mcnutt Rd Corridor Cid Sp,10.85
MO,,Hermann,9.975
MO,,Hermitage,7.725
MO,,Hickory,6.225
MO,,Higbee,7.475
MO,,Higginsville,8.975
MO,,High Hill,7.475
MO,,Highlandville Cid Sp,8.975
MO,,Hillsboro Peach Tree Cid Sp,10.225
MO,,Holden,9.975
MO,,Holland,7.225
MO,,Hollister,8.35
MO,,Hollister Parkway Plaza Community Improvement District,9.35
MO,,Holt,8.225
MO,,Holts Summit,9.725
MO,,Hopkins,7.6
MO,,Houston,8.725
MO,,Howard,7.1
MO,,Howell,6.412
MO,,Huggins,5.975
MO,,Humansville,7.975
MO,,Hume,6.475
MO,,Hunnewell,8.225
MO,,Huntsville,7.475
MO,,Hurley,7.975
MO,,Iberia,9.225
MO,,Independence,9.6
MO,,Independence,10.6
MO,,Independence Arrowhead Cid Sp,9.6
MO,,Independence Fairmount Community Improvement District,9.6
MO,,Independence Noland Road Cid Sp,9.35
MO,,Independence Pavilions At Hartman Heritage Community Improvement District,10.725
MO,,Independnce 23 Str Cid Sp,9.6
MO,,Indian Point,10.475
MO,,Iron County Hospital District Hpd Sp,7.225
MO,,Irondale,8.225
MO,,Ironton,9.225
MO,,Jamesport,7.725
MO,,Jamestown,7.975
MO,,Jasper,5.6
MO,,Jasper,7.6
MO,,Jefferson City,7.85
MO,,Jefferson City,8.975
MO,,Jefferson City Capital Mall Cid Sp,8.85
MO,,Jefferson Co Valle Ambulance District Sp,6.85
MO,,Joachim Plattin Amb Sp,6.85
MO,,Johnson,7.475
MO,,Jonesburg,7.975
MO,,Joplin,8.725
MO,,Joplin 1717 Market Tdd Tl,10.85
MO,,Joplin 32nd Street Place Community Improvement District,11.975
MO,,Kahoka,8.225
MO,,Kansas City,8.725
MO,,Kansas City,8.975
MO,,Kansas City,9.1
MO,,Kansas City,9.725
MO,,Kansas City,9.975
MO,,Kansas City,10.975
MO,,Kansas City & Lees Summit 470 Western Gateway Tdd,9.975
MO,,Kansas City 1200 Main Tl,11.975
MO,,Kansas City 210 Hwy Td Tl,10.725
MO,,Kansas City Antioch Ct Sp,9.725
MO,,Kansas City Blue Ridge Crossing Community Improvement District,9.975
MO,,Kansas City Briarcl Td Tl,9.225
MO,,Kansas City Broadway Area Cid Sp,10.975
MO,,Kansas City Crossroads Community Improvement District,10.475
MO,,Kansas City Hillcrest Community Improvement District,9.975
MO,,Kansas City Independence Avenue Community Improvement District Sp,9.975
MO,,Kansas City Missouri District 10 Port Improvement District,11.975
MO,,Kansas City Missouri District 11 Port Improvement District,9.975
MO,,Kansas City Missouri District 8 Port Improvement District,11.975
MO,,Kansas City Missouri Pid 4 Sp,11.475
MO,,Kansas City Mo150 & 135th Street Tdd,10.475
MO,,Kansas City Northland Gateway Community Improvement District,9.225
MO,,Kansas City Red Bridge Shopping Center Cid Sp,9.975
MO,,Kansas City The Tiffany Frolics Community Improvement District,9.725
MO,,Kansas City Troost Avenue Community Improvement District Sp,10.475
MO,,Kansas City Truman Rd Sp,9.475
MO,,Kansas City Twin Creeks Center Cid Sp,9.725
MO,,Kansas City Waldo Cid Sp,9.475
MO,,Kansas City Waldo Cid Sp,10.475
MO,,Kansas City West Bottoms Central Community Improvement District,10.975
MO,,Kansas Cty Shop On Blu Sp,9.975
MO,,Kc/Martin City Cid,9.475
MO,,Kearney West Side Comm Sp,9.975
MO,,Kelso,7.725
MO,,Kennett,9.1625
MO,,Kewanee,6.225
MO,,Keytesville,7.225
MO,,Kidder,7.725
MO,,Kimberling City,9.975
MO,,Kimmswick,8.85
MO,,King City,7.225
MO,,Kingdom City,8.725
MO,,Kingsville,8.975
MO,,Kirbyville,7.35
MO,,Kirksville North Baltimore Street Cid Sp,9.725
MO,,Kirkwood Station Plaza Tl,10.738
MO,,Knob Noster,9.975
MO,,Knox,6.225
MO,,Koshkonong,9.725
MO,,La Belle,8.35
MO,,La Grange,8.35
MO,,La Plata,8.35
MO,,Laclede,8.475
MO,,Laddonia,8.85
MO,,Lafayette,6.975
MO,,Lake Lotawana,9.725
MO,,Lake Lotawana Cid Sp,10.725
MO,,Lake Ozark,9.475
MO,,Lake Ozark Eagles Landing Cid Sp,10.475
MO,,Lake Ozark Fpd Ambulance Service District,6.725
MO,,Lamar,9.475
MO,,Lanagan,8.225
MO,,Lancaster,7.225
MO,,Lathrop,9.725
MO,,Laurie,8.225
MO,,Lawrence,6.725
MO,,Lawson,8.725
MO,,Leadwood,8.35
MO,,Leasburg,8.475
MO,,Lebanon Southdale Center Community Improvement District Sp,9.413
MO,,Lees Summit,8.475
MO,,Lees Summit Downtown Cid Sp,9.475
MO,,Lees Summit I-470 And View High Cid Sp,10.475
MO,,Lees Summit Raintree Village Community Improvement District,9.475
MO,,Leeton,9.475
MO,,Lentner,7.225
MO,,Leonard,7.225
MO,,Levasy,6.725
MO,,Lewis,7.35
MO,,Lewistown,8.35
MO,,Lexington,8.975
MO,,Liberal,7.475
MO,,Liberty,9.85
MO,,Liberty Water Street Community Improvement District,11.85
MO,,Licking,8.475
MO,,Lilbourn,7.225
MO,,Lincoln,6.975
MO,,Lincoln,8.475
MO,,Linn,9.225
MO,,Linn County Ambulance District,6.475
MO,,Linn Creek,9.975
MO,,Livingston,5.85
MO,,Livonia,7.225
MO,,Lock Springs,6.225
MO,,Lockwood,9.475
MO,,Logan Estates Cid Sp,9.225
MO,,Lohman,6.6
MO,,Lone Jack,8.225
MO,,Louisiana,9.5375
MO,,Lowry City,6.975
MO,,Macon,6.85
MO,,Macon,9.1
MO,,Madison,6.725
MO,,Maitland,7.725
MO,,Malden,8.1625
MO,,Malta Bend,7.225
MO,,Mansfield,8.475
MO,,Maplewood Deer Creek Center Cid Sp,10.488
MO,,Marble Hill,8.85
MO,,Marceline,8.975
MO,,Maries Osage Ambulance District,7.391
MO,,Maries Osage Ambulance District,7.475
MO,,Marionville,9.225
MO,,Marlborough Grant Center Cid Sp,9.988
MO,,Marquand,8.725
MO,,Marshall,8.475
MO,,Marshfield,8.808
MO,,Marston,9.225
MO,,Marthasville,8.475
MO,,Martinsburg,8.35
MO,,Maryland Heights Westport Plaza Tdd Tl,10.738
MO,,Maryville Mary Mart Cid Sp,10.1
MO,,Matthews,9.225
MO,,Maysville,7.975
MO,,Mayview,7.975
MO,,Mcdonald,6.225
MO,,Memphis,7.475
MO,,Mendon,7.225
MO,,Meramec Ambulance District,6.975
MO,,Mercer,7.975
MO,,Mercer,8.975
MO,,Meta,7.975
MO,,Metz,5.225
MO,,Mexico,8.85
MO,,Milan,8.475
MO,,Mill Spring,6.975
MO,,Miller,9.975
MO,,Miller County Ambulance District,6.225
MO,,Mindenmines,7.475
MO,,Miner Gateway Cid Sp,10.975
MO,,Mississippi,5.975
MO,,Missouri City,6.475
MO,,Moberly Downtown Cid Sp,9.475
MO,,Mokane,7.725
MO,,Monett Marketplace Cid Sp,10.475
MO,,Moniteau,6.975
MO,,Monroe,5.725
MO,,Monroe City,9.375
MO,,Montgomery City,7.975
MO,,Montrose,7.925
MO,,Morehouse,8.225
MO,,Morgan,6.225
MO,,Morley,7.725
MO,,Morrisville,8.6
MO,,Mosby,6.975
MO,,Mound City,8.225
MO,,Mount Vernon,9.725
MO,,Mount Vernon Ambulance District,7.225
MO,,Mountain Grove,8.975
MO,,Mountain View,8.412
MO,,Naylor,7.725
MO,,Neelyville,6.475
MO,,Neosho / Big Spring Plaza Cid,9.85
MO,,Nevada,8.725
MO,,New Bloomfield,8.225
MO,,New Cambria,7.85
MO,,New Florence,8.475
MO,,New Franklin,9.1
MO,,New Hampton,6.475
MO,,New Haven,9.725
MO,,New London,8.625
MO,,New Madrid,8.725
MO,,New Melle,7.95
MO,,Newburg,7.35
MO,,Newton,5.85
MO,,Newtonia,6.85
MO,,Niangua,7.808
MO,,Nixa Mccroskey Street Cid Sp,9.725
MO,,Nodaway,6.6
MO,,Norborne,7.725
MO,,Normandy,10.238
MO,,North Harrison Fire Protection District,6.475
MO,,Norwood,8.1
MO,,Novinger,7.975
MO,,O Fallon,8.95
MO,,Oak Grove,9.475
MO,,Oak Grove Bridgewood Sp,9.725
MO,,Odessa,8.975
MO,,Old Monroe,8.475
MO,,Olivette,10.238
MO,,Oran,8.225
MO,,Oregon,6.725
MO,,Oregon,7.725
MO,,Oronogo,7.6
MO,,Orrick,9.225
MO,,Osage Ambulance District,7.475
MO,,Osage Beach,8.725
MO,,Osage Beach,10.225
MO,,Osage Beach Fire Protection District,6.725
MO,,Osceola,7.6
MO,,Otterville,7.225
MO,,Overland,8.988
MO,,Overland,9.988
MO,,Owensville,9.6
MO,,Ozark,7.225
MO,,Ozark Town Cny Vil Cid Sp,10.85
MO,,Pacific Osage Cid Sp,10.475
MO,,Palmyra,8.1
MO,,Paris,8.225
MO,,Parkville,7.975
MO,,Parkville Commons Tdd Tl,9.975
MO,,Parkville Old Town Mkt Sp,8.975
MO,,Parma,8.225
MO,,Pattonsburg,7.725
MO,,Peculiar 211th St Cid Sp,10.35
MO,,Pemiscot,7.225
MO,,Perry,6.6
MO,,Perry,8.375
MO,,Perryville,8.475
MO,,Perryville,9.475
MO,,Pettis Co Ambulance District Sp,6.225
MO,,Pevely,10.35
MO,,Phelps,5.35
MO,,Piedmont,8.475
MO,,Pierce City,10.35
MO,,Pike,7.2875
MO,,Pike,7.7875
MO,,Pilot Grove,8.225
MO,,Pilot Knob,9.225
MO,,Pine Lawn,10.488
MO,,Pineville,8.225
MO,,Pineville Fire Protection District,6.725
MO,,Plato,6.975
MO,,Platte,5.475
MO,,Platte Cty Valley Plza Tl,8.85
MO,,Plattsburg,8.225
MO,,Pleasant Hill,9.1
MO,,Pleasant Hope,7.6
MO,,Pocahontas,5.725
MO,,Polo,8.225
MO,,Poplar Bluff,7.975
MO,,Poplar Bluff Kelly Town Plaza Cid Sp,8.975
MO,,Portage Des Sioux,6.95
MO,,Potosi,9.225
MO,,Potosi Fire Protection District,7.225
MO,,Prairie Home,7.225
MO,,Preston,7.225
MO,,Princeton,9.475
MO,,Pulaski County Amulance District,6.475
MO,,Purcell,6.6
MO,,Purdy,9.225
MO,,Putnam,7.225
MO,,Puxico,7.663
MO,,Queen City,8.725
MO,,Qulin,6.975
MO,,Ralls County Emergency Services District,6.375
MO,,Randolph,6.975
MO,,Ray Co Orrick Fire Dis Sp,7.725
MO,,Ray County Ambulance Dist,7.225
MO,,Raymondville,6.975
MO,,Raymore Galleria Cid Sp,10.1
MO,,Renick,5.975
MO,,Republic,9.1
MO,,Republic Farm Road 93 Community Improvement District,10.1
MO,,Reynolds Co Ambulance District Sp,5.725
MO,,Rhineland,7.975
MO,,Rich Hill,8.475
MO,,Richland,8.975
MO,,Richmond Heights Cheshire Cid Sp,11.488
MO,,Ridgeway,7.725
MO,,Ripley,5.725
MO,,Ripley,6.225
MO,,Risco,7.225
MO,,River Bend,8.725
MO,,Riverside,7.975
MO,,Rives,5.9125
MO,,Roby,5.975
MO,,Rocheport,7.475
MO,,Rock Hill T3 Mkt Mckni Tl,11.238
MO,,Rock Port,8.725
MO,,Rockaway Beach,8.35
MO,,Rockville,6.225
MO,,Rolla,7.6
MO,,Rolla Forum Plaza Cid Sp,8.6
MO,,Rolla Move Rolla Regional Tdd Tl,8.6
MO,,Roscoe,4.725
MO,,Rosebud,8.6
MO,,Rush Hill,6.85
MO,,Rutledge,6.975
MO,,Saddlebrook,7.975
MO,,Saginaw,6.85
MO,,Saint Ann Adie St Charles Rock Road Cid Sp,12.238
MO,,Saint Charles Riverfro Sp,9.95
MO,,Saint Charles Riverpointe Community Improvement District,8.95
MO,,Saint Charles West Clay Extension Cid Sp,8.95
MO,,Saint James Ambul Dist Sp,7.891
MO,,Saint Joseph Downtown Cid Sp,10.2
MO,,Saint Joseph Gateway Tl,11.2
MO,,Saint Joseph The Commons Community Improvement District Sp,10.7
MO,,Saint Louis 501 Olive Cid Sp,11.679
MO,,Saint Louis Bevo Community Improvement District,10.679
MO,,Saint Louis Cb5421 Tdd Tl,11.679
MO,,Saint Louis Cherokee Street Cid Sp,10.679
MO,,Saint Louis Co Green Trails Cid Sp,8.738
MO,,Saint Louis Co Tr,7.738
MO,,Saint Louis Food Hub Tr,11.679
MO,,Saint Louis Hampton Berthold Tdd Tr,11.679
MO,,Saint Louis Loop Tr Td Tl,11.679
MO,,Saint Louis North Broadway Carrie Cid Sp,11.679
MO,,Saint Mary,9.1
MO,,Saint Peters Shoppes Of Mid Rivers Cid Sp,8.95
MO,,Saint Robert Liberty Commons Cid Sp,9.725
MO,,Salem,9.35
MO,,Saline,6.225
MO,,Salisbury,8.1
MO,,Salt River Ambulance District,7.225
MO,,Sarcoxie,8.1
MO,,Savannah,9.425
MO,,Schuyler,6.225
MO,,Scott,6.725
MO,,Sedalia,8.725
MO,,Sedalia 1705 Broadway Cid Sp,9.725
MO,,Seligman,9.975
MO,,Senath,7.9125
MO,,Seneca,8.85
MO,,Seymour,8.558
MO,,Shannon,5.725
MO,,Shelbina,9.475
MO,,Shelbyville,8.225
MO,,Sheldon,6.725
MO,,Shrewsbury,9.238
MO,,Sikeston,9.725
MO,,Silex,7.975
MO,,Skidmore,8.1
MO,,Slater,8.225
MO,,Smithton,7.225
MO,,Smithville Shops At Smithville Community Improvement District,9.975
MO,,So Stone County Fire Protect Dist,7.475
MO,,Solo,5.975
MO,,South West City,7.975
MO,,Sparta,8.725
MO,,Springfield,8.1
MO,,Springfield,9.1
MO,,Springfield Brody Corners Community Improvement District,9.1
MO,,Springfield Coll St Td Tl,10.6
MO,,Springfield Downtn Cid Sp,8.6
MO,,Springfield Glenstone And East Kearney Tdd Tl,10.1
MO,,St Clair I 44 Hwy 47 Tl,10.475
MO,,St Joseph The Shoppes At North Village Community Improvement District #2,10.7
MO,,St Louis Euclid Buck Tl,11.679
MO,,St Louis Ice Center Cid,9.238
MO,,St Louis Tucker And Cass Cid Sp,10.679
MO,,St. Clair Fire Protection District,7.475
MO,,St. Elizabeth,7.225
MO,,St. Francois,6.35
MO,,St. James,8.35
MO,,St. Joseph,9.7
MO,,St. Louis,9.679
MO,,St. Louis,10.679
MO,,St. Louis,11.679
MO,,St. Louis / 2017 Chouteau Cid,11.679
MO,,St. Louis Co/Tori Pines Cid,8.238
MO,,St. Martins,7.6
MO,,St. Robert,8.725
MO,,St.Genevieve County Ambulance Dist,7.6
MO,,St.Louis/South Grand Cid,10.179
MO,,Stanberry,7.225
MO,,Ste. Genevieve,9.6
MO,,Steele,9.725
MO,,Steelville,10.975
MO,,Steelville Ambulance District,7.475
MO,,Stella,6.35
MO,,Stewartsville,8.6
MO,,Stockton,8.725
MO,,Stoddard Co Esd Sp,6.413
MO,,Stoutland,7.225
MO,,Stover,8.225
MO,,Strafford,8.558
MO,,Strasburg,7.35
MO,,Sturgeon,7.975
MO,,Sullivan,7.475
MO,,Sullivan Fire Protection District,6.975
MO,,Sullivan Marketplace Cid Sp,9.975
MO,,Summersville,7.475
MO,,Sunrise Beach Market Center Community Improvement District,9.225
MO,,Sunset Hills,9.988
MO,,Sweet Springs,8.725
MO,,Syracuse,7.225
MO,,Tallapoosa,6.225
MO,,Taney,6.35
MO,,Taneyville,7.35
MO,,Tarkio,9.475
MO,,Texas,5.975
MO,,Thayer,8.725
MO,,Theodosia,8.725
MO,,Tipton,8.725
MO,,Town And Country,8.988
MO,,Trenton,8.35
MO,,Trimble,7.725
MO,,Troy,9.475
MO,,Troy / Lincoln Crossing Cid,10.475
MO,,Truesdale,9.475
MO,,Tuscumbia,7.225
MO,,Union /East Main & Hwy 47 Cid,10.475
MO,,Union Star,7.225
MO,,Unionville,9.1
MO,,Urbana,8.225
MO,,Urich,8.175
MO,,Valley Park T2x6 Mera Tl,9.738
MO,,Van Buren Black Mountain Cid Sp,9.225
MO,,Vandalia,8.35
MO,,Vanduser,7.725
MO,,Vernon,5.225
MO,,Versailles,8.725
MO,,Viburnum,8.725
MO,,Vienna,9.391
MO,,Walnut Grove,7.975
MO,,Wardell,8.475
MO,,Warren,6.975
MO,,Warrenton,10.225
MO,,Warsaw,9.1
MO,,Warsaw Lincoln Ambulance District,6.725
MO,,Washburn,8.725
MO,,Washington Phoenix Ctr Sp,9.6
MO,,Waverly,10.475
MO,,Wayland,8.225
MO,,Wayne,5.975
MO,,Waynesville Westgate Sp,9.725
MO,,Weaubleau,7.725
MO,,Webb City,8.1
MO,,Webster,6.308
MO,,Wellington,6.975
MO,,Wellsville,8.225
MO,,Wentzville,8.45
MO,,Wentzville,10.45
MO,,West Alton,6.95
MO,,West Plains/South 160 Cid,9.412
MO,,Weston,7.85
MO,,Westphalia,8.475
MO,,Wheatland,8.225
MO,,Wheaton,8.1
MO,,Whiteman Air Force Base,7.475
MO,,Wildwood/Cross Com Dev Sp,9.238
MO,,Willard,7.975
MO,,Willow Springs,7.662
MO,,Windsor,8.675
MO,,Windsor Place,9.725
MO,,Winfield,8.475
MO,,Winona,8.725
MO,,Woodson Terrace,11.488
MO,,Worth,6.6
MO,,Wright,6.1
MO,,Wright City,9.725
MO,,Wyaconda,8.225
MO,,Wyatt,6.975
MO,,Yukon,5.975
MS,,Adams,7.0
MS,,Algoma,7.0
MS,,Alligator,7.0
MS,,Amite,7.0
MS,,Artesia,7.0
MS,,Attala,7.0
MS,,Bay Saint Louis,7.0
MS,,Belzoni,7.0
MS,,Benoit,7.0
MS,,Benton,7.0
MS,,Beulah,7.0
MS,,Big Creek,7.0
MS,,Biloxi,7.0
MS,,Bolivar,7.0
MS,,Boyle,7.0
MS,,Brandon,7.0
MS,,Brookhaven,7.0
MS,,Bude,7.0
MS,,Calhoun,7.0
MS,,Carroll,7.0
MS,,Carrollton,7.0
MS,,Chickasaw,7.0
MS,,Clay,7.0
MS,,Cleveland,7.0
MS,,Clinton,7.0
MS,,Coahoma,7.0
MS,,Collins,7.0
MS,,Columbia,7.0
MS,,Columbus,7.0
MS,,Copiah,7.0
MS,,Corinth,7.0
MS,,Crowder,7.0
MS,,D'lo,7.0
MS,,Derma,7.0
MS,,Desoto,7.0
MS,,Forrest,7.0
MS,,Friars Point,7.0
MS,,Greene,7.0
MS,,Greenville,7.0
MS,,Greenwood,7.0
MS,,Grenada,7.0
MS,,Gulfport,7.0
MS,,Hancock,7.0
MS,,Harrison,7.0
MS,,Hattiesburg,7.0
MS,,Hinds,7.0
MS,,Holly Springs,7.0
MS,,Holmes,7.0
MS,,Houston,7.0
MS,,Humphreys,7.0
MS,,Issaquena,7.0
MS,,Itawamba,7.0
MS,,Jackson,7.0
MS,,Jackson,8.0
MS,,Jasper,7.0
MS,,Jefferson,7.0
MS,,Jefferson Davis,7.0
MS,,Jones,7.0
MS,,Jonestown,7.0
MS,,Kemper,7.0
MS,,Lafayette,7.0
MS,,Lamar,7.0
MS,,Lauderdale,7.0
MS,,Laurel,7.0
MS,,Lawrence,7.0
MS,,Leake,7.0
MS,,Lee,7.0
MS,,Leflore,7.0
MS,,Lincoln,7.0
MS,,Lowndes,7.0
MS,,Madison,7.0
MS,,Marion,7.0
MS,,Marshall,7.0
MS,,Mayersville,7.0
MS,,Mccomb,7.0
MS,,Meridian,7.0
MS,,Monroe,7.0
MS,,Montgomery,7.0
MS,,Morgan City,7.0
MS,,Natchez,7.0
MS,,Neshoba,7.0
MS,,Newton,7.0
MS,,Noxubee,7.0
MS,,Ocean Springs,7.0
MS,,Oktibbeha,7.0
MS,,Pace,7.0
MS,,Panola,7.0
MS,,Pascagoula,7.0
MS,,Pearl River,7.0
MS,,Perry,7.0
MS,,Pike,7.0
MS,,Pittsboro,7.0
MS,,Pontotoc,7.0
MS,,Port Gibson,7.0
MS,,Prentiss,7.0
MS,,Quitman,7.0
MS,,Rankin,7.0
MS,,Ridgeland,7.0
MS,,Rosedale,7.0
MS,,Satartia,7.0
MS,,Scott,7.0
MS,,Sebastopol,7.0
MS,,Sharkey,7.0
MS,,Sherman,7.0
MS,,Shubuta,7.0
MS,,Simpson,7.0
MS,,Slate Springs,7.0
MS,,Smith,7.0
MS,,Southaven,7.0
MS,,Starkville,7.0
MS,,Stonewall,7.0
MS,,Sunflower,7.0
MS,,Tallahatchie,7.0
MS,,Tate,7.0
MS,,Tippah,7.0
MS,,Tishomingo,7.0
MS,,Toccopola,7.0
MS,,Tunica,7.0
MS,,Tupelo,7.25
MS,,Union,7.0
MS,,Vardaman,7.0
MS,,Vicksburg,7.0
MS,,Walls,7.0
MS,,Walthall,7.0
MS,,Warren,7.0
MS,,Washington,7.0
MS,,Wayne,7.0
MS,,Waynesboro,7.0
MS,,Webb,7.0
MS,,Webster,7.0
MS,,Weir,7.0
MS,,West Pearl Restaurant Taxing District,7.0
MS,,Wilkinson,7.0
MS,,Winston,7.0
MS,,Winstonville,7.0
MS,,Woodland,7.0
MS,,Woodville,7.0
MS,,Yalobusha,7.0
MS,,Yazoo,7.0
MT,,Anaconda,0.0
MT,,Beaverhead,0.0
MT,,Belgrade,0.0
MT,,Big Horn,0.0
MT,,Big Mountain Resort Area District,0.0
MT,,Big Sky Resort Area,0.0
MT,,Billings,0.0
MT,,Blackfeet Indian Reservation,0.0
MT,,Blaine,0.0
MT,,Bozeman,0.0
MT,,Broadwater,0.0
MT,,Browning,0.0
MT,,Butte,0.0
MT,,Carbon,0.0
MT,,Carter,0.0
MT,,Cascade,0.0
MT,,Chouteau,0.0
MT,,Cooke City & Silver Gate & Colter Pass Resort Area,0.0
MT,,Custer,0.0
MT,,Daniels,0.0
MT,,Dawson,0.0
MT,,Fallon,0.0
MT,,Fergus,0.0
MT,,Flathead,0.0
MT,,Gallatin,0.0
MT,,Garfield,0.0
MT,,Golden Valley,0.0
MT,,Granite,0.0
MT,,Great Falls,0.0
MT,,Hamilton,0.0
MT,,Helena,0.0
MT,,Hill,0.0
MT,,Jefferson,0.0
MT,,Judith Basin,0.0
MT,,Kalispell,0.0
MT,,Lake,0.0
MT,,Lewis And Clark,0.0
MT,,Liberty,0.0
MT,,Lincoln,0.0
MT,,Madison,0.0
MT,,Mccone,0.0
MT,,Meagher,0.0
MT,,Mineral,0.0
MT,,Missoula,0.0
MT,,Musselshell,0.0
MT,,Park,0.0
MT,,Phillips,0.0
MT,,Pondera,0.0
MT,,Powder River,0.0
MT,,Powell,0.0
MT,,Prairie,0.0
MT,,Ravalli,0.0
MT,,Richland,0.0
MT,,Roosevelt,0.0
MT,,Rosebud,0.0
MT,,Sanders,0.0
MT,,Sheridan,0.0
MT,,Stillwater,0.0
MT,,Sweet Grass,0.0
MT,,Teton,0.0
MT,,Three Forks,0.0
MT,,Toole,0.0
MT,,Treasure,0.0
MT,,Valley,0.0
MT,,Walkerville,0.0
MT,,Wheatland,0.0
MT,,Wibaux,0.0
MT,,Yellowstone,0.0
NC,,Aberdeen,7.0
NC,,Ahoskie,7.0
NC,,Alamance,6.75
NC,,Albemarle,7.0
NC,,Alexander,7.0
NC,,Alleghany,7.0
NC,,Alliance,6.75
NC,,Angier,7.25
NC,,Anson,7.0
NC,,Ansonville,7.0
NC,,Apex,7.25
NC,,Arapahoe,6.75
NC,,Archdale,7.0
NC,,Archer Lodge,6.75
NC,,Ashe,7.0
NC,,Asheboro,7.0
NC,,Asheville,7.0
NC,,Atkinson,6.75
NC,,Atlantic,6.75
NC,,Aurora,6.75
NC,,Autryville,7.0
NC,,Averasboro,7.0
NC,,Avery,6.75
NC,,Avon,6.75
NC,,Ayden,7.0
NC,,Badin,7.0
NC,,Bailey,6.75
NC,,Bakersville  Nc,6.75
NC,,Banner Elk,6.75
NC,,Bath,6.75
NC,,Bear Grass,7.0
NC,,Beaufort,6.75
NC,,Beech Mountain,6.75
NC,,Belmont,7.0
NC,,Benson,6.75
NC,,Bermuda Run,6.75
NC,,Bertie,7.0
NC,,Bessemer City,7.0
NC,,Bethania,7.0
NC,,Bethel,7.0
NC,,Beulaville,7.0
NC,,Biscoe,7.0
NC,,Black Creek,6.75
NC,,Bladen,6.75
NC,,Blowing Rock,6.75
NC,,Boardman,6.75
NC,,Boiling Springs,6.75
NC,,Bolton,6.75
NC,,Boone,6.75
NC,,Boonville,6.75
NC,,Bostic,7.0
NC,,Brevard,6.75
NC,,Bridgeton,6.75
NC,,Broadway,7.0
NC,,Brookford,7.0
NC,,Brunswick,6.75
NC,,Buncombe,7.0
NC,,Bunn,6.75
NC,,Burgaw,6.75
NC,,Burke,6.75
NC,,Burlington,6.75
NC,,Butner,6.75
NC,,Buxton,6.75
NC,,Cajah's Mountain,6.75
NC,,Caldwell,6.75
NC,,Calypso,7.0
NC,,Camden,6.75
NC,,Cameron,7.0
NC,,Canton,7.0
NC,,Carolina Beach,7.0
NC,,Carteret,6.75
NC,,Carthage,7.0
NC,,Cary,7.25
NC,,Castalia,6.75
NC,,Caswell,6.75
NC,,Catawba,7.0
NC,,Cerro Gordo,6.75
NC,,Chadbourn,6.75
NC,,Chapel Hill,7.5
NC,,Charlotte,8.25
NC,,Chatham,7.0
NC,,Cherokee,7.0
NC,,Cherokee,16.0
NC,,Cherryville,7.0
NC,,Chimney Rock,7.0
NC,,China Grove,7.0
NC,,Chowan,6.75
NC,,Clarkton,6.75
NC,,Clay,7.0
NC,,Clayton,6.75
NC,,Clemmons,7.0
NC,,Cleveland,7.0
NC,,Clinton,7.0
NC,,Clyde,7.0
NC,,Coats,7.0
NC,,Colington,6.75
NC,,Columbia,6.75
NC,,Columbus,6.75
NC,,Como,7.0
NC,,Concord,7.0
NC,,Conetoe,7.0
NC,,Conover,7.0
NC,,Conway,6.75
NC,,Cooleemee,6.75
NC,,Cove City,6.75
NC,,Cramerton,7.0
NC,,Craven,6.75
NC,,Creswell,7.0
NC,,Crossnore,6.75
NC,,Cumberland Co Outside Fort Bragg And Pope Afb Sp,7.0
NC,,Dallas,7.0
NC,,Danbury,6.75
NC,,Dare,6.75
NC,,Davidson,7.0
NC,,Davidson,8.25
NC,,Denton,7.0
NC,,Dillsboro,7.0
NC,,Dobbins Heights,6.75
NC,,Drexel,6.75
NC,,Dublin,6.75
NC,,Dunn,7.0
NC,,Duplin,7.0
NC,,Durham,7.5
NC,,Durham Co Tr,7.5
NC,,Earl,6.75
NC,,East Bend,6.75
NC,,East Lake,6.75
NC,,East Spencer,7.0
NC,,Eden,7.0
NC,,Edenton,6.75
NC,,Edgecombe,7.0
NC,,Elizabeth City,6.75
NC,,Elizabeth City,7.0
NC,,Ellenboro,7.0
NC,,Emerald Isle,6.75
NC,,Enfield,7.0
NC,,Engelhard,6.75
NC,,Eureka,6.75
NC,,Everetts,7.0
NC,,Fair Bluff,6.75
NC,,Fairmont,7.0
NC,,Fairview,6.75
NC,,Faith,7.0
NC,,Falcon,7.0
NC,,Falkland,7.0
NC,,Fallston,6.75
NC,,Fayetteville,7.0
NC,,Flat Rock,6.75
NC,,Fletcher,6.75
NC,,Fontana Dam,7.0
NC,,Forest Hills,7.0
NC,,Forsyth,7.0
NC,,Fountain,7.0
NC,,Foxfire,7.0
NC,,Franklin,6.75
NC,,Franklinton,6.75
NC,,Franklinville,7.0
NC,,Frisco,6.75
NC,,Fuquay-Varina,7.25
NC,,Garland,7.0
NC,,Garner,7.25
NC,,Garysburg,6.75
NC,,Gaston,7.0
NC,,Gastonia,7.0
NC,,Gates,6.75
NC,,Gatesville,6.75
NC,,Gibson,6.75
NC,,Glen Alpine,6.75
NC,,Goldsboro,6.75
NC,,Goldston,7.0
NC,,Graham,7.0
NC,,Graham,16.0
NC,,Grandfather,6.75
NC,,Granite Quarry,7.0
NC,,Granville,6.75
NC,,Greene,7.0
NC,,Greenevers,7.0
NC,,Greensboro,6.75
NC,,Greenville,7.0
NC,,Grifton,7.0
NC,,Grimesland,7.0
NC,,Guilford,6.75
NC,,Halifax,7.0
NC,,Hamilton,7.0
NC,,Harmony,6.75
NC,,Harnett,7.0
NC,,Harrells,7.0
NC,,Harrellsville,7.0
NC,,Hassell,7.0
NC,,Hatteras,6.75
NC,,Havelock,6.75
NC,,Hayesville,7.0
NC,,Haywood,7.0
NC,,Henderson,6.75
NC,,Hendersonville,6.75
NC,,Hertford,6.75
NC,,Hertford,7.0
NC,,Hickory,7.0
NC,,High Point,6.75
NC,,High Point,7.0
NC,,Highlands,7.0
NC,,Hildebran,6.75
NC,,Hobgood,7.0
NC,,Holly Ridge,7.0
NC,,Hookerton,7.0
NC,,Hope Mills,7.0
NC,,Hot Springs,7.0
NC,,Huntersville,8.25
NC,,Indian Beach,6.75
NC,,Iredell,6.75
NC,,Jackson,6.75
NC,,Jackson,7.0
NC,,Jacksonville,7.0
NC,,Jamesville,7.0
NC,,Jefferson,7.0
NC,,Jones,7.0
NC,,Kannapolis,7.0
NC,,Kelford,7.0
NC,,Kenansville,7.0
NC,,Kenly,6.75
NC,,Kernersville,7.0
NC,,Kill Devil Hills,6.75
NC,,King,7.0
NC,,Kinston,6.75
NC,,Kittrell,6.75
NC,,Knightdale,7.25
NC,,Kure Beach,7.0
NC,,Lake Lure,7.0
NC,,Lake Waccamaw,6.75
NC,,Lansing,7.0
NC,,Lattimore,6.75
NC,,Laurinburg,6.75
NC,,Lee,7.0
NC,,Leggett,7.0
NC,,Leland,6.75
NC,,Lenoir,6.75
NC,,Lewiston Woodville,7.0
NC,,Lewisville,7.0
NC,,Lexington,7.0
NC,,Liberty,7.0
NC,,Lilesville,7.0
NC,,Lillington,7.0
NC,,Lincolnton,7.0
NC,,Linden,7.0
NC,,Littleton,7.0
NC,,Locust,7.0
NC,,Lowell,7.0
NC,,Lucama,6.75
NC,,Lumber Bridge,7.0
NC,,Lumberton,7.0
NC,,Macclesfield,7.0
NC,,Macon,6.75
NC,,Macon,15.75
NC,,Madison,7.0
NC,,Maggie Valley,7.0
NC,,Magnolia,7.0
NC,,Maiden,7.0
NC,,Mainland,6.75
NC,,Marietta,7.0
NC,,Marion,6.75
NC,,Mars Hill,7.0
NC,,Martin,7.0
NC,,Matthews,8.25
NC,,Maxton,7.0
NC,,Mayodan,7.0
NC,,Maysville,7.0
NC,,Mcadenville,7.0
NC,,Mcdowell,6.75
NC,,Mcfarlan,7.0
NC,,Mecklenburg County Nascar Hall Of Fame Tax,8.25
NC,,Micro,6.75
NC,,Middleburg,6.75
NC,,Middlesex,6.75
NC,,Midway,7.0
NC,,Mills River,6.75
NC,,Milton,6.75
NC,,Mineral Springs,6.75
NC,,Mint Hill,8.25
NC,,Misenheimer,7.0
NC,,Mitchell,6.75
NC,,Momeyer,6.75
NC,,Monroe,6.75
NC,,Montgomery,7.0
NC,,Montreat,7.0
NC,,Moore,7.0
NC,,Mooresville,6.75
NC,,Morehead City,6.75
NC,,Morganton,6.75
NC,,Mount Airy,7.0
NC,,Mount Gilead,7.0
NC,,Mount Holly,7.0
NC,,Mount Pleasant,7.0
NC,,Murfreesboro,7.0
NC,,New Bern,6.75
NC,,New Hanover,7.0
NC,,Newton,7.0
NC,,Newton Grove,7.0
NC,,Norlina,6.75
NC,,Norman,6.75
NC,,North Topsail Beach,7.0
NC,,North Wilkesboro,7.0
NC,,Northampton,6.75
NC,,Northwest,6.75
NC,,Norwood,7.0
NC,,Oak City,7.0
NC,,Oak Island,6.75
NC,,Oakboro,7.0
NC,,Ocean Isle Beach,6.75
NC,,Ocracoke,6.75
NC,,Onslow,7.0
NC,,Orange Co Tr,7.5
NC,,Oriental,6.75
NC,,Orrum,7.0
NC,,Outer Banks,6.75
NC,,Oxford,6.75
NC,,Pamlico,6.75
NC,,Parkton,7.0
NC,,Parmele,7.0
NC,,Pasquotank,7.0
NC,,Patterson Springs,6.75
NC,,Peachland,7.0
NC,,Pembroke,7.0
NC,,Pender,6.75
NC,,Perquimans,6.75
NC,,Pilot Mountain,7.0
NC,,Pine Knoll Shores,6.75
NC,,Pinebluff,7.0
NC,,Pinehurst,7.0
NC,,Pinetops,7.0
NC,,Pineville,8.25
NC,,Pitt,7.0
NC,,Pittsboro,7.0
NC,,Plymouth,7.0
NC,,Polkton,7.0
NC,,Polkville,6.75
NC,,Pollocksville,7.0
NC,,Ponzer,6.75
NC,,Pope Air Force Base Sp,7.0
NC,,Powellsville,7.0
NC,,Princeton,6.75
NC,,Proctorville,7.0
NC,,Raeford,6.75
NC,,Raleigh,7.25
NC,,Raleigh,7.5
NC,,Randolph,7.0
NC,,Raynham,7.0
NC,,Red Oak,6.75
NC,,Red Springs,7.0
NC,,Reidsville,7.0
NC,,Rennert,7.0
NC,,Richmond,6.75
NC,,Roanoke Island Mainland Unincorp,6.75
NC,,Robbins,7.0
NC,,Robersonville,7.0
NC,,Robeson,7.0
NC,,Rockingham,6.75
NC,,Rockingham,7.0
NC,,Rockwell,7.0
NC,,Rocky Mount,7.0
NC,,Rodanthe,6.75
NC,,Rolesville,7.25
NC,,Ronda,7.0
NC,,Roper,7.0
NC,,Roseboro,7.0
NC,,Rosman,6.75
NC,,Rowan,7.0
NC,,Roxboro,6.75
NC,,Roxobel,7.0
NC,,Rural Hall,7.0
NC,,Rutherford,7.0
NC,,Rutherford College,6.75
NC,,Saint Pauls,7.0
NC,,Salemburg,7.0
NC,,Salisbury,7.0
NC,,Saluda,6.75
NC,,Sampson,7.0
NC,,Sandyfield,6.75
NC,,Sanford,7.0
NC,,Saratoga,6.75
NC,,Scotland Neck,7.0
NC,,Seaboard,6.75
NC,,Seagrove,7.0
NC,,Sedalia,6.75
NC,,Severn,6.75
NC,,Shallotte,6.75
NC,,Sharpsburg,6.75
NC,,Shelby,6.75
NC,,Siler City,7.0
NC,,Simpson,7.0
NC,,Snow Hill,7.0
NC,,Southern Pines,7.0
NC,,Sparta,7.0
NC,,Speed,7.0
NC,,Spencer,7.0
NC,,Spindale,7.0
NC,,Spring Hope,6.75
NC,,Spring Lake,7.0
NC,,Spruce Pine,6.75
NC,,Staley,7.0
NC,,Stanley,7.0
NC,,Star,7.0
NC,,Statesville,6.75
NC,,Stedman,7.0
NC,,Stem,6.75
NC,,Stokes,6.75
NC,,Stokesdale,7.0
NC,,Stoneville,7.0
NC,,Stonewall,6.75
NC,,Stovall,6.75
NC,,Summerfield,6.75
NC,,Sunset Beach,6.75
NC,,Surf City,6.75
NC,,Surry,7.0
NC,,Swain,16.0
NC,,Swansboro,7.0
NC,,Swepsonville,6.75
NC,,Sylva,7.0
NC,,Tabor City,6.75
NC,,Tar Heel,6.75
NC,,Taylorsville,7.0
NC,,Taylortown,7.0
NC,,Teachey,7.0
NC,,Thomasville,7.0
NC,,Transylvania,6.75
NC,,Trenton,7.0
NC,,Trinity,7.0
NC,,Troy,7.0
NC,,Tryon,6.75
NC,,Turkey,7.0
NC,,Valdese,6.75
NC,,Vance,6.75
NC,,Vandemere,6.75
NC,,Varnamtown,6.75
NC,,Vass,7.0
NC,,Waco,6.75
NC,,Wade,7.0
NC,,Wagram,6.75
NC,,Wake,7.25
NC,,Wake Forest,7.25
NC,,Walkertown,7.0
NC,,Wallace,7.0
NC,,Wallburg,7.0
NC,,Walstonburg,7.0
NC,,Wanchese,6.75
NC,,Warren,6.75
NC,,Warrenton,6.75
NC,,Warsaw,7.0
NC,,Washington,7.0
NC,,Watauga,6.75
NC,,Waves,6.75
NC,,Waynesville,7.0
NC,,Weaverville,7.0
NC,,Webster,7.0
NC,,Weldon,7.0
NC,,Wentworth,7.0
NC,,Whitakers,7.0
NC,,White Lake,6.75
NC,,Whiteville,6.75
NC,,Wilkes,7.0
NC,,Wilkesboro,7.0
NC,,Wilmington,7.0
NC,,Wilmington Convention Center District,7.0
NC,,Wilson,6.75
NC,,Wilson's Mill,6.75
NC,,Winfall,6.75
NC,,Wingate,6.75
NC,,Winston-Salem,7.0
NC,,Winton,7.0
NC,,Woodfin,7.0
NC,,Wrightsville Beach,7.0
NC,,Yadkinville,6.75
NC,,Yancey,6.75
NC,,Yanceyville,6.75
ND,,Abercrombie,5.0
ND,,Adams,6.0
ND,,Alamo,6.0
ND,,Alexander,7.0
ND,,Alice,5.5
ND,,Almont,6.0
ND,,Amenia,5.5
ND,,Anamoose,6.0
ND,,Aneta,6.0
ND,,Argusville,5.5
ND,,Arthur,5.5
ND,,Ashley,7.0
ND,,Ayr,5.5
ND,,Barnes,5.0
ND,,Beach,7.0
ND,,Belfield,7.0
ND,,Benson,5.0
ND,,Berthold,6.5
ND,,Beulah,7.0
ND,,Billings,5.0
ND,,Binford,7.0
ND,,Bisbee,7.0
ND,,Bismarck,8.0
ND,,Bottineau,5.0
ND,,Bottineau,7.0
ND,,Bowman,5.0
ND,,Bowman,7.0
ND,,Buffalo,7.5
ND,,Burke,5.0
ND,,Burleigh Co,6.0
ND,,Burlington,7.0
ND,,Cando,7.0
ND,,Carpio,7.0
ND,,Carrington,7.0
ND,,Carson,6.0
ND,,Cass,5.5
ND,,Casselton,7.5
ND,,Cathay,5.0
ND,,Cavalier,5.0
ND,,Cavalier,7.0
ND,,Center,7.0
ND,,Colfax,7.0
ND,,Conway,6.0
ND,,Cooperstown,6.5
ND,,Crosby,8.0
ND,,Des Lacs,5.5
ND,,Devils Lake,7.5
ND,,Dickey,5.0
ND,,Dickinson,6.5
ND,,Divide,5.0
ND,,Douglas,5.5
ND,,Drake,7.0
ND,,Drayton,8.5
ND,,Dunn,5.0
ND,,Dunseith,7.0
ND,,Eddy,5.0
ND,,Edgeley,8.0
ND,,Edinburg,7.0
ND,,Elgin,6.0
ND,,Ellendale,7.0
ND,,Emmons,5.0
ND,,Enderlin,8.0
ND,,Epping,6.0
ND,,Fairdale,6.0
ND,,Fairmount,7.0
ND,,Fargo,7.75
ND,,Fessenden,7.0
ND,,Finley,8.0
ND,,Flasher,6.0
ND,,Fordville,6.0
ND,,Forman,7.5
ND,,Fort Ransom,7.0
ND,,Foster,5.0
ND,,Fredonia,7.0
ND,,Gackle,6.0
ND,,Gardner,5.5
ND,,Garrison,7.0
ND,,Glen Ullin,7.0
ND,,Glenburn,7.0
ND,,Golden Valley,5.0
ND,,Grafton,8.75
ND,,Grand Forks,5.0
ND,,Grand Forks,7.25
ND,,Grandin,5.5
ND,,Grant,5.0
ND,,Granville,7.0
ND,,Grenora,7.0
ND,,Griggs,5.0
ND,,Gwinner,7.0
ND,,Halliday,6.0
ND,,Hankinson,8.0
ND,,Hannaford,6.0
ND,,Harvey,7.0
ND,,Harwood,7.5
ND,,Hatton,7.5
ND,,Hazelton,7.0
ND,,Hazen,6.5
ND,,Hebron,6.0
ND,,Hettinger,6.5
ND,,Hillsboro,8.0
ND,,Hoople,7.0
ND,,Hope,8.0
ND,,Horace,7.5
ND,,Hunter,6.5
ND,,Jamestown,7.5
ND,,Kenmare,7.5
ND,,Kidder,5.0
ND,,Killdeer,7.0
ND,,Kindred,7.5
ND,,Kulm,7.0
ND,,Lakota,6.0
ND,,Lamoure,5.0
ND,,Lamoure,8.0
ND,,Landa,6.0
ND,,Langdon,8.0
ND,,Lankin,6.0
ND,,Larimore,7.0
ND,,Leeds,8.0
ND,,Leonard,7.5
ND,,Lidgerwood,8.0
ND,,Lignite,7.0
ND,,Linton,7.0
ND,,Lisbon,7.5
ND,,Logan,5.0
ND,,Luverne,6.0
ND,,Maddock,7.0
ND,,Makoti,5.5
ND,,Mandan,8.25
ND,,Mapleton,7.5
ND,,Max,7.5
ND,,Mayville,7.0
ND,,Mcclusky,7.0
ND,,Mchenry,5.0
ND,,Mcintosh,5.0
ND,,Mckenzie,5.0
ND,,Mclean,5.0
ND,,Mcville,7.0
ND,,Medina,6.0
ND,,Medora,7.5
ND,,Mercer,5.0
ND,,Michigan,7.0
ND,,Milnor,7.5
ND,,Minnewaukan,7.0
ND,,Minot,7.5
ND,,Minto,7.0
ND,,Mohall,7.0
ND,,Morton Co,6.0
ND,,Mott,7.5
ND,,Mountrail,5.0
ND,,Munich,6.0
ND,,Napoleon,7.0
ND,,Neche,7.0
ND,,Nelson,5.0
ND,,New England,7.5
ND,,New Leipzig,7.0
ND,,New Rockford,7.5
ND,,New Salem,8.0
ND,,New Town,7.0
ND,,Northwood,8.0
ND,,Oakes,7.0
ND,,Page,7.5
ND,,Park River,8.5
ND,,Pembina,5.0
ND,,Pembina,7.5
ND,,Pierce,5.0
ND,,Pisek,6.0
ND,,Portland,7.0
ND,,Powers Lake,6.0
ND,,Ramsey,5.0
ND,,Ransom,5.0
ND,,Ray,8.0
ND,,Reeder,6.0
ND,,Regan,6.0
ND,,Regent,7.5
ND,,Richardton,7.5
ND,,Richland,5.0
ND,,Riverdale,5.0
ND,,Rolette,5.0
ND,,Rolette,7.0
ND,,Rolla,8.0
ND,,Rugby,7.0
ND,,Ryder,5.5
ND,,Saint John,6.0
ND,,Sargent,5.0
ND,,Sawyer,5.5
ND,,Scranton,7.0
ND,,Selfridge,5.25
ND,,Sharon,6.0
ND,,Sheridan,5.0
ND,,Sherwood,7.0
ND,,South Heart,7.0
ND,,Standing Rock Reservation,5.25
ND,,Stanley,6.5
ND,,Stark,5.0
ND,,Steele,6.0
ND,,Steele,7.5
ND,,Strasburg,7.0
ND,,Streeter,6.0
ND,,Stutsman,5.0
ND,,Surrey,8.5
ND,,Thompson,7.0
ND,,Tioga,8.5
ND,,Tower City,7.5
ND,,Towner,5.0
ND,,Towner,7.0
ND,,Traill,5.0
ND,,Turtle Lake,8.0
ND,,Underwood,7.0
ND,,Valley City,7.5
ND,,Velva,7.0
ND,,Wahpeton,8.0
ND,,Walhalla,7.0
ND,,Walsh,6.0
ND,,Ward Co,5.5
ND,,Washburn,7.0
ND,,Watford City,6.5
ND,,West Fargo,8.0
ND,,Westhope,7.0
ND,,Wildrose,6.0
ND,,Williams,6.0
ND,,Williston,8.0
ND,,Wilton,8.0
ND,,Wimbledon,7.0
ND,,Wishek,7.0
ND,,Woodworth,6.0
ND,,Wyndmere,8.0
NE,,77th & Dodge Enhanced Employment Area,7.0
NE,,Adams,5.5
NE,,Adams,6.5
NE,,Ainsworth,7.0
NE,,Albion,7.0
NE,,Alliance Heartland Flats Enhanced Employment Area,7.0
NE,,Alma,7.5
NE,,Ansley,6.5
NE,,Antelope,5.5
NE,,Arapahoe,7.0
NE,,Arcadia,6.5
NE,,Arlington,7.0
NE,,Arnold,6.5
NE,,Arthur,5.5
NE,,Ashland,7.0
NE,,Atkinson,7.0
NE,,Atlanta,5.5
NE,,Auburn,6.5
NE,,Aurora,5.5
NE,,Bancroft,7.0
NE,,Banner,5.5
NE,,Barneston,5.5
NE,,Bassett,7.0
NE,,Battle Creek,7.0
NE,,Bayard,6.5
NE,,Beatrice,7.5
NE,,Beaver City,6.5
NE,,Beaver Crossing,6.5
NE,,Beemer,7.0
NE,,Bellevue,7.0
NE,,Bellwood,7.0
NE,,Benedict,7.0
NE,,Benkelman,7.0
NE,,Bennet,6.5
NE,,Bennington,7.0
NE,,Bertrand,7.0
NE,,Big Springs,6.5
NE,,Blaine,5.5
NE,,Blair,7.0
NE,,Bloomfield,6.5
NE,,Blue Hill,7.0
NE,,Boone,5.5
NE,,Box Butte,5.5
NE,,Boyd,5.5
NE,,Brainard,6.5
NE,,Bridgeport,6.5
NE,,Broken Bow,7.0
NE,,Brown,5.5
NE,,Brownville,6.5
NE,,Bruning,7.0
NE,,Buffalo,5.5
NE,,Burt,5.5
NE,,Burwell,7.0
NE,,Butler,5.5
NE,,Byron,6.5
NE,,Cairo,6.5
NE,,Callaway,6.5
NE,,Cambridge,7.5
NE,,Cass,5.5
NE,,Cedar,5.5
NE,,Cedar Rapids,6.5
NE,,Central City,7.0
NE,,Ceresco,7.0
NE,,Chadron,7.5
NE,,Chambers,6.5
NE,,Chappell,7.5
NE,,Chase,5.5
NE,,Cherry,5.5
NE,,Chester,6.5
NE,,Cheyenne,5.5
NE,,City Of Kearney Enhanced Employment Area 2,7.0
NE,,Clarks,7.0
NE,,Clarkson,7.0
NE,,Clay,5.5
NE,,Clay Center,7.0
NE,,Clearwater,7.0
NE,,Coleridge,6.5
NE,,Colfax,5.5
NE,,Columbus,7.0
NE,,Cordova,6.5
NE,,Cortland,6.5
NE,,Cozad,7.0
NE,,Crawford,7.0
NE,,Creighton,6.5
NE,,Crete,7.5
NE,,Crofton,7.0
NE,,Curtis,7.0
NE,,Custer,5.5
NE,,Dakota,6.0
NE,,Dannebrog,6.5
NE,,David City,7.5
NE,,Dawes,5.5
NE,,Dawson,5.5
NE,,Daykin,6.5
NE,,De Witt,6.5
NE,,Decatur,7.5
NE,,Deshler,6.5
NE,,Deuel,5.5
NE,,Deweese,6.5
NE,,Diller,6.5
NE,,District 177 North Platte Enhanced Employment Area,7.5
NE,,Dixon,5.5
NE,,Dodge,5.5
NE,,Dodge,7.0
NE,,Doniphan,6.5
NE,,Dorchester,7.0
NE,,Douglas,5.5
NE,,Douglas,7.0
NE,,Duncan,7.0
NE,,Dundy,5.5
NE,,Eagle,6.5
NE,,Edgar,7.0
NE,,Edison,6.5
NE,,Elgin,6.5
NE,,Elm Creek,7.0
NE,,Elmwood,7.0
NE,,Elwood,6.5
NE,,Emerson,7.5
NE,,Eustis,7.0
NE,,Ewing,7.0
NE,,Exeter,7.0
NE,,Fairbury,7.5
NE,,Fairfield,7.0
NE,,Falls City,7.5
NE,,Farnam,6.5
NE,,Filley,6.5
NE,,Fillmore,5.5
NE,,Fordyce,6.5
NE,,Fort Calhoun,7.0
NE,,Franklin,5.5
NE,,Franklin,6.5
NE,,Fremont,7.0
NE,,Fremont Enhanced Employment Area,7.0
NE,,Friend Enhanced Employment Area,7.5
NE,,Frontier,5.5
NE,,Fullerton,7.5
NE,,Furnas,5.5
NE,,Gage,5.5
NE,,Gage,6.0
NE,,Garden,5.5
NE,,Garfield,5.5
NE,,Geneva,7.5
NE,,Genoa,7.5
NE,,Gering,7.5
NE,,Gibbon,7.0
NE,,Gilead,5.5
NE,,Gld - La Belle Vue Good Life District,7.0
NE,,Gld - Operation Grand Island Goodlife,7.5
NE,,Gordon,7.0
NE,,Gosper,5.5
NE,,Gothenburg Enhanced Employment Act Area,7.0
NE,,Grafton,7.0
NE,,Grand Island,7.5
NE,,Grant,6.5
NE,,Greeley,5.5
NE,,Greeley,7.0
NE,,Greenwood,6.5
NE,,Gresham,7.0
NE,,Gretna,7.5
NE,,Guide Rock,7.0
NE,,Hadar,5.5
NE,,Hall,5.5
NE,,Hallam,6.5
NE,,Halsey,6.0
NE,,Hamilton,5.5
NE,,Harlan,5.5
NE,,Harrison,7.0
NE,,Hartington,7.0
NE,,Harvard,6.5
NE,,Hastings,7.0
NE,,Hay Springs,6.5
NE,,Hayes,5.5
NE,,Hebron,7.0
NE,,Hemingford,7.0
NE,,Henderson,7.0
NE,,Hickman,7.0
NE,,Hildreth,6.5
NE,,Hitchcock,5.5
NE,,Holdrege,7.0
NE,,Holt,5.5
NE,,Homer,6.0
NE,,Hooker,5.5
NE,,Hooper,6.5
NE,,Hotel Deco Enhanced Employment Area,7.0
NE,,Howard,5.5
NE,,Howells,7.0
NE,,Hubbard,7.0
NE,,Hubbell,6.5
NE,,Humboldt,7.0
NE,,Humphrey,7.5
NE,,Hyannis,6.5
NE,,Imperial,6.5
NE,,Jackson,7.0
NE,,Jansen,6.5
NE,,Jefferson,5.5
NE,,Kearney,5.5
NE,,Kearney,7.0
NE,,Kenesaw,7.0
NE,,Keya Paha,5.5
NE,,Kimball,5.5
NE,,Kimball,6.5
NE,,Knox,5.5
NE,,La Vista,7.5
NE,,La Vista Enhanced Employment Area,7.5
NE,,Lancaster,5.5
NE,,Laurel,6.5
NE,,Lawrence,6.5
NE,,Leigh,7.0
NE,,Lewellen,6.5
NE,,Lexington Enhanced Employment Area,7.0
NE,,Lincoln,5.5
NE,,Lincoln,7.25
NE,,Lindsay,7.0
NE,,Linwood,6.5
NE,,Loomis,6.5
NE,,Lorton,5.5
NE,,Louisville,7.0
NE,,Loup City,7.5
NE,,Lyons,7.5
NE,,Madison,7.0
NE,,Malcolm,6.5
NE,,Manley,6.0
NE,,Marquette,7.0
NE,,Maskell,5.5
NE,,Maywood,7.0
NE,,Mc Cool Junction,7.0
NE,,Mccook,7.5
NE,,Meadow Grove,7.0
NE,,Merrick,5.5
NE,,Milford,6.5
NE,,Milligan,7.0
NE,,Minatare,6.5
NE,,Minden,7.5
NE,,Mitchell,7.0
NE,,Monroe,7.0
NE,,Morrill,5.5
NE,,Morrill,6.5
NE,,Mullen,7.5
NE,,Murray,6.5
NE,,Nebraska City,7.0
NE,,Nehawka,6.5
NE,,Neligh,6.5
NE,,Nelson,7.0
NE,,Nemaha,5.5
NE,,Newman Grove,7.0
NE,,Niobrara,6.5
NE,,Norfolk,7.5
NE,,North Bend,7.0
NE,,North Platte,7.5
NE,,Nuckolls,5.5
NE,,Oakland,7.0
NE,,Oconto,6.5
NE,,Odell,6.5
NE,,Ogallala,7.0
NE,,Omaha,7.0
NE,,Omaha Blackstone Dist,7.0
NE,,Oneill,7.0
NE,,Orchard,7.0
NE,,Ord,7.0
NE,,Osceola,7.0
NE,,Oshkosh,7.5
NE,,Osmond,7.0
NE,,Otoe,5.5
NE,,Oxford,7.0
NE,,Palmer,7.0
NE,,Palmyra,6.5
NE,,Papillion,7.5
NE,,Pawnee,5.5
NE,,Pawnee City,7.5
NE,,Paxton,7.5
NE,,Pender,7.0
NE,,Perkins,5.5
NE,,Peru,6.5
NE,,Petersburg,6.5
NE,,Phelps,5.5
NE,,Pierce,6.5
NE,,Pilger,7.0
NE,,Plainview,7.0
NE,,Platte,5.5
NE,,Platte Center,7.0
NE,,Plattsmouth,7.0
NE,,Pleasanton,6.5
NE,,Plymouth,7.0
NE,,Ponca,7.0
NE,,Ragan,5.5
NE,,Randolph,7.0
NE,,Ravenna,7.0
NE,,Red Cloud,7.0
NE,,Red Willow,5.5
NE,,Republican City,6.5
NE,,Richardson,5.5
NE,,Rising City,6.5
NE,,Rulo,6.5
NE,,Rushville,7.0
NE,,Saint Paul,7.0
NE,,Sargent,7.5
NE,,Sarpy,5.5
NE,,Saunders,5.5
NE,,Schuyler,7.0
NE,,Scotts Bluff,5.5
NE,,Scottsbluff,7.0
NE,,Scribner,7.0
NE,,Seward,5.5
NE,,Seward,7.5
NE,,Shelby,7.0
NE,,Sheridan,5.5
NE,,Sherman,5.5
NE,,Shickley,6.5
NE,,Sidney,7.5
NE,,Silver Creek,6.5
NE,,Sioux,5.5
NE,,Snyder,5.5
NE,,South Sioux City,7.0
NE,,Spalding,7.0
NE,,Spencer,6.5
NE,,Springview,6.5
NE,,St. Edward,7.0
NE,,Stanton,5.5
NE,,Stanton,7.0
NE,,Stapleton,5.5
NE,,Steele City,5.5
NE,,Steinauer,5.5
NE,,Stella,5.5
NE,,Sterling,6.5
NE,,Stockville,5.5
NE,,Strang,5.5
NE,,Stratton,5.5
NE,,Stromsburg,7.0
NE,,Stuart,7.0
NE,,Sumner,5.5
NE,,Superior,7.0
NE,,Surprise,5.5
NE,,Sutherland,7.0
NE,,Sutton,7.0
NE,,Swanton,5.5
NE,,Syracuse,6.5
NE,,Table Rock,5.5
NE,,Talmage,5.5
NE,,Taylor,5.5
NE,,Tecumseh,7.0
NE,,Tekamah,7.5
NE,,Thayer,5.5
NE,,Thedford,6.5
NE,,Thurston,5.5
NE,,Tilden,7.0
NE,,Tobias,5.5
NE,,Trenton,7.0
NE,,Uehling,6.5
NE,,Unadilla,7.0
NE,,Upland,7.0
NE,,Utica,7.0
NE,,Valentine,7.0
NE,,Valley,5.5
NE,,Valley,7.0
NE,,Verdigre,7.0
NE,,Wahoo,7.5
NE,,Wakefield,6.5
NE,,Washington,5.5
NE,,Waterloo,7.5
NE,,Wauneta,6.5
NE,,Wausa,6.5
NE,,Waverly,7.0
NE,,Wayne,5.5
NE,,Wayne,7.0
NE,,Webster,5.5
NE,,Weeping Water,7.0
NE,,West Point,7.5
NE,,Wheeler,5.5
NE,,Wilber,7.0
NE,,Winnebago,5.5
NE,,Winnebago Tribe Of Nebraska,5.5
NE,,Wisner,7.5
NE,,Wood River,7.0
NE,,Wymore,7.0
NE,,Wynot,7.0
NE,,York,7.5
NH,,New Hampshire,0.0
NJ,,Aberdeen Township,6.625
NJ,,Absecon,6.625
NJ,,Alexandria Township,6.625
NJ,,Allamuchy Township,6.625
NJ,,Allendale,6.625
NJ,,Allenhurst,6.625
NJ,,Allentown,6.625
NJ,,Alloway Township,6.625
NJ,,Alpine,6.625
NJ,,Andover,6.625
NJ,,Andover Township,6.625
NJ,,Asbury Park,6.625
NJ,,Atlantic,6.625
NJ,,Atlantic City,6.625
NJ,,Atlantic Highlands,6.625
NJ,,Audubon,6.625
NJ,,Avalon,6.625
NJ,,Avon By The Sea,6.625
NJ,,Barnegat Township,6.625
NJ,,Barrington,6.625
NJ,,Bass River Township,6.625
NJ,,Bay Head,6.625
NJ,,Bayonne,6.625
NJ,,Beachwood,6.625
NJ,,Bedminster,6.625
NJ,,Bellmawr,6.625
NJ,,Belmar,6.625
NJ,,Belvidere,6.625
NJ,,Bergenfield,6.625
NJ,,Berkeley Heights,6.625
NJ,,Berkeley Township,6.625
NJ,,Berlin Borough,6.625
NJ,,Berlin Township,6.625
NJ,,Bernards Township,6.625
NJ,,Bethlehem Township,6.625
NJ,,Beverly,6.625
NJ,,Bloomfield,6.625
NJ,,Bloomingdale,6.625
NJ,,Bogota,6.625
NJ,,Boonton,6.625
NJ,,Boonton Township,6.625
NJ,,Bordentown Township,6.625
NJ,,Bound Brook,6.625
NJ,,Bradley Beach,6.625
NJ,,Branchburg,6.625
NJ,,Branchville,6.625
NJ,,Brick Township,6.625
NJ,,Bridgewater Township,6.625
NJ,,Brielle,6.625
NJ,,Brigantine,6.625
NJ,,Buena,6.625
NJ,,Buena Vista Township,6.625
NJ,,Caldwell,6.625
NJ,,Camden,6.625
NJ,,Cape May,6.625
NJ,,Carlstadt,6.625
NJ,,Carneys Point Township,6.625
NJ,,Carteret,6.625
NJ,,Chatham Township,6.625
NJ,,Cherry Hill,6.625
NJ,,Chesilhurst,6.625
NJ,,Cinnaminson Township,6.625
NJ,,Clayton,6.625
NJ,,Clifton,6.625
NJ,,Clinton Township,6.625
NJ,,Collingswood,6.625
NJ,,Colts Neck Township,6.625
NJ,,Commercial Township,6.625
NJ,,Cranford,6.625
NJ,,Cresskill,6.625
NJ,,Deal,6.625
NJ,,Deerfield Township,6.625
NJ,,Delanco Township,6.625
NJ,,Delaware Township,6.625
NJ,,Dennis Township,6.625
NJ,,Denville Township,6.625
NJ,,Dover,6.625
NJ,,Downe Township,6.625
NJ,,East Brunswick,6.625
NJ,,East Orange,6.625
NJ,,East Rutherford,6.625
NJ,,East Windsor Township,6.625
NJ,,Eatontown,6.625
NJ,,Edgewater,6.625
NJ,,Edison,6.625
NJ,,Egg Harbor Township,6.625
NJ,,Elizabeth,6.625
NJ,,Elmwood Park,6.625
NJ,,Englewood Cliffs,6.625
NJ,,Estell Manor,6.625
NJ,,Ewing Township,6.625
NJ,,Fair Lawn,6.625
NJ,,Fairfield Township (Cumberland County),6.625
NJ,,Farmingdale,6.625
NJ,,Florence Township,6.625
NJ,,Florham Park,6.625
NJ,,Fort Lee,6.625
NJ,,Frankford Township,6.625
NJ,,Franklin,6.625
NJ,,Franklin Township (Gloucester County),6.625
NJ,,Franklin Township (Hunterdon County),6.625
NJ,,Franklin Township (Somerset County),6.625
NJ,,Franklin Township (Warren County),6.625
NJ,,Frelinghuysen Township,6.625
NJ,,Galloway Township,6.625
NJ,,Gibbsboro,6.625
NJ,,Glen Rock,6.625
NJ,,Gloucester City,6.625
NJ,,Green Township,6.625
NJ,,Greenwich Township (Cumberland County),6.625
NJ,,Greenwich Township (Gloucester County) Ny,6.625
NJ,,Guttenberg,6.625
NJ,,Hackensack,6.625
NJ,,Haddonfield,6.625
NJ,,Haledon,6.625
NJ,,Hamilton Township (Atlantic County),6.625
NJ,,Hamilton Township (Mercer County),6.625
NJ,,Hanover Township,6.625
NJ,,Harding Township,6.625
NJ,,Hardyston Township,6.625
NJ,,Harrison,6.625
NJ,,Harrison Township,6.625
NJ,,Hasbrouck Heights,6.625
NJ,,Haworth,6.625
NJ,,Hawthorne,6.625
NJ,,Helmetta,6.625
NJ,,High Bridge,6.625
NJ,,Highland Park,6.625
NJ,,Highlands,6.625
NJ,,Hightstown,6.625
NJ,,Hillsdale,6.625
NJ,,Ho Ho Kus,6.625
NJ,,Holmdel Township,6.625
NJ,,Hopatcong,6.625
NJ,,Hope Township,6.625
NJ,,Hopewell,6.625
NJ,,Hopewell Township (Mercer County),6.625
NJ,,Howell Township,6.625
NJ,,Hudson,6.625
NJ,,Hunterdon,6.625
NJ,,Independence Township,6.625
NJ,,Irvington,6.625
NJ,,Island Heights,6.625
NJ,,Jackson Township,6.625
NJ,,Jefferson Township,6.625
NJ,,Jersey City,6.625
NJ,,Keansburg,6.625
NJ,,Kearny,6.625
NJ,,Kingwood Township,6.625
NJ,,Kinnelon,6.625
NJ,,Knowlton Township,6.625
NJ,,Lacey Township,6.625
NJ,,Lakewood Township,6.625
NJ,,Lawrence Township (Cumberland County),6.625
NJ,,Lawrence Township (Mercer County),6.625
NJ,,Leonia,6.625
NJ,,Little Egg Harbor Township,6.625
NJ,,Little Falls,6.625
NJ,,Little Ferry,6.625
NJ,,Little Silver,6.625
NJ,,Livingston,6.625
NJ,,Logan Township,6.625
NJ,,Long Branch,6.625
NJ,,Long Hill Township,6.625
NJ,,Lopatcong Township,6.625
NJ,,Lower Alloways Creek Township,6.625
NJ,,Lower Township,6.625
NJ,,Lumberton Township,6.625
NJ,,Lyndhurst,6.625
NJ,,Madison,6.625
NJ,,Mahwah,6.625
NJ,,Manalapan Township,6.625
NJ,,Manasquan,6.625
NJ,,Mansfield Township (Burlington County),6.625
NJ,,Mansfield Township (Warren County),6.625
NJ,,Mantua Township,6.625
NJ,,Manville,6.625
NJ,,Maple Shade Township,6.625
NJ,,Margate City,6.625
NJ,,Marlboro Township,6.625
NJ,,Maurice River Township,6.625
NJ,,Maywood,6.625
NJ,,Mendham Borough,6.625
NJ,,Mendham Township,6.625
NJ,,Metuchen,6.625
NJ,,Middle Township,6.625
NJ,,Middlesex,6.625
NJ,,Middletown Township,6.625
NJ,,Midland Park,6.625
NJ,,Millburn,6.625
NJ,,Milltown,6.625
NJ,,Millville,8.625
NJ,,Monmouth,6.625
NJ,,Monmouth Beach,6.625
NJ,,Monroe Township (Middlesex County),6.625
NJ,,Montague Township,6.625
NJ,,Montclair,6.625
NJ,,Montgomery,6.625
NJ,,Montvale,6.625
NJ,,Montville,6.625
NJ,,Morris,6.625
NJ,,Morris Plains,6.625
NJ,,Morris Township,6.625
NJ,,Morristown,6.625
NJ,,Mount Ephraim,6.625
NJ,,Mount Holly,6.625
NJ,,Mount Olive Township,6.625
NJ,,Mountain Lakes,6.625
NJ,,Mullica Township,6.625
NJ,,National Park,6.625
NJ,,Neptune Township,6.625
NJ,,New Brunswick,6.625
NJ,,New Hanover Township,6.625
NJ,,Newark,6.625
NJ,,North Arlington,6.625
NJ,,North Bergen,6.625
NJ,,North Brunswick,6.625
NJ,,North Haledon,6.625
NJ,,North Plainfield,6.625
NJ,,North Wildwood,6.625
NJ,,Norwood,6.625
NJ,,Nutley,6.625
NJ,,Oakland,6.625
NJ,,Ocean,6.625
NJ,,Ocean City,6.625
NJ,,Ocean Township (Monmouth County),6.625
NJ,,Ocean Township (Ocean County),6.625
NJ,,Oceanport,6.625
NJ,,Ogdensburg,6.625
NJ,,Oradell,6.625
NJ,,Orange,6.625
NJ,,Paramus,6.625
NJ,,Parsippany Troy Hills,6.625
NJ,,Passaic,6.625
NJ,,Paterson,6.625
NJ,,Pemberton Township,6.625
NJ,,Pequannock Township,6.625
NJ,,Perth Amboy,6.625
NJ,,Phillipsburg,6.625
NJ,,Piscataway,6.625
NJ,,Pittsgrove Township,6.625
NJ,,Plainfield,6.625
NJ,,Plainsboro Township,6.625
NJ,,Pleasantville,6.625
NJ,,Pompton Lakes,6.625
NJ,,Port Republic,6.625
NJ,,Princeton,6.625
NJ,,Quinton Township,6.625
NJ,,Rahway,6.625
NJ,,Randolph,6.625
NJ,,Readington Township,6.625
NJ,,Ridgefield,6.625
NJ,,Ridgefield Park,6.625
NJ,,Ridgewood,6.625
NJ,,Ringwood,6.625
NJ,,River Edge,6.625
NJ,,River Vale,6.625
NJ,,Riverdale,6.625
NJ,,Riverton,6.625
NJ,,Robbinsville Township,6.625
NJ,,Rockaway,6.625
NJ,,Rockaway Township,6.625
NJ,,Rockleigh,6.625
NJ,,Roosevelt,6.625
NJ,,Roseland,6.625
NJ,,Roselle,6.625
NJ,,Roselle Park,6.625
NJ,,Roxbury Township,6.625
NJ,,Rumson,6.625
NJ,,Runnemede,6.625
NJ,,Saddle Brook,6.625
NJ,,Salem,6.625
NJ,,Sandyston Township,6.625
NJ,,Sayreville,6.625
NJ,,Scotch Plains,6.625
NJ,,Sea Girt,6.625
NJ,,Sea Isle City,6.625
NJ,,Secaucus,6.625
NJ,,Shiloh,6.625
NJ,,Shrewsbury,6.625
NJ,,Somerdale,6.625
NJ,,Somerville,6.625
NJ,,South Bound Brook,6.625
NJ,,South Brunswick,6.625
NJ,,South Hackensack,6.625
NJ,,South Harrison Township,6.625
NJ,,Springfield Township (Burlington County),6.625
NJ,,Stillwater Township,6.625
NJ,,Summit,6.625
NJ,,Teterboro,6.625
NJ,,Tewksbury Township,6.625
NJ,,Toms River,6.625
NJ,,Totowa,6.625
NJ,,Trenton,6.625
NJ,,Union City,6.625
NJ,,Union Township (Union County),6.625
NJ,,Upper Deerfield Township,6.625
NJ,,Upper Freehold Township,6.625
NJ,,Upper Pittsgrove Township,6.625
NJ,,Upper Township,6.625
NJ,,Vernon Township,6.625
NJ,,Vineland,6.625
NJ,,Wall Township,6.625
NJ,,Wallington,6.625
NJ,,Walpack Township,6.625
NJ,,Wantage Township,6.625
NJ,,Washington Township (Bergen County),6.625
NJ,,Washington Township (Warren County),6.625
NJ,,Washington Township(Burlington County),6.625
NJ,,Washington Township(Gloucester County),6.625
NJ,,Washington Township(Morris County),6.625
NJ,,Wayne,6.625
NJ,,Wenonah,6.625
NJ,,West Amwell Township,6.625
NJ,,West Caldwell,6.625
NJ,,West Long Branch,6.625
NJ,,West Orange,6.625
NJ,,West Windsor Township,6.625
NJ,,Westampton Township,6.625
NJ,,Westfield,6.625
NJ,,Westwood,6.625
NJ,,Winslow Township,6.625
NJ,,Woodbridge Township,6.625
NJ,,Woodbury,6.625
NJ,,Woodcliff Lake,6.625
NM,,Ais Prop 19 Pueblos #2,7.75
NM,,Alamogordo,8.1875
NM,,Albuquerque,7.625
NM,,Albuquerque Downtown Tif Mra,7.625
NM,,Albuquerque West Central Tif Mra,7.625
NM,,Albuquerque Winrock 1 Sp,7.625
NM,,Albuquerque/Mesa Del Sol Tid 1,7.625
NM,,Angel Fire,7.9375
NM,,Anthony,8.1275
NM,,Artesia,7.6458
NM,,Aztec,8.1875
NM,,Bayard,7.625
NM,,Bernalillo,6.1875
NM,,Bernalillo,7.1875
NM,,Bosque Farms,8.3
NM,,Capitan,6.5625
NM,,Carlsbad,7.3958
NM,,Carrizozo,7.2
NM,,Catron,6.0625
NM,,Causey,6.875
NM,,Chama,8.3125
NM,,Chaves,6.2708
NM,,Cibola,6.5625
NM,,Cibola,8.0
NM,,Cimarron,8.3125
NM,,Clayton,7.875
NM,,Cloudcroft,7.8125
NM,,Clovis,7.9375
NM,,Colfax,6.25
NM,,Columbus,8.25
NM,,Corona,6.6875
NM,,Corrales,7.5625
NM,,Cuba,8.0625
NM,,Debaca,6.5
NM,,Deming,8.25
NM,,Des Moines,7.5
NM,,Dexter,7.1458
NM,,Dona Ana,6.4975
NM,,Dora,7.125
NM,,Eagle Nest,8.05
NM,,Eddy,5.7083
NM,,Edgewood,7.625
NM,,Edgewood,7.9375
NM,,Elephant Butte,8.375
NM,,Elida,8.25
NM,,Encino,7.0625
NM,,Espanola,8.6875
NM,,Espanola/St Clara Grant 2,8.8125
NM,,Estancia,7.9375
NM,,Eunice,7.0625
NM,,Farmington,8.1875
NM,,Floyd,6.875
NM,,Folsom,7.25
NM,,Fort Sumner,7.8125
NM,,Gallup,8.0625
NM,,Grady,6.6875
NM,,Grant,6.3125
NM,,Grants,8.0
NM,,Grenville,7.25
NM,,Guadalupe,6.3125
NM,,Hagerman,7.3333
NM,,Harding,5.875
NM,,Hatch,7.565
NM,,Hidalgo,6.1875
NM,,Hobbs,6.5625
NM,,Hope,6.5833
NM,,House,7.75
NM,,Hurley,7.375
NM,,Jal,7.1875
NM,,Jemez Springs,7.425
NM,,Kewa Pueblo 2,7.5
NM,,Laguna Pueblo,6.5625
NM,,Las Cruces,8.39
NM,,Las Cruces Apodaca And Lift Up Tif Mra,8.39
NM,,Las Cruces E Of Solano Neighborhood Tif Mra,8.39
NM,,Las Cruces Tid Sp,8.39
NM,,Las Cruces West Picacho Tif Mra,8.39
NM,,Las Vegas,8.1458
NM,,Lea,5.25
NM,,Lincoln,5.25
NM,,Logan,8.125
NM,,Lordsburg,7.75
NM,,Los Alamos,7.6875
NM,,Los Lunas,8.425
NM,,Los Ranchos De Albuquerque,7.875
NM,,Loving,7.3833
NM,,Lovington,7.0
NM,,Luna,6.625
NM,,Maxwell,7.5
NM,,Mckinley,6.5
NM,,Melrose,7.5
NM,,Mesilla,7.94
NM,,Milan,7.75
NM,,Mora,6.5208
NM,,Moriarty,7.9375
NM,,Mountainair,7.6875
NM,,Navajo Nation Reservation,10.875
NM,,Otero,6.25
NM,,Pecos,7.5208
NM,,Picuris Pueblo 2,7.5
NM,,Portales,8.55
NM,,Pueblo De Cochiti 2,6.125
NM,,Pueblo Of Tesuque 2,7.125
NM,,Pueblo Of Zuni 2,6.5
NM,,Quay,6.4375
NM,,Questa,8.5625
NM,,Raton,8.675
NM,,Red River,9.425
NM,,Reserve,7.75
NM,,Rio Arriba,6.625
NM,,Rio Communities,8.3
NM,,Rio Rancho,7.4375
NM,,Rio Rancho,7.875
NM,,Roosevelt,6.375
NM,,Roswell,8.2708
NM,,Roy,7.0625
NM,,Ruidoso,8.1875
NM,,San Jon,8.125
NM,,San Juan,6.5
NM,,San Miguel,6.5833
NM,,San Ysidro,6.625
NM,,Sandia Pueblo Off Reservation Trust Land,7.625
NM,,Sandoval,6.25
NM,,Santa Ana Pueblo,7.2
NM,,Santa Clara,7.375
NM,,Santa Fe,6.875
NM,,Santa Fe,8.1875
NM,,Santa Rosa,8.375
NM,,Sierra,6.6875
NM,,Silver City,8.1125
NM,,Socorro,6.25
NM,,Socorro,7.5625
NM,,Springer,7.9375
NM,,Sunland Park,8.19
NM,,Taos,7.5
NM,,Taos Co/El Prado Water & San.,7.75
NM,,Taos El Prado Water Dt Sp,9.425
NM,,Taos El Valle Water Dt Sp,9.425
NM,,Taos Ski Valley Tidd Sp,9.4375
NM,,Tatum,6.5625
NM,,Texico,7.925
NM,,Tijeras,8.075
NM,,Torrance,6.5
NM,,Tucumcari,8.125
NM,,Tularosa,7.6875
NM,,Union,5.8125
NM,,Valencia,6.625
NM,,Vaughn,8.4875
NM,,Wagon Mound,7.5208
NM,,Willard,7.3125
NM,,Williamsburg,8.375
NV,,4th & Stewart Tid,16.75
NV,,Area 15 Tid,16.75
NV,,Boulder City,8.375
NV,,Cabela's Tid,16.53
NV,,Carson City,7.6
NV,,Churchill,7.6
NV,,Clark,8.375
NV,,Douglas,7.1
NV,,Elko,7.1
NV,,Elko Convention Center District,7.1
NV,,Ely,7.725
NV,,Esmeralda,6.85
NV,,Eureka,6.85
NV,,Fallon,7.6
NV,,Fort Mojave Indian Reservation,8.375
NV,,Freight House Tid,16.53
NV,,Henderson,8.375
NV,,Humboldt,6.85
NV,,Lander,7.1
NV,,Las Vegas,8.375
NV,,Legends Tid,16.53
NV,,Lincoln,7.1
NV,,Lovelock,7.1
NV,,Lyon,7.1
NV,,Mesquite,8.375
NV,,Mineral,6.85
NV,,North Las Vegas,8.375
NV,,Nye,7.6
NV,,Pershing,7.1
NV,,Reno,8.265
NV,,Reno E,16.89
NV,,Reno Sparks Indian Colony,16.89
NV,,Seid Stadium Tid,16.75
NV,,Sparks,8.265
NV,,Storey,7.6
NV,,Symphony Park Tid,16.75
NV,,Washoe,8.265
NV,,West Wendover,7.1
NV,,White Pine,7.725
NV,,Winnemucca,6.85
NV,,Yerington,7.1
NY,,Afton,8.0
NY,,Airmont Village,8.375
NY,,Albany,8.0
NY,,Albion  Oswego County,8.0
NY,,Alden,8.75
NY,,Alexander,8.0
NY,,Alexandria,8.0
NY,,Alfred,8.5
NY,,Allegany,8.0
NY,,Allen,8.5
NY,,Alma,8.5
NY,,Almond,8.5
NY,,Altona,8.0
NY,,Amboy,8.0
NY,,Amherst,8.75
NY,,Amityville Village,8.75
NY,,Ancram,8.0
NY,,Antwerp,8.0
NY,,Arcadia,8.0
NY,,Arietta,8.0
NY,,Au Sable,8.0
NY,,Auburn,8.0
NY,,Augusta,8.75
NY,,Aurelius,8.0
NY,,Austerlitz,8.0
NY,,Ava,8.75
NY,,Avon Town,8.0
NY,,Babylon,8.75
NY,,Babylon Village,8.75
NY,,Baldwin,8.0
NY,,Barre,8.0
NY,,Batavia City,8.0
NY,,Batavia School District,8.0
NY,,Bath Town,8.0
NY,,Bayville Village,8.625
NY,,Bedford,8.375
NY,,Belfast,8.5
NY,,Bellmont,8.0
NY,,Benton,8.0
NY,,Berkshire,8.0
NY,,Berlin,8.0
NY,,Berne,8.0
NY,,Bethel,8.0
NY,,Bethlehem,8.0
NY,,Big Flats,8.0
NY,,Binghamton,8.0
NY,,Binghamton Village,8.0
NY,,Bleecker,8.0
NY,,Blenheim,8.0
NY,,Bloomfield Village,7.5
NY,,Blooming Grove,8.125
NY,,Bolivar,8.5
NY,,Bolton,7.0
NY,,Boston,8.75
NY,,Bovina,8.0
NY,,Brant,8.75
NY,,Brasher,8.0
NY,,Bridgewater,8.75
NY,,Brighton  Franklin County,8.0
NY,,Brookfield,8.0
NY,,Brookhaven,8.75
NY,,Brownville,8.0
NY,,Buffalo,8.75
NY,,Burlington,8.0
NY,,Burns,8.5
NY,,Butler,8.0
NY,,Butternuts,8.0
NY,,Byron,8.0
NY,,Cairo,8.0
NY,,Callicoon,8.0
NY,,Cameron,8.0
NY,,Canandaigua City,7.5
NY,,Canastota Village,16.0
NY,,Canton,8.0
NY,,Cape Vincent,8.0
NY,,Carlisle,8.0
NY,,Carmel,8.375
NY,,Caroga,8.0
NY,,Caroline,8.0
NY,,Castile,8.0
NY,,Cattaraugus,8.0
NY,,Centerville,8.5
NY,,Centre Island Village,8.625
NY,,Champion,8.0
NY,,Champlain,8.0
NY,,Chatham,8.0
NY,,Chautauqua,8.0
NY,,Cheektowaga,8.75
NY,,Chemung,8.0
NY,,Chenango,8.0
NY,,Cherry Creek,8.0
NY,,Cherry Valley Town,8.0
NY,,Chester  Warren County,7.0
NY,,Chester Town  Orange County,8.125
NY,,Chesterfield,8.0
NY,,Chili,8.0
NY,,Chittenango Village,16.0
NY,,Cicero,8.0
NY,,Cincinnatus,8.0
NY,,Clarence,8.75
NY,,Clarendon,8.0
NY,,Clarkson,8.0
NY,,Clarkstown,8.375
NY,,Clarksville,8.5
NY,,Claverack,8.0
NY,,Clay,8.0
NY,,Clayton,8.0
NY,,Clermont,8.0
NY,,Clifton,8.0
NY,,Clifton Park,7.0
NY,,Clinton  Clinton County,8.0
NY,,Clinton  Dutches County,8.125
NY,,Cobleskill,8.0
NY,,Coeymans,8.0
NY,,Cohecton,8.0
NY,,Cohocton,8.0
NY,,Cohoes School District,8.0
NY,,Colchester,8.0
NY,,Colden,8.75
NY,,Coldspring,8.0
NY,,Colesville,8.0
NY,,Collins,8.75
NY,,Colonie,8.0
NY,,Colonie Village,8.0
NY,,Colton,8.0
NY,,Columbia,8.25
NY,,Columbus,8.0
NY,,Concord,8.75
NY,,Conewango,8.0
NY,,Conklin,8.0
NY,,Copake,8.0
NY,,Corinth,7.0
NY,,Corning City,8.0
NY,,Cornwall,8.125
NY,,Cortlandt,8.375
NY,,Cortlandville,8.0
NY,,Covert,8.0
NY,,Coxsackie,8.0
NY,,Crawford,8.125
NY,,Croghan,8.0
NY,,Danby,8.0
NY,,Dannemora Village,8.0
NY,,Davenport,8.0
NY,,Dayton,8.0
NY,,De Kalb,8.0
NY,,De Peyster,8.0
NY,,Deerfield,8.75
NY,,Deerpark,8.125
NY,,Deferiet Village,8.0
NY,,Delaware,8.0
NY,,Denmark,8.0
NY,,Denning,8.0
NY,,Depew Village,8.75
NY,,Deruyter,8.0
NY,,Dix,8.0
NY,,Dobbs Ferry Village,8.375
NY,,Dresden,7.0
NY,,Dryden,8.0
NY,,Duanesburg,8.0
NY,,Durham,8.0
NY,,East Bloomfield Town,7.5
NY,,East Hampton,8.75
NY,,Eastchester,8.375
NY,,Eaton,8.0
NY,,Eden,8.75
NY,,Elbridge,8.0
NY,,Ellenburg,8.0
NY,,Ellery,8.0
NY,,Ellicott,8.0
NY,,Ellington,8.0
NY,,Ellisburg,8.0
NY,,Elma,8.75
NY,,Erwin,8.0
NY,,Esopus,8.0
NY,,Evans,8.75
NY,,Exeter,8.0
NY,,Fabius,8.0
NY,,Fair Haven Village,8.0
NY,,Fairfield,8.25
NY,,Fallsburg,8.0
NY,,Farnham Village,8.75
NY,,Fine,8.0
NY,,Fishkill,8.125
NY,,Floral Park Village,8.625
NY,,Florence,8.75
NY,,Florida,8.0
NY,,Forestport,8.75
NY,,Fort Ann,7.0
NY,,Fort Covington,8.0
NY,,Fort Edward,7.0
NY,,Fowler,8.0
NY,,Frankfort,8.25
NY,,Franklin  Franklin County,8.0
NY,,Franklin Town  Delaware County,8.0
NY,,Franklinville,8.0
NY,,Freedom,8.0
NY,,Freetown,8.0
NY,,Fremont  Steuben County,8.0
NY,,Fremont  Sullivan County,8.0
NY,,French Creek,8.0
NY,,Friendship,8.5
NY,,Fulton,8.0
NY,,Garden City Village,8.625
NY,,Gates,8.0
NY,,Genesee,8.5
NY,,Genoa,8.0
NY,,Ghent,8.0
NY,,Glen,8.0
NY,,Glen Cove,8.625
NY,,Glenville,8.0
NY,,Gorham Town,7.5
NY,,Grafton,8.0
NY,,Granger,8.5
NY,,Granville,7.0
NY,,Great Neck Plaza Village,8.625
NY,,Great Neck Village,8.625
NY,,Great Valley,8.0
NY,,Greece,8.0
NY,,Green Island Village,8.0
NY,,Greenburgh,8.375
NY,,Greenfield,7.0
NY,,Greenville  Greene County,8.0
NY,,Greenville  Orange County,8.125
NY,,Greenwich,7.0
NY,,Greig,8.0
NY,,Groton,8.0
NY,,Grove,8.5
NY,,Groveland,8.0
NY,,Guilderland,8.0
NY,,Guilford,8.0
NY,,Hague,7.0
NY,,Halcott,8.0
NY,,Hamburg Town,8.75
NY,,Hamilton Town,8.0
NY,,Hamlin,8.0
NY,,Hammond Town,8.0
NY,,Hamptonburgh,8.125
NY,,Hancock,8.0
NY,,Harford,8.0
NY,,Harmony,8.0
NY,,Harpersfield,8.0
NY,,Harrietstown,8.0
NY,,Harrison,8.375
NY,,Hartford,7.0
NY,,Hartwick,8.0
NY,,Hastings,8.0
NY,,Haverstraw Town,8.375
NY,,Haverstraw Village,8.375
NY,,Hector,8.0
NY,,Hempstead Town,8.625
NY,,Hempstead Village,8.625
NY,,Henderson,8.0
NY,,Henrietta,8.0
NY,,Highland  Ny,8.0
NY,,Highlands,8.125
NY,,Homer Town,8.0
NY,,Hoosick,8.0
NY,,Hopkinton,8.0
NY,,Horicon,7.0
NY,,Hornell School District,8.0
NY,,Hounsfield,8.0
NY,,Hume,8.5
NY,,Hunter,8.0
NY,,Huntington,8.75
NY,,Hurley,8.0
NY,,Indian Lake,8.0
NY,,Irvington Village,8.375
NY,,Islandia Village,8.75
NY,,Islip,8.75
NY,,Ithaca,8.0
NY,,Jamestown,8.0
NY,,Java,8.0
NY,,Jerusalem,8.0
NY,,Jewett,8.0
NY,,Johnsburg,7.0
NY,,Johnson City Village,8.0
NY,,Johnstown,8.0
NY,,Johnstown School District,8.0
NY,,Junius,8.0
NY,,Keene,8.0
NY,,Kenmore Village,8.75
NY,,Kent,8.375
NY,,Kinderhook Town,8.0
NY,,Kingston City,8.0
NY,,Kirkland,8.75
NY,,Knox,8.0
NY,,La Grange,8.125
NY,,Lackawanna,8.75
NY,,Lake Pleasant,8.0
NY,,Lancaster Town,8.75
NY,,Lansing Village,8.0
NY,,Lawrence,8.0
NY,,Le Ray,8.0
NY,,Lee,8.75
NY,,Leon,8.0
NY,,Lewis  Essex County,8.0
NY,,Lewisboro,8.375
NY,,Lewiston,8.0
NY,,Lexington,8.0
NY,,Liberty Town,8.0
NY,,Lima Town,8.0
NY,,Lincoln,8.0
NY,,Lisle Town,8.0
NY,,Livingston,8.0
NY,,Livonia Town,8.0
NY,,Lodi Town,8.0
NY,,Long Beach School District,8.625
NY,,Long Lake,8.0
NY,,Lumberland,8.0
NY,,Lyme,8.0
NY,,Lysander,8.0
NY,,Madison Town,8.0
NY,,Malone Town,8.0
NY,,Mamakating,8.0
NY,,Manchester Town,7.5
NY,,Manlius Town  Ny,8.0
NY,,Mansfield,8.0
NY,,Marbletown,8.0
NY,,Marcellus,8.0
NY,,Marcy,8.75
NY,,Marilla,8.75
NY,,Marion,8.0
NY,,Marlborough,8.0
NY,,Marshall,8.75
NY,,Martinsburg,8.0
NY,,Masonville,8.0
NY,,Massena,8.0
NY,,Matinecock Village,8.625
NY,,Mayfield,8.0
NY,,Mendon,8.0
NY,,Meredith,8.0
NY,,Meridian Village,8.0
NY,,Mexico,8.0
NY,,Middlebury,8.0
NY,,Middlesex,8.0
NY,,Middletown School District,8.125
NY,,Middletown Town,8.0
NY,,Milford,8.0
NY,,Milton,7.0
NY,,Mina,8.0
NY,,Minerva,8.0
NY,,Minetto,8.0
NY,,Minisink,8.125
NY,,Mohawk,8.0
NY,,Moira,8.0
NY,,Monroe,8.125
NY,,Montezuma,8.0
NY,,Montgomery,8.125
NY,,Montour,8.0
NY,,Mooers,8.0
NY,,Moreau,7.0
NY,,Morehouse,8.0
NY,,Moriah,8.0
NY,,Morris,8.0
NY,,Morristown,8.0
NY,,Mount Hope,8.125
NY,,Mount Kisco,8.375
NY,,Mount Pleasant,8.375
NY,,Mount Vernon School District,8.375
NY,,Murray,8.0
NY,,Muttontown Village,8.625
NY,,Nanticoke,8.0
NY,,Nelliston Village,8.0
NY,,Neversink,8.0
NY,,New Baltimore,8.0
NY,,New Castle,8.375
NY,,New Hartford,8.75
NY,,New Haven,8.0
NY,,New Lebanon,8.0
NY,,New Rochelle,8.375
NY,,New Windsor,8.125
NY,,New York City,8.875
NY,,New York Mills Village,8.75
NY,,New York Stewart International Airport,8.125
NY,,Newburgh City,8.125
NY,,Newburgh School District,8.125
NY,,Newburgh Town,8.125
NY,,Newcomb,8.0
NY,,Newfane,8.0
NY,,Newstead,8.75
NY,,Niagara,8.0
NY,,Niagara Falls,8.0
NY,,Nichols,8.0
NY,,Norfolk,8.0
NY,,North Elba,8.0
NY,,North Harmony,8.0
NY,,North Hempstead,8.625
NY,,North Hudson,8.0
NY,,North Norwich,8.0
NY,,North Salem,8.375
NY,,North Syracuse Village,8.0
NY,,Norway,8.25
NY,,Ogden,8.0
NY,,Ogdensburg School District,8.0
NY,,Old Westbury Village,8.625
NY,,Oneida Indian Reservation,17.5
NY,,Oneonta Town,8.0
NY,,Ontario,7.5
NY,,Ontario,8.0
NY,,Orangetown,8.375
NY,,Orleans,8.0
NY,,Orwell,8.0
NY,,Ossining,8.375
NY,,Oswego,8.0
NY,,Otsego,8.0
NY,,Otto,8.0
NY,,Oyster Bay,8.625
NY,,Palatine,8.0
NY,,Patterson,8.375
NY,,Pawling,8.125
NY,,Peekskill School District,8.375
NY,,Pembroke,8.0
NY,,Pendleton,8.0
NY,,Penfield,8.0
NY,,Perinton,8.0
NY,,Perry,8.0
NY,,Perrysburg,8.0
NY,,Perth,8.0
NY,,Peru,8.0
NY,,Petersburgh,8.0
NY,,Pharsalia,8.0
NY,,Phelps Town,7.5
NY,,Philadelphia,8.0
NY,,Philipstown,8.375
NY,,Philmont Village,8.0
NY,,Piercefield,8.0
NY,,Pierrepont,8.0
NY,,Pike,8.0
NY,,Pinckney,8.0
NY,,Pine Plains,8.125
NY,,Pitcher,8.0
NY,,Pittsfield,8.0
NY,,Pittsford,8.0
NY,,Pittstown,8.0
NY,,Plainfield,8.0
NY,,Plattekill,8.0
NY,,Plattsburgh,8.0
NY,,Poestenkill,8.0
NY,,Poland,8.0
NY,,Pomfret,8.0
NY,,Pompey,8.0
NY,,Porter,8.0
NY,,Portland,8.0
NY,,Portville,8.0
NY,,Potsdam Village,8.0
NY,,Poughkeepsie,8.125
NY,,Poughkeepsie City,8.125
NY,,Pound Ridge,8.375
NY,,Prattsburgh,8.0
NY,,Prattsville,8.0
NY,,Preble,8.0
NY,,Princetown,8.0
NY,,Providence,7.0
NY,,Pulteney,8.0
NY,,Queensbury,7.0
NY,,Ramapo,8.375
NY,,Randolph,8.0
NY,,Reading,8.0
NY,,Red Hook,8.125
NY,,Redfield,8.0
NY,,Rensselaer,8.0
NY,,Rensselaerville,8.0
NY,,Rhinebeck,8.125
NY,,Richburg Village,8.5
NY,,Richford,8.0
NY,,Richland,8.0
NY,,Richmond,8.875
NY,,Ridgeway,8.0
NY,,Riverhead,8.75
NY,,Rochester City,8.0
NY,,Rochester Town,8.0
NY,,Rockland,8.0
NY,,Rockville Centre Village,8.625
NY,,Rodman,8.0
NY,,Rome,8.75
NY,,Romulus,8.0
NY,,Root,8.0
NY,,Rose,8.0
NY,,Roseboom,8.0
NY,,Rosendale,8.0
NY,,Rotterdam,8.0
NY,,Roxbury,8.0
NY,,Royalton,8.0
NY,,Rushford,8.5
NY,,Russell,8.0
NY,,Rutland,8.0
NY,,Rye City School District,8.375
NY,,Salem,7.0
NY,,Salina,8.0
NY,,Salisbury,8.25
NY,,Sand Lake,8.0
NY,,Sandy Creek,8.0
NY,,Sangerfield,8.75
NY,,Santa Clara,8.0
NY,,Saranac,8.0
NY,,Saranac Lake Village,8.0
NY,,Saratoga,7.0
NY,,Sardinia,8.75
NY,,Saugerties,8.0
NY,,Schaghticoke,8.0
NY,,Schenectady,8.0
NY,,Schodack,8.0
NY,,Schoharie,8.0
NY,,Schroeppel,8.0
NY,,Schroon,8.0
NY,,Scott,8.0
NY,,Scriba,8.0
NY,,Sempronius,8.0
NY,,Seneca Falls,8.0
NY,,Sennett,8.0
NY,,Seward,8.0
NY,,Shandaken,8.0
NY,,Shawangunk,8.0
NY,,Shelby,8.0
NY,,Sheldon,8.0
NY,,Shelter Island,8.75
NY,,Sherburne,8.0
NY,,Sheridan,8.0
NY,,Sherman,8.0
NY,,Sidney,8.0
NY,,Skaneateles,8.0
NY,,Smithfield,8.0
NY,,Smithtown,8.75
NY,,Smithville,8.0
NY,,Smyrna,8.0
NY,,Sodus,8.0
NY,,Somers,8.375
NY,,Somerset,8.0
NY,,South Valley,8.0
NY,,Southampton,8.75
NY,,Southampton Village,8.75
NY,,Southeast,8.375
NY,,Southold,8.75
NY,,Southport,8.0
NY,,Spafford,8.0
NY,,Sparta,8.0
NY,,Spencer,8.0
NY,,Springfield,8.0
NY,,Springport,8.0
NY,,Springville Village,8.75
NY,,Springwater,8.0
NY,,Stafford,8.0
NY,,Stamford,8.0
NY,,Stanford,8.125
NY,,Stark,8.25
NY,,Starkey,8.0
NY,,Stephentown,8.0
NY,,Sterling,8.0
NY,,Steuben,8.75
NY,,Stillwater,7.0
NY,,Stockholm,8.0
NY,,Stockport,8.0
NY,,Stockton,8.0
NY,,Stony Creek,7.0
NY,,Stony Point,8.375
NY,,Stuyvesant,8.0
NY,,Summerhill,8.0
NY,,Summit,8.0
NY,,Sweden,8.0
NY,,Sylvan Beach Village,17.5
NY,,Syracuse,8.0
NY,,Taghkanic,8.0
NY,,Theresa,8.0
NY,,Thompson,8.0
NY,,Throop,8.0
NY,,Thurman,7.0
NY,,Thurston,8.0
NY,,Ticonderoga,8.0
NY,,Tioga,8.0
NY,,Tompkins,8.0
NY,,Tonawanda,8.75
NY,,Tonawanda Village,8.75
NY,,Torrey,8.0
NY,,Trenton,8.75
NY,,Triangle,8.0
NY,,Troupsburg,8.0
NY,,Troy School District,8.0
NY,,Truxton,8.0
NY,,Turin,8.0
NY,,Tuscarora,8.0
NY,,Tusten,8.0
NY,,Tuxedo,8.125
NY,,Tyre,8.0
NY,,Tyrone,8.0
NY,,Ulster,8.0
NY,,Ulysses,8.0
NY,,Unadilla,8.0
NY,,Union,8.0
NY,,Union Vale,8.125
NY,,Utica,8.75
NY,,Valley Stream Village,8.625
NY,,Van Buren,8.0
NY,,Van Etten,8.0
NY,,Varick,8.0
NY,,Venice,8.0
NY,,Vernon,8.75
NY,,Vernon,17.5
NY,,Verona,8.75
NY,,Vestal,8.0
NY,,Veteran,8.0
NY,,Victor Town,7.5
NY,,Victory,8.0
NY,,Vienna,8.75
NY,,Virgil,8.0
NY,,Volney,8.0
NY,,Waddington,8.0
NY,,Wales,8.75
NY,,Wallkill,8.125
NY,,Wampsville Village,8.0
NY,,Wappinger,8.125
NY,,Ward,8.5
NY,,Warrensburg,7.0
NY,,Warsaw,8.0
NY,,Warwick,8.125
NY,,Washington,8.125
NY,,Watertown,8.0
NY,,Watertown School District,8.0
NY,,Watervliet School District,8.0
NY,,Watson,8.0
NY,,Waverly,8.0
NY,,Wawarsing,8.0
NY,,Wawayanda Town,8.125
NY,,Wayland,8.0
NY,,Webb,8.25
NY,,Wells,8.0
NY,,Wellsville,8.5
NY,,West Monroe,8.0
NY,,West Seneca,8.75
NY,,West Sparta,8.0
NY,,West Turin,8.0
NY,,Westerlo,8.0
NY,,Western,8.75
NY,,Westfield,8.0
NY,,Westford,8.0
NY,,Westmoreland,8.75
NY,,Westport,8.0
NY,,Westville,8.0
NY,,Wheatfield,8.0
NY,,Wheatland,8.0
NY,,Wheeler,8.0
NY,,White Creek,7.0
NY,,White Plains,8.375
NY,,Whitestown,8.75
NY,,Williamson,8.0
NY,,Willing,8.5
NY,,Wilmington,8.0
NY,,Wilna,8.0
NY,,Wilson,8.0
NY,,Wilton,7.0
NY,,Windham,8.0
NY,,Windsor,8.0
NY,,Wolcott,8.0
NY,,Woodstock,8.0
NY,,Worth,8.0
NY,,Wright,8.0
NY,,Yates,8.0
NY,,Yonkers,8.875
NY,,York,8.0
NY,,Yorkshire,8.0
NY,,Yorktown,8.375
OH,,Ada,7.25
OH,,Adams,7.25
OH,,Adamsville,7.25
OH,,Addyston,7.8
OH,,Adelphi,7.25
OH,,Adena,7.25
OH,,Akron,6.75
OH,,Albany,7.25
OH,,Alexandria,7.25
OH,,Alger,7.25
OH,,Allen,6.85
OH,,Alliance,6.5
OH,,Alliance,7.5
OH,,Amberley,7.8
OH,,Amherst,6.5
OH,,Amsterdam,7.25
OH,,Andover,6.75
OH,,Ansonia,7.25
OH,,Antioch,7.25
OH,,Antwerp,7.25
OH,,Arcadia,6.75
OH,,Archbold,7.25
OH,,Arlington,6.75
OH,,Arlington Heights,7.8
OH,,Ashland,7.0
OH,,Ashtabula,6.75
OH,,Ashville,7.25
OH,,Athalia,7.25
OH,,Athens,7.25
OH,,Attica,7.25
OH,,Auglaize,7.25
OH,,Avon,6.5
OH,,Bainbridge,7.25
OH,,Baltic,7.75
OH,,Banks Community Authority,7.8
OH,,Barberton,6.75
OH,,Barnhill,6.75
OH,,Batavia,6.75
OH,,Beaver,7.25
OH,,Beavercreek,6.75
OH,,Beaverdam,6.85
OH,,Belle Center,7.25
OH,,Belle Valley,7.25
OH,,Bellefontaine,7.25
OH,,Bellevue,7.25
OH,,Belmont,7.25
OH,,Belmore,7.0
OH,,Beloit,7.5
OH,,Belpre,7.25
OH,,Benton Ridge,6.75
OH,,Bergholz,7.25
OH,,Berlin Heights,6.75
OH,,Bettsville,7.25
OH,,Beverly,7.25
OH,,Blakeslee,7.25
OH,,Bloomdale,6.75
OH,,Bloomingdale,7.25
OH,,Blue Ash,7.8
OH,,Bolivar,6.75
OH,,Botkins,7.25
OH,,Bowerston,7.25
OH,,Bowersville,6.75
OH,,Bowling Green,6.75
OH,,Brewster,6.5
OH,,Broadview Heights,8.0
OH,,Brown,7.0
OH,,Brunswick,6.75
OH,,Buchtel,7.25
OH,,Buckeye Lake,7.25
OH,,Buckland,7.25
OH,,Burgoon,7.25
OH,,Burkettsville,7.25
OH,,Butler,6.5
OH,,Butlerville,6.75
OH,,Byesville,7.25
OH,,Cadiz,7.25
OH,,Cairo,6.85
OH,,Caledonia,7.25
OH,,Campbell,7.5
OH,,Canton,6.5
OH,,Carey,7.25
OH,,Carlisle,7.5
OH,,Carroll,6.75
OH,,Catawba,7.25
OH,,Cecil,7.25
OH,,Celina,7.25
OH,,Centerburg,7.25
OH,,Centerville,7.5
OH,,Centerville Village,7.25
OH,,Champaign,7.25
OH,,Chatfield,7.25
OH,,Chauncey,7.25
OH,,Cheshire,7.25
OH,,Chesterville,7.25
OH,,Cheviot,7.8
OH,,Chickasaw,7.25
OH,,Chillicothe,7.25
OH,,Chilo,6.75
OH,,Christiansburg,7.25
OH,,Cincinnati,7.8
OH,,Circleville,7.25
OH,,Claridon Township,7.25
OH,,Clarington,7.25
OH,,Clark,7.25
OH,,Clarksburg,7.25
OH,,Clarksville,7.25
OH,,Clay Center,7.0
OH,,Clayton,7.5
OH,,Clermont,6.75
OH,,Cleveland,8.0
OH,,Cleveland Heights,8.0
OH,,Clifton,7.25
OH,,Clinton,6.75
OH,,Clinton,7.25
OH,,Clyde,7.25
OH,,Coalton,7.25
OH,,Coldwater,7.25
OH,,College Corner,7.25
OH,,Columbiana,7.25
OH,,Columbiana,7.5
OH,,Columbus Grove,7.0
OH,,Commercial Point,7.25
OH,,Conesville,7.75
OH,,Conneaut,6.75
OH,,Convoy,7.25
OH,,Coolville,7.25
OH,,Corning,7.25
OH,,Cortland,6.75
OH,,Coshocton,7.75
OH,,Craig Beach,7.5
OH,,Crawford,7.25
OH,,Crestline,7.25
OH,,Creston,6.75
OH,,Cridersville,7.25
OH,,Cuyahoga Falls,6.75
OH,,Cygnet,6.75
OH,,Darke,7.25
OH,,Dayton,7.5
OH,,De Graff,7.25
OH,,Deersville,7.25
OH,,Defiance,6.75
OH,,Delaware,7.0
OH,,Delaware,8.0
OH,,Dellroy,6.75
OH,,Delphos,7.25
OH,,Deshler,7.25
OH,,Dexter City,7.25
OH,,Dillonvale,7.25
OH,,Donnelsville,7.25
OH,,Dublin Cota,8.0
OH,,Dunkirk,7.25
OH,,Dupont,7.0
OH,,East Cleveland,8.0
OH,,East Palestine,7.25
OH,,Eastlake,7.25
OH,,Edison,7.25
OH,,Eldorado,7.25
OH,,Elgin,7.25
OH,,Elyria,6.5
OH,,Enon,7.25
OH,,Erie,6.75
OH,,Euclid,8.0
OH,,Fairborn,6.75
OH,,Fairfield,6.75
OH,,Fairlawn,6.75
OH,,Fairview,7.25
OH,,Farmersville,7.5
OH,,Fayette,7.25
OH,,Findlay,6.75
OH,,Florida,7.25
OH,,Forest,7.25
OH,,Forest Park,7.8
OH,,Fort Loramie,7.25
OH,,Frankfort,7.25
OH,,Franklin,8.0
OH,,Freeport,7.25
OH,,Fremont,7.25
OH,,Fulton,7.25
OH,,Fultonham,7.25
OH,,Galena,7.0
OH,,Gallia,7.25
OH,,Gallipolis,7.25
OH,,Gambier,7.25
OH,,Garfield Heights,8.0
OH,,Garrettsville,7.0
OH,,Gates Mills,8.0
OH,,Geauga,6.75
OH,,Gettysburg,7.25
OH,,Gibsonburg,7.25
OH,,Gilboa,7.0
OH,,Glandorf,7.0
OH,,Glenford,7.25
OH,,Gloria Glens Park,6.75
OH,,Gnadenhutten,6.75
OH,,Grand River,7.25
OH,,Grandview Heights,8.0
OH,,Granville,7.25
OH,,Gratiot,7.25
OH,,Gratis,7.25
OH,,Graysville,7.25
OH,,Green,6.75
OH,,Green Camp,7.25
OH,,Green Springs,7.25
OH,,Greene,6.75
OH,,Greenfield,7.25
OH,,Greenhills,7.8
OH,,Greenwich,7.25
OH,,Groveport,8.0
OH,,Grover Hill,7.25
OH,,Guernsey,7.25
OH,,Hamersville,7.0
OH,,Hamilton,6.5
OH,,Hamilton,7.8
OH,,Hamler,7.25
OH,,Hancock,6.75
OH,,Hanoverton,7.25
OH,,Harbor View,7.75
OH,,Hardin,7.25
OH,,Harpster,7.25
OH,,Harrisburg,8.0
OH,,Harrison,7.25
OH,,Harrison,7.8
OH,,Hartford,7.25
OH,,Harveysburg,6.75
OH,,Haskins,6.75
OH,,Haviland,7.25
OH,,Hayesville,7.0
OH,,Hebron,7.25
OH,,Helena,7.25
OH,,Henry,7.25
OH,,Higginsport,7.0
OH,,Highland,7.25
OH,,Hillsboro,7.25
OH,,Hocking,7.25
OH,,Holgate,7.25
OH,,Hollansburg,7.25
OH,,Holloway,7.25
OH,,Holmes,7.0
OH,,Hopedale,7.25
OH,,Hoytville,6.75
OH,,Huber Heights,7.5
OH,,Hudson,6.75
OH,,Huntsville,7.25
OH,,Huron,6.75
OH,,Huron,7.25
OH,,Independence,8.0
OH,,Indian Hill,7.8
OH,,Irondale,7.25
OH,,Jackson,7.25
OH,,Jackson Center,7.25
OH,,Jacksonville,7.25
OH,,Jefferson,7.25
OH,,Jeffersonville,7.25
OH,,Jerome Village Community Authority,7.0
OH,,Jeromesville,7.0
OH,,Jerry City,6.75
OH,,Jewett,7.25
OH,,Johnstown,7.25
OH,,Kalida,7.0
OH,,Kelleys Island,6.75
OH,,Kent,7.0
OH,,Kenton,7.25
OH,,Kettering,7.5
OH,,Kettlersville,7.25
OH,,Kipton,6.5
OH,,Kirby,7.25
OH,,Kirkersville,7.25
OH,,Knox,7.25
OH,,Lafayette,6.85
OH,,Lagrange,6.5
OH,,Lake,7.25
OH,,Lakemore,6.75
OH,,Lakeview,7.25
OH,,Lakewood,8.0
OH,,Larue,7.25
OH,,Latty,7.25
OH,,Lawrence,7.25
OH,,Leesville,6.75
OH,,Lexington,7.0
OH,,Licking,7.25
OH,,Licking,8.25
OH,,Lima,6.85
OH,,Linndale,8.0
OH,,Lisbon,7.25
OH,,Lithopolis,6.75
OH,,Lockington,7.25
OH,,Logan,7.25
OH,,Lorain,6.5
OH,,Lore City,7.25
OH,,Loveland,7.8
OH,,Lowell,7.25
OH,,Lower Salem,7.25
OH,,Lucas,7.75
OH,,Luckey,6.75
OH,,Ludlow Falls,7.0
OH,,Lynchburg,7.25
OH,,Macedonia,6.75
OH,,Macksburg,7.25
OH,,Madison,7.0
OH,,Magnetic Springs,7.0
OH,,Magnolia,6.75
OH,,Mahoning,7.5
OH,,Malinta,7.25
OH,,Malta,7.25
OH,,Malvern,6.75
OH,,Manchester,7.25
OH,,Mansfield,7.0
OH,,Mantua,7.0
OH,,Maple Heights,8.0
OH,,Marble Cliff,8.0
OH,,Marblehead,7.0
OH,,Marietta,7.25
OH,,Marion,7.25
OH,,Martins Ferry,7.25
OH,,Martinsburg,7.25
OH,,Martinsville,7.25
OH,,Marysville,7.0
OH,,Mason,6.75
OH,,Mason Township,7.25
OH,,Massillon,6.5
OH,,Matamoras,7.25
OH,,Maumee,7.75
OH,,Mayfield,8.0
OH,,Mcclure,7.25
OH,,Mcconnelsville,7.25
OH,,Mcguffey,7.25
OH,,Medina,6.75
OH,,Meigs,7.25
OH,,Melrose,7.25
OH,,Mendon,7.25
OH,,Mentor,7.25
OH,,Metamora,7.25
OH,,Miamisburg,7.5
OH,,Middle Point,7.25
OH,,Middleburg Heights,8.0
OH,,Middlefield,6.75
OH,,Middleport,7.25
OH,,Midland,7.25
OH,,Midvale,6.75
OH,,Midway,7.0
OH,,Milan,7.25
OH,,Milledgeville,7.25
OH,,Miller City,7.0
OH,,Milton Center,6.75
OH,,Mineral City,6.75
OH,,Minster,7.25
OH,,Monday Creek Township,7.25
OH,,Monroe,6.75
OH,,Monroe,7.25
OH,,Monroeville,7.25
OH,,Montezuma,7.25
OH,,Montgomery,7.5
OH,,Morgan,7.25
OH,,Morristown,7.25
OH,,Morrow,7.25
OH,,Mount Eaton,6.5
OH,,Mount Orab,7.0
OH,,Mount Pleasant,7.25
OH,,Mount Vernon,7.25
OH,,Mount Victory,7.25
OH,,Mowrystown,7.25
OH,,Munroe Falls,6.75
OH,,Murray City,7.25
OH,,Muskingum,7.25
OH,,Napoleon,7.25
OH,,Nashville,7.0
OH,,Neville,6.75
OH,,New Albany,8.0
OH,,New Athens,7.25
OH,,New Bavaria,7.25
OH,,New Bloomington,7.25
OH,,New Boston,7.25
OH,,New Bremen,7.25
OH,,New Knoxville,7.25
OH,,New Lexington,7.25
OH,,New London,7.25
OH,,New Madison,7.25
OH,,New Middletown,7.5
OH,,New Paris,7.25
OH,,New Richmond,6.75
OH,,New Vienna,7.25
OH,,New Washington,7.25
OH,,Newark,7.25
OH,,Newburgh Heights,8.0
OH,,Newtonsville,6.75
OH,,Newtown,7.8
OH,,Ney,6.75
OH,,Noble,7.25
OH,,North Bend,7.8
OH,,North Fairfield,7.25
OH,,North Hampton,7.25
OH,,North Kingsville,6.75
OH,,North Lewisburg,7.25
OH,,North Ridgeville,6.5
OH,,North Robinson,7.25
OH,,North Star,7.25
OH,,Northwood,6.75
OH,,Norton,6.75
OH,,Oak Hill,7.25
OH,,Obetz,8.0
OH,,Old Washington,7.25
OH,,Olmsted Falls,8.0
OH,,Ontario,7.0
OH,,Orangeville,6.75
OH,,Oregon,7.75
OH,,Orrville,6.5
OH,,Orwell,6.75
OH,,Osgood,7.25
OH,,Ostrander,7.0
OH,,Ottawa,7.0
OH,,Ottawa Hills,7.75
OH,,Ottoville,7.0
OH,,Owensville,6.75
OH,,Painesville,7.25
OH,,Palestine,7.25
OH,,Pandora,7.0
OH,,Parma,8.0
OH,,Parma Heights,8.0
OH,,Pataskala,7.25
OH,,Paulding,7.25
OH,,Payne,7.25
OH,,Peebles,7.25
OH,,Perry,7.25
OH,,Perrysburg,6.75
OH,,Perrysville,7.0
OH,,Phillipsburg,7.5
OH,,Philo,7.25
OH,,Pickaway,7.25
OH,,Pickerington,8.0
OH,,Pike,7.25
OH,,Piketon,7.25
OH,,Pitsburg,7.25
OH,,Plainfield,7.75
OH,,Pleasant City,7.25
OH,,Pleasant Hill,7.0
OH,,Plymouth,7.25
OH,,Polk,7.0
OH,,Pomeroy,7.25
OH,,Port Clinton,7.0
OH,,Port Jefferson,7.25
OH,,Port William,7.25
OH,,Portage,6.75
OH,,Portage,7.0
OH,,Portsmouth,7.25
OH,,Potsdam,7.0
OH,,Powhatan Point,7.25
OH,,Preble,7.25
OH,,Prospect,7.25
OH,,Put In Bay,7.0
OH,,Putnam,7.0
OH,,Quincy,7.25
OH,,Rarden,7.25
OH,,Ravenna,7.0
OH,,Reminderville,6.75
OH,,Richland,7.0
OH,,Rio Grande,7.25
OH,,Ripley,7.0
OH,,Rittman,6.5
OH,,Rittman,6.75
OH,,Riverlea,8.0
OH,,Riverside,7.5
OH,,Roaming Shores,6.75
OH,,Rockford,7.25
OH,,Rocky Ridge,7.0
OH,,Rocky River,8.0
OH,,Roseville,7.25
OH,,Ross,7.25
OH,,Rossburg,7.25
OH,,Rossford,7.25
OH,,Rushsylvania,7.25
OH,,Russells Point,7.25
OH,,Russellville,7.0
OH,,Russia,7.25
OH,,Sabina,7.25
OH,,Saint Clairsville,7.25
OH,,Saint Henry,7.25
OH,,Saint Louisville,7.25
OH,,Saint Marys,7.25
OH,,Saint Paris,7.25
OH,,Sandusky,6.75
OH,,Sandusky,7.25
OH,,Sarahsville,7.25
OH,,Savannah,7.0
OH,,Scio,7.25
OH,,Scioto,7.25
OH,,Scott,7.25
OH,,Seaman,7.25
OH,,Seneca,7.25
OH,,Seven Hills,8.0
OH,,Seven Mile,6.5
OH,,Shadyside,7.25
OH,,Shaker Heights,8.0
OH,,Sharonville,7.8
OH,,Sheffield Lake,6.5
OH,,Shelby,7.25
OH,,Sidney,7.25
OH,,Sinking Spring,7.25
OH,,Smithfield,7.25
OH,,Smithville,6.5
OH,,Solon,8.0
OH,,Somerset,7.25
OH,,South Charleston,7.25
OH,,South Euclid,8.0
OH,,South Point,7.25
OH,,South Salem,7.25
OH,,South Webster,7.25
OH,,Sparta,7.25
OH,,Spencer,6.75
OH,,Spring Valley,6.75
OH,,Springboro,7.5
OH,,Springfield,7.25
OH,,Stafford,7.25
OH,,Stark,6.5
OH,,Steubenville,7.25
OH,,Stratton,7.25
OH,,Streetsboro,7.0
OH,,Strongsville,8.0
OH,,Struthers,7.5
OH,,Summerfield,7.25
OH,,Summit,6.75
OH,,Summitville,7.25
OH,,Syracuse,7.25
OH,,Tallmadge,6.75
OH,,Tallmadge,7.0
OH,,Tarlton,7.25
OH,,Terrace Park,7.8
OH,,Thornville,7.25
OH,,Thurston,6.75
OH,,Tiffin,7.25
OH,,Tiltonsville,7.25
OH,,Tipp City,7.0
OH,,Tiro,7.25
OH,,Toledo,7.75
OH,,Tontogany,6.75
OH,,Toronto,7.25
OH,,Tremont City,7.25
OH,,Trenton,6.5
OH,,Trimble,7.25
OH,,Trotwood,7.5
OH,,Troy,7.0
OH,,Trumbull,6.75
OH,,Tuscarawas,6.75
OH,,Union,7.0
OH,,Union City,7.25
OH,,Unionville Center,7.0
OH,,University Heights,8.0
OH,,Upper Arlington,8.0
OH,,Valley Hi,7.25
OH,,Valley View,8.0
OH,,Van Buren,6.75
OH,,Van Wert,7.25
OH,,Vanlue,6.75
OH,,Vermilion,6.75
OH,,Verona,7.5
OH,,Versailles,7.25
OH,,Vinton,7.25
OH,,Wadsworth,6.75
OH,,Wakeman,7.25
OH,,Walbridge,6.75
OH,,Waldo,7.25
OH,,Walton Hills,8.0
OH,,Warren,6.75
OH,,Warrensville Heights,8.0
OH,,Warsaw,7.75
OH,,Washington,7.25
OH,,Washington Court House,7.25
OH,,Washingtonville,7.5
OH,,Wayne,6.5
OH,,Wayne,6.75
OH,,Waynes Lakes,7.25
OH,,Waynesfield,7.25
OH,,Wellsville,7.25
OH,,West Carrollton,7.5
OH,,West Elkton,7.25
OH,,West Lafayette,7.75
OH,,West Liberty,7.25
OH,,West Manchester,7.25
OH,,West Mansfield,7.25
OH,,West Union,7.25
OH,,Westerville Cota,8.0
OH,,Westfield Center,6.75
OH,,Westlake,8.0
OH,,Weston,6.75
OH,,Wharton,7.25
OH,,Whitehouse,7.75
OH,,Willard,7.25
OH,,Williams,7.25
OH,,Willoughby,7.25
OH,,Willshire,7.25
OH,,Winchester,7.25
OH,,Windham,7.0
OH,,Wintersville,7.25
OH,,Wood,6.75
OH,,Woodmere,8.0
OH,,Woodsfield,7.25
OH,,Woodstock,7.25
OH,,Woodville,7.25
OH,,Wren,7.25
OH,,Wyandot,7.25
OH,,Yankee Lake,6.75
OH,,Yorkshire,7.25
OH,,Youngstown,7.5
OH,,Zaleski,7.25
OH,,Zanesville,7.25
OH,,Zoar,6.75
OK,,Achille,8.0
OK,,Ada,9.375
OK,,Adair,6.25
OK,,Adair,9.875
OK,,Addington,8.5
OK,,Agra,9.5
OK,,Albion,6.5
OK,,Alderson,8.0
OK,,Alex,8.25
OK,,Aline,9.5
OK,,Altus,9.75
OK,,Alva,9.25
OK,,Amber,9.25
OK,,Ames,8.906
OK,,Amorita,6.5
OK,,Antlers,10.0
OK,,Apache,10.0
OK,,Arapaho,8.0
OK,,Ardmore,9.125
OK,,Arkoma,9.8
OK,,Arnett,10.5
OK,,Asher,9.995
OK,,Atoka,6.5
OK,,Atoka,10.5
OK,,Atwood,7.5
OK,,Avant,7.75
OK,,Barnsdall,9.75
OK,,Bartlesville,8.9
OK,,Bartlesville,9.15
OK,,Beaver,6.5
OK,,Beaver,9.5
OK,,Beggs,10.583
OK,,Bennington,9.0
OK,,Bernice,9.7
OK,,Bessie,8.5
OK,,Big Cabin,9.0
OK,,Billings,10.0
OK,,Binger,10.0
OK,,Bixby,8.917
OK,,Bixby,10.1
OK,,Blackwell,10.75
OK,,Blaine,5.375
OK,,Blair,8.625
OK,,Blanchard,10.0
OK,,Blanchard,10.25
OK,,Bluejacket,8.5
OK,,Boise City,9.5
OK,,Bokchito,9.0
OK,,Bokoshe,10.8
OK,,Boley,11.5
OK,,Boswell,9.5
OK,,Bowlegs,8.75
OK,,Boynton,7.999
OK,,Braggs,8.999
OK,,Braman,9.75
OK,,Bristow,10.667
OK,,Broken Arrow,8.417
OK,,Broken Arrow,9.6
OK,,Broken Bow,10.25
OK,,Bromide,6.5
OK,,Bryan,5.0
OK,,Buffalo,9.5
OK,,Burbank,7.75
OK,,Burns Flat,10.5
OK,,Butler,8.0
OK,,Byars,9.0
OK,,Byron,8.5
OK,,Cache,8.625
OK,,Caddo,6.0
OK,,Calumet,8.85
OK,,Calvin,9.5
OK,,Camargo,10.25
OK,,Cameron,8.8
OK,,Canadian,10.5
OK,,Caney,8.5
OK,,Canton,9.375
OK,,Canute,10.5
OK,,Carmen,10.0
OK,,Carnegie,10.0
OK,,Carney,9.5
OK,,Carrier,4.85
OK,,Carter,5.375
OK,,Carter,8.85
OK,,Castle,9.5
OK,,Catoosa,9.3
OK,,Cement,9.5
OK,,Centrahoma,6.5
OK,,Chandler,9.5
OK,,Chattanooga,7.875
OK,,Checotah,10.5
OK,,Chelsea,9.0
OK,,Cherokee,6.25
OK,,Cherokee,9.75
OK,,Cheyenne,9.0
OK,,Chickasha,9.5
OK,,Choctaw,6.5
OK,,Choctaw,9.75
OK,,Choctaw Nation,6.5
OK,,Choctaw Nation,9.375
OK,,Choctaw Nation,10.8
OK,,Chouteau,10.375
OK,,Cimarron,6.5
OK,,Claremore,10.0
OK,,Clayton,10.5
OK,,Clearview,10.5
OK,,Cleo Springs,10.906
OK,,Cleveland,8.75
OK,,Cleveland,10.0
OK,,Clinton,9.5
OK,,Coal,6.5
OK,,Coalgate,10.5
OK,,Colbert,9.0
OK,,Colcord,10.2
OK,,Collinsville,10.8
OK,,Colony,8.5
OK,,Comanche,9.2
OK,,Commerce,10.85
OK,,Copan,8.5
OK,,Cordell,10.5
OK,,Corn,8.5
OK,,Covington,8.85
OK,,Coweta,10.05
OK,,Creek,5.667
OK,,Crescent,8.25
OK,,Cromwell,8.75
OK,,Crowder,10.0
OK,,Cushing,9.313
OK,,Custer City,9.0
OK,,Cyril,10.0
OK,,Dacoma,5.0
OK,,Davenport,9.5
OK,,Davidson,11.5
OK,,Davis,9.5
OK,,Deer Creek,8.75
OK,,Del City,9.0
OK,,Delaware,6.2
OK,,Delaware,8.5
OK,,Depew,9.667
OK,,Devol,7.5
OK,,Dewar,10.083
OK,,Dewey,6.25
OK,,Dewey,8.9
OK,,Dibble,10.0
OK,,Dill City,9.5
OK,,Disney,9.75
OK,,Dougherty,8.5
OK,,Douglas,6.85
OK,,Dover,9.75
OK,,Drummond,7.85
OK,,Duke,9.125
OK,,Duncan,8.7
OK,,Durant,9.375
OK,,Dustin,9.5
OK,,Eakly,9.0
OK,,Edmond,8.25
OK,,El Reno,8.85
OK,,Elgin,8.875
OK,,Elk City,9.35
OK,,Elmer,5.625
OK,,Enid,9.1
OK,,Erick,9.85
OK,,Eufaula,10.0
OK,,Fairfax,8.75
OK,,Fairmont,7.85
OK,,Fairview,9.906
OK,,Fanshawe,9.8
OK,,Fargo,9.5
OK,,Fitzhugh,5.375
OK,,Forgan,9.5
OK,,Fort Cobb,10.0
OK,,Fort Coffee,9.8
OK,,Fort Gibson,10.75
OK,,Fort Supply,8.4
OK,,Fort Towson,10.0
OK,,Foster,9.25
OK,,Foyil,10.0
OK,,Francis,9.375
OK,,Frederick,10.0
OK,,Freedom,7.0
OK,,Gage,9.5
OK,,Gans,7.917
OK,,Garber,8.85
OK,,Garfield,4.85
OK,,Garvin,9.25
OK,,Gate,8.5
OK,,Geary,8.875
OK,,Gene Autry,8.375
OK,,Geronimo,7.875
OK,,Glencoe,9.975
OK,,Glenpool,9.967
OK,,Goltry,9.5
OK,,Goodwell,8.95
OK,,Gore,9.917
OK,,Gotebo,11.5
OK,,Gould,10.5
OK,,Gracemont,10.0
OK,,Grandfield,10.5
OK,,Granite,9.5
OK,,Grant,5.75
OK,,Greenfield,8.375
OK,,Grove,10.2
OK,,Guymon,9.95
OK,,Hallett,11.0
OK,,Hammon,9.0
OK,,Hanna,10.5
OK,,Hardesty,9.95
OK,,Harmon,8.5
OK,,Harper,6.5
OK,,Harrah,8.5
OK,,Hartshorne,9.75
OK,,Haskell,6.5
OK,,Haskell,10.349
OK,,Hastings,9.5
OK,,Haworth,9.75
OK,,Headrick,5.625
OK,,Healdton,9.375
OK,,Heavener,10.3
OK,,Helena,9.5
OK,,Hennessey,9.75
OK,,Hillsdale,5.85
OK,,Hinton,9.75
OK,,Hitchcock,8.375
OK,,Hitchita,6.5
OK,,Hobart,11.5
OK,,Holdenville,10.5
OK,,Hollis,11.5
OK,,Hollister,10.5
OK,,Hominy,8.75
OK,,Hooker,9.95
OK,,Hugo,10.0
OK,,Hulbert,10.25
OK,,Hunter,8.85
OK,,Hydro,10.5
OK,,Idabel,10.25
OK,,Indiahoma,8.875
OK,,Indianola,9.0
OK,,Inola,10.5
OK,,Jay,10.2
OK,,Jefferson,6.5
OK,,Jet,9.5
OK,,Johnston,6.5
OK,,Jones,9.5
OK,,Kansas,10.2
OK,,Kaw City,10.25
OK,,Kemp,5.0
OK,,Kendrick,9.5
OK,,Kenefic,8.0
OK,,Keota,10.0
OK,,Keyes,8.5
OK,,Kiefer,9.667
OK,,Kingfisher,5.75
OK,,Kingfisher,9.25
OK,,Kingston,9.5
OK,,Kinta,9.0
OK,,Kiowa,11.0
OK,,Konawa,9.75
OK,,Krebs,10.0
OK,,Kremlin,7.85
OK,,Lahoma,9.35
OK,,Lamar,8.5
OK,,Lamont,10.75
OK,,Langley,8.875
OK,,Langley,9.5
OK,,Langston,9.25
OK,,Latimer,5.75
OK,,Laverne,9.75
OK,,Lawton,9.0
OK,,Le Flore,6.8
OK,,Leedey,9.25
OK,,Leflore,7.8
OK,,Lehigh,8.5
OK,,Lenapah,8.5
OK,,Leon,7.0
OK,,Loco,8.2
OK,,Locust Grove,10.875
OK,,Lone Grove,9.375
OK,,Lone Wolf,10.5
OK,,Longdale,8.375
OK,,Lookeba,9.0
OK,,Love,7.0
OK,,Loyal,9.75
OK,,Macomb,8.995
OK,,Madill,9.5
OK,,Major,5.906
OK,,Manchester,6.75
OK,,Mangum,9.5
OK,,Manitou,10.5
OK,,Mannford,10.0
OK,,Mannsville,9.5
OK,,Maramec,9.5
OK,,Marble City,8.917
OK,,Marietta,10.0
OK,,Marland,9.0
OK,,Marshall,6.5
OK,,Marshall,9.25
OK,,Martha,5.625
OK,,Maud,9.995
OK,,May,8.5
OK,,Maysville,9.25
OK,,Mcalester,10.0
OK,,Mccurtain,6.25
OK,,Mccurtain,10.0
OK,,Mcintosh,6.5
OK,,Mcloud,9.995
OK,,Mead,7.0
OK,,Medford,9.75
OK,,Medicine Park,9.0
OK,,Meeker,9.5
OK,,Meno,8.906
OK,,Meridian,7.25
OK,,Miami,9.5
OK,,Midwest City,9.1
OK,,Milburn,8.5
OK,,Mill Creek,10.0
OK,,Millerton,9.25
OK,,Minco,9.25
OK,,Moffett,7.917
OK,,Moore,8.5
OK,,Mooreland,9.4
OK,,Morris,10.083
OK,,Morrison,10.0
OK,,Mountain Park,10.5
OK,,Mountain View,11.5
OK,,Muldrow,9.417
OK,,Mulhall,8.25
OK,,Murray,6.5
OK,,Muskogee,5.999
OK,,Muskogee,9.999
OK,,Nash,8.75
OK,,Newcastle,9.0
OK,,Newkirk,9.75
OK,,Nicoma Park,9.5
OK,,Noble,6.0
OK,,Noble,8.75
OK,,Norman,8.75
OK,,North Miami,9.35
OK,,Nowata,10.5
OK,,Oaks,9.25
OK,,Oakwood,6.25
OK,,Oilton,10.667
OK,,Okay,10.05
OK,,Okeene,10.625
OK,,Oklahoma City,8.625
OK,,Oklahoma City,8.975
OK,,Oklahoma City,10.12
OK,,Okmulgee,6.083
OK,,Okmulgee,10.5
OK,,Oktaha,9.999
OK,,Olustee,8.625
OK,,Orlando,9.25
OK,,Osage,5.75
OK,,Ottawa,5.85
OK,,Owasso,10.05
OK,,Paden,9.5
OK,,Panama,9.8
OK,,Paoli,8.25
OK,,Pauls Valley,9.75
OK,,Pawhuska,9.75
OK,,Pawnee,10.0
OK,,Perkins,9.188
OK,,Perry,10.25
OK,,Piedmont,9.85
OK,,Piedmont,10.75
OK,,Pink,8.995
OK,,Pittsburg,6.0
OK,,Pittsburg,9.0
OK,,Pocasset,6.75
OK,,Ponca City,9.583
OK,,Pond Creek,9.75
OK,,Pontotoc,5.375
OK,,Porter,10.05
OK,,Porum,10.999
OK,,Poteau,9.8
OK,,Prague,9.5
OK,,Prue,8.75
OK,,Pryor,9.875
OK,,Purcell,10.0
OK,,Pushmataha,6.5
OK,,Quapaw,8.85
OK,,Quinton,9.0
OK,,Ralston,9.5
OK,,Ramona,7.5
OK,,Randlett,7.5
OK,,Ratliff City,8.875
OK,,Rattan,10.0
OK,,Ravia,9.5
OK,,Red Oak,9.5
OK,,Red Rock,11.0
OK,,Rentiesville,10.5
OK,,Reydon,8.0
OK,,Ringwood,8.906
OK,,Ripley,8.313
OK,,Rocky,10.5
OK,,Roff,9.875
OK,,Roger Mills,6.0
OK,,Rogers,9.0
OK,,Roland,9.917
OK,,Roosevelt,10.5
OK,,Rush Springs,9.75
OK,,Ryan,9.5
OK,,Saint Louis,5.995
OK,,Salina,9.875
OK,,Sallisaw,9.917
OK,,Sand Springs,9.8
OK,,Sapulpa,9.667
OK,,Sasakwa,9.75
OK,,Savanna,11.0
OK,,Sawyer,7.5
OK,,Sayre,8.85
OK,,Schulter,6.583
OK,,Seiling,10.25
OK,,Seminole,9.875
OK,,Sentinel,9.5
OK,,Shady Point,10.3
OK,,Shamrock,8.667
OK,,Sharon,5.4
OK,,Shattuck,10.5
OK,,Shawnee,9.995
OK,,Shidler,7.75
OK,,Skiatook,9.367
OK,,Skiatook,10.25
OK,,Slick,8.667
OK,,Snyder,11.5
OK,,Soper,8.5
OK,,South Coffeyville,10.0
OK,,Sparks,9.5
OK,,Spavinaw,9.875
OK,,Sperry,9.35
OK,,Springer,7.375
OK,,Stephens,5.2
OK,,Sterling,7.875
OK,,Stigler,10.0
OK,,Stillwater,9.313
OK,,Stilwell,10.0
OK,,Stonewall,10.375
OK,,Stratford,9.25
OK,,Stringtown,9.5
OK,,Stuart,9.5
OK,,Sulphur,9.5
OK,,Sweetwater,7.0
OK,,Taft,9.999
OK,,Tahlequah,9.5
OK,,Talala,9.0
OK,,Talihina,9.8
OK,,Taloga,9.25
OK,,Tatums,10.375
OK,,Temple,10.5
OK,,Terral,9.5
OK,,Texas,5.95
OK,,Texhoma,8.95
OK,,Texola,5.85
OK,,Thackerville,9.0
OK,,The Village,9.0
OK,,Thomas,9.5
OK,,Tillman,7.5
OK,,Tipton,11.5
OK,,Tishomingo,9.5
OK,,Tonkawa,10.25
OK,,Tryon,9.5
OK,,Tullahassee,10.05
OK,,Tulsa,4.867
OK,,Tulsa,8.517
OK,,Tulsa,9.4
OK,,Tulsa,9.7
OK,,Tupelo,9.5
OK,,Tuttle,9.75
OK,,Tyrone,8.95
OK,,Union City,9.35
OK,,Valley Brook,9.0
OK,,Velma,9.2
OK,,Vera,7.5
OK,,Vian,9.917
OK,,Vici,10.25
OK,,Wagoner,10.05
OK,,Wainwright,9.999
OK,,Wakita,9.75
OK,,Walters,10.5
OK,,Wanette,9.495
OK,,Wann,8.5
OK,,Wapanucka,8.0
OK,,Warner,10.999
OK,,Washington,10.0
OK,,Watonga,11.375
OK,,Waukomis,8.85
OK,,Waurika,9.5
OK,,Waynoka,10.0
OK,,Weatherford,9.5
OK,,Webbers Falls,11.499
OK,,Welch,9.5
OK,,Wellston,9.5
OK,,West Siloam Springs,10.95
OK,,Westville,10.0
OK,,Wetumka,10.5
OK,,Wewoka,11.0
OK,,Whitefield,9.5
OK,,Wilburton,9.25
OK,,Willow,8.5
OK,,Wilson,9.375
OK,,Woods,5.0
OK,,Woodward,9.4
OK,,Wright City,9.25
OK,,Wyandotte,16.85
OK,,Wyandotte Nation,13.85
OK,,Wynnewood,9.75
OK,,Wynona,9.75
OK,,Yale,9.313
OK,,Yukon,8.85
OR,,Arlington,0.0
OR,,Baker County,0.0
OR,,Bandon,0.0
OR,,Beaverton,0.0
OR,,Bend,0.0
OR,,Benton County,0.0
OR,,Central Coast District Sp,0.0
OR,,Clackamas County,0.0
OR,,Clatsop County,0.0
OR,,Columbia County,0.0
OR,,Coos County,0.0
OR,,Coquille,0.0
OR,,Coquille Indian Tribe,0.0
OR,,Corvallis,0.0
OR,,Crook County,0.0
OR,,Curry County,0.0
OR,,Deschutes County,0.0
OR,,Douglas County,0.0
OR,,Eugene,0.0
OR,,Fairview,0.0
OR,,Gilliam County,0.0
OR,,Grant County,0.0
OR,,Grants Pass,0.0
OR,,Gresham,0.0
OR,,Harney County,0.0
OR,,Hillsboro,0.0
OR,,Hood River County,0.0
OR,,Jackson County,0.0
OR,,Jefferson County,0.0
OR,,Josephine County,0.0
OR,,Keizer,0.0
OR,,Klamath County,0.0
OR,,Klamath Falls,0.0
OR,,La Pine,0.0
OR,,Lake County,0.0
OR,,Lake Oswego,0.0
OR,,Lane County,0.0
OR,,Lincoln County,0.0
OR,,Linn County,0.0
OR,,Malheur County,0.0
OR,,Marion County,0.0
OR,,Medford,0.0
OR,,Milwaukie,0.0
OR,,Morrow County,0.0
OR,,Mt Hood Gorge District Sp,0.0
OR,,Multnomah,0.0
OR,,North Bend,0.0
OR,,Oregon,0.0
OR,,Polk County,0.0
OR,,Portland,0.0
OR,,Salem,0.0
OR,,Shaniko,0.0
OR,,Sherman County,0.0
OR,,Springfield,0.0
OR,,Tigard,0.0
OR,,Tillamook County,0.0
OR,,Tualatin,0.0
OR,,Umatilla County,0.0
OR,,Union County,0.0
OR,,Wallowa County,0.0
OR,,Warrenton,0.0
OR,,Wasco,0.0
OR,,Wasco County,0.0
OR,,Washington County,0.0
OR,,Wheeler County,0.0
OR,,Wilsonville,0.0
OR,,Yamhill County,0.0
PA,,Adams,6.0
PA,,Allegheny,7.0
PA,,Armstrong,6.0
PA,,Beaver,6.0
PA,,Bedford,6.0
PA,,Berks,6.0
PA,,Blair,6.0
PA,,Bradford,6.0
PA,,Bucks,6.0
PA,,Butler,6.0
PA,,Cambria,6.0
PA,,Cameron,6.0
PA,,Carbon,6.0
PA,,Centre,6.0
PA,,Chester,6.0
PA,,Clarion,6.0
PA,,Clearfield,6.0
PA,,Clinton,6.0
PA,,Columbia,6.0
PA,,Crawford,6.0
PA,,Cumberland,6.0
PA,,Dauphin,6.0
PA,,Delaware,6.0
PA,,Elk,6.0
PA,,Erie,6.0
PA,,Fayette,6.0
PA,,Forest,6.0
PA,,Franklin,6.0
PA,,Fulton,6.0
PA,,Greene,6.0
PA,,Huntingdon,6.0
PA,,Indiana,6.0
PA,,Jefferson,6.0
PA,,Juniata,6.0
PA,,Lackawanna,6.0
PA,,Lancaster,6.0
PA,,Lawrence,6.0
PA,,Lebanon,6.0
PA,,Lehigh,6.0
PA,,Luzerne,6.0
PA,,Lycoming,6.0
PA,,Mckean,6.0
PA,,Mercer,6.0
PA,,Mifflin,6.0
PA,,Monroe,6.0
PA,,Monroeville,7.0
PA,,Montgomery,6.0
PA,,Montour,6.0
PA,,Muhlenberg Township Tourism Improvement District,6.0
PA,,Northampton,6.0
PA,,Northumberland,6.0
PA,,Perry,6.0
PA,,Philadelphia,8.0
PA,,Pike,6.0
PA,,Potter,6.0
PA,,Schuylkill,6.0
PA,,Snyder,6.0
PA,,Somerset,6.0
PA,,Sullivan,6.0
PA,,Susquehanna,6.0
PA,,Tioga,6.0
PA,,Union,6.0
PA,,Venango,6.0
PA,,Warren,6.0
PA,,Washington,6.0
PA,,Wayne,6.0
PA,,Westmoreland,6.0
PA,,Wyoming,6.0
PA,,York,6.0
PR,,Adjuntas Co,11.5
PR,,Aguada Co,11.5
PR,,Aguadilla Co,11.5
PR,,Aguas Buenas Co,11.5
PR,,Aibonito Co,11.5
PR,,Anasco Co,11.5
PR,,Arecibo Co,11.5
PR,,Arroyo Co,11.5
PR,,Barceloneta Co,11.5
PR,,Barranquitas Co,11.5
PR,,Bayamon Co,11.5
PR,,Cabo Rojo Co,11.5
PR,,Caguas Co,11.5
PR,,Camuy Co,11.5
PR,,Canovanas Co,11.5
PR,,Carolina Co,11.5
PR,,Catano Co,11.5
PR,,Cayey Co,11.5
PR,,Ceiba Co,11.5
PR,,Ciales Co,11.5
PR,,Comerio Co,11.5
PR,,Corozal Co,11.5
PR,,Culebra Co,11.5
PR,,Dorado Co,11.5
PR,,Fajardo Co,11.5
PR,,Guanica Co,11.5
PR,,Guayama Co,11.5
PR,,Guayanilla Co,11.5
PR,,Guaynabo Co,11.5
PR,,Hatillo Co,11.5
PR,,Hormigueros Co,11.5
PR,,Humacao Co,11.5
PR,,Isabela Co,11.5
PR,,Jayuya Co,11.5
PR,,Juana Diaz Co,11.5
PR,,Juncos Co,11.5
PR,,Lajas Co,11.5
PR,,Lares Co,11.5
PR,,Las Marias Co,11.5
PR,,Las Piedras Co,11.5
PR,,Loiza Co,11.5
PR,,Luquillo Co,11.5
PR,,Manati Co,11.5
PR,,Maricao Co,11.5
PR,,Maunabo Co,11.5
PR,,Mayaguez Co,11.5
PR,,Moca Co,11.5
PR,,Morovis Co,11.5
PR,,Naguabo Co,11.5
PR,,Naranjito Co,11.5
PR,,Ponce Co,11.5
PR,,Quebradillas Co,11.5
PR,,Rincon Co,11.5
PR,,Rio Grande Co,11.5
PR,,Sabana Grande Co,11.5
PR,,Salinas Co,11.5
PR,,San German Co,11.5
PR,,San Juan Co,11.5
PR,,San Sebastian Co,11.5
PR,,Santa Isabel Co,11.5
PR,,Toa Alta Co,11.5
PR,,Toa Baja Co,11.5
PR,,Trujillo Alto Co,11.5
PR,,Utuado Co,11.5
PR,,Vega Alta Co,11.5
PR,,Vega Baja Co,11.5
PR,,Vieques Co,11.5
PR,,Villalba Co,11.5
PR,,Yabucoa Co,11.5
PR,,Yauco Co,11.5
RI,,Barrington,7.0
RI,,Bristol,7.0
RI,,Burrillville,7.0
RI,,Central Falls,7.0
RI,,Charlestown,7.0
RI,,Coventry,7.0
RI,,Cranston,7.0
RI,,Cumberland,7.0
RI,,East Providence,7.0
RI,,Exeter,7.0
RI,,Foster,7.0
RI,,Glocester,7.0
RI,,Hopkinton,7.0
RI,,Jamestown,7.0
RI,,Johnston,7.0
RI,,Lincoln,7.0
RI,,Little Compton,7.0
RI,,Middletown,7.0
RI,,Narragansett,7.0
RI,,New Shoreham,7.0
RI,,North Kingstown,7.0
RI,,North Providence,7.0
RI,,North Smithfield,7.0
RI,,Pawtucket,7.0
RI,,Providence,7.0
RI,,South Kingstown,7.0
RI,,Warwick,7.0
SC,,Abbeville,7.0
SC,,Aiken,8.0
SC,,Aiken Co Cp,8.0
SC,,Allendale Co Capital Projects Tax Sl,8.0
SC,,Anderson,7.0
SC,,Bamberg Co Capital Projects Sp,8.0
SC,,Barnwell Co Capital Projects Tax Sl,8.0
SC,,Beaufort,6.0
SC,,Berkeley,9.0
SC,,Blacksburg,8.0
SC,,Calhoun,8.0
SC,,Camden,8.0
SC,,Catawba Indian Reservation,13.0
SC,,Charleston,9.0
SC,,Charleston International Airport,9.0
SC,,Cherokee,8.0
SC,,Chester,8.0
SC,,Chesterfield,8.0
SC,,Clarendon,7.0
SC,,Clemson,7.0
SC,,Clinton,8.0
SC,,Colleton Co Sp,8.0
SC,,Columbia,8.0
SC,,Conway,8.0
SC,,Cordova,7.0
SC,,Coward,8.0
SC,,Darlington Co Education Captial Improvement Tax Sp,8.0
SC,,Dillon,8.0
SC,,Dillon Co Sd,8.0
SC,,Dorchester,7.0
SC,,Easley,7.0
SC,,Edgefield,8.0
SC,,Elko,8.0
SC,,Fairfield,7.0
SC,,Florence,8.0
SC,,Florence Co Cp,8.0
SC,,Folly Beach,9.0
SC,,Forest Acres,8.0
SC,,Fort Mill,7.0
SC,,Fountain Inn,6.0
SC,,Furman,7.0
SC,,Gaffney,8.0
SC,,Georgetown,7.0
SC,,Gifford,7.0
SC,,Gray Court,8.0
SC,,Greenville,6.0
SC,,Greenwood,7.0
SC,,Greenwood Co Capital Projects Tax Sl,7.0
SC,,Hampton,7.0
SC,,Harleyville,7.0
SC,,Hartsville,8.0
SC,,Hilda,8.0
SC,,Hilton Head Island,6.0
SC,,Honea Path,7.0
SC,,Horry,8.0
SC,,Isle Of Palms,9.0
SC,,James Island,9.0
SC,,Jasper,9.0
SC,,Jenkinsville,7.0
SC,,Johnston,8.0
SC,,Jonesville,7.0
SC,,Kershaw,8.0
SC,,Kiawah Island,9.0
SC,,Lancaster,8.0
SC,,Laurens,8.0
SC,,Lee,8.0
SC,,Lexington,7.0
SC,,Lexington Co Sd,7.0
SC,,Little Mountain,7.0
SC,,Livingston,7.0
SC,,Lockhart,7.0
SC,,Loris,8.0
SC,,Lowndesville,7.0
SC,,Marion,8.0
SC,,Marlboro Co Sd,8.0
SC,,Mayesville,8.0
SC,,Mcclellanville,9.0
SC,,Mccormick,8.0
SC,,Mount Pleasant,9.0
SC,,Myrtle Beach,9.0
SC,,Myrtle Beach International Airport,9.0
SC,,New Ellenton,8.0
SC,,Norris,7.0
SC,,North Augusta,8.0
SC,,North Charleston,9.0
SC,,North Myrtle Beach,8.0
SC,,Norway,7.0
SC,,Oconee,6.0
SC,,Orangeburg,7.0
SC,,Pacolet,7.0
SC,,Parksville,8.0
SC,,Peak,7.0
SC,,Perry,8.0
SC,,Pickens,7.0
SC,,Port Royal,6.0
SC,,Ravenel,9.0
SC,,Reevesville,7.0
SC,,Reidville,7.0
SC,,Richland,8.0
SC,,Rock Hill,7.0
SC,,Rockville,9.0
SC,,Rowesville,7.0
SC,,Saint George,7.0
SC,,Saluda,8.0
SC,,Scotia,7.0
SC,,Seabrook Island,9.0
SC,,Seneca,6.0
SC,,Silverstreet,7.0
SC,,Smyrna,8.0
SC,,Spartanburg,7.0
SC,,Spartanburg Co Capital Projects Tax Sp,7.0
SC,,Sullivans Island,9.0
SC,,Summerton,7.0
SC,,Summerville,7.0
SC,,Summerville,9.0
SC,,Summit,7.0
SC,,Sumter,8.0
SC,,Surfside Beach,8.0
SC,,Sycamore,8.0
SC,,Tatum,8.0
SC,,Union,7.0
SC,,Van Wyck,8.0
SC,,Ware Shoals,7.0
SC,,West Columbia,7.0
SC,,West Pelzer,7.0
SC,,Williamsburg,8.0
SC,,York,7.0
SD,,Aberdeen,6.2
SD,,Alcester,6.2
SD,,Alexandria,6.2
SD,,Alpena,5.2
SD,,Andover,6.2
SD,,Arlington,6.2
SD,,Armour,6.2
SD,,Artesian,6.2
SD,,Ashton,6.2
SD,,Astoria,6.2
SD,,Aurora,6.2
SD,,Avon,6.2
SD,,Badger,4.2
SD,,Baltic,6.2
SD,,Beadle,4.2
SD,,Belle Fourche,6.2
SD,,Belvidere,6.2
SD,,Bennett,8.4
SD,,Beresford,6.2
SD,,Big Stone City,6.2
SD,,Bison,6.2
SD,,Blunt,5.2
SD,,Bonesteel,6.2
SD,,Bowdle,6.2
SD,,Box Elder,6.2
SD,,Bradley,6.2
SD,,Brandon,6.2
SD,,Brandt,6.2
SD,,Bridgewater,6.2
SD,,Bristol,6.2
SD,,Britton,6.2
SD,,Brookings,4.2
SD,,Brookings,6.2
SD,,Brown,4.2
SD,,Bruce,6.2
SD,,Bryant,6.2
SD,,Buffalo,6.2
SD,,Burke,6.2
SD,,Butte,4.2
SD,,Camp Crook,5.2
SD,,Canistota,6.2
SD,,Canova,6.15
SD,,Canton,6.2
SD,,Carthage,6.2
SD,,Castlewood,6.2
SD,,Cavour,6.2
SD,,Centerville,6.2
SD,,Central City,6.2
SD,,Chamberlain Business Improvement District No. 1,6.2
SD,,Chancellor,6.2
SD,,Claire City,4.2
SD,,Clark,4.2
SD,,Clark,6.2
SD,,Clay,4.2
SD,,Clear Lake,6.2
SD,,Codington,4.2
SD,,Colman,6.2
SD,,Colome,6.2
SD,,Colton,6.2
SD,,Columbia,6.2
SD,,Conde,6.2
SD,,Corona,6.2
SD,,Corsica,6.2
SD,,Cresbard,6.2
SD,,Crooks,6.2
SD,,Crow Creek Reservation,4.2
SD,,Custer,4.2
SD,,Custer,6.2
SD,,Dallas,6.2
SD,,Dante,6.2
SD,,Davis,6.2
SD,,De Smet,6.2
SD,,Deadwood,6.2
SD,,Deadwood Business Improvement District No. 7,6.2
SD,,Dell Rapids,6.2
SD,,Delmont,6.2
SD,,Dewey,4.2
SD,,Dimock,6.2
SD,,Doland,6.2
SD,,Douglas,4.2
SD,,Dupree,5.2
SD,,Eagle Butte (Reservation),6.2
SD,,Eden,5.2
SD,,Edgemont,6.2
SD,,Edmunds,4.2
SD,,Egan,6.2
SD,,Elk Point,6.2
SD,,Elkton,6.2
SD,,Emery,6.2
SD,,Erwin,6.2
SD,,Estelline,6.2
SD,,Ethan,6.2
SD,,Eureka,6.2
SD,,Fairfax,6.2
SD,,Fairview,6.2
SD,,Faith,6.2
SD,,Fall River,4.2
SD,,Faulk,4.2
SD,,Faulkton,6.2
SD,,Flandreau,6.2
SD,,Florence,6.2
SD,,Fort Pierre,6.2
SD,,Frankfort,6.2
SD,,Frederick,5.2
SD,,Freeman,6.2
SD,,Garretson,6.2
SD,,Gary,6.2
SD,,Gayville,6.2
SD,,Geddes,6.2
SD,,Gettysburg,6.2
SD,,Glenham,6.2
SD,,Grant,4.2
SD,,Gregory,6.2
SD,,Grenville,6.2
SD,,Groton,6.2
SD,,Hand,4.2
SD,,Harding,4.2
SD,,Harrisburg,6.2
SD,,Harrold,6.2
SD,,Hartford,6.2
SD,,Hayti,6.2
SD,,Hazel,5.2
SD,,Hecla,6.2
SD,,Henry,6.2
SD,,Hermosa,6.2
SD,,Herreid,6.2
SD,,Highmore,6.2
SD,,Hill City,6.2
SD,,Hitchcock,5.2
SD,,Hosmer,6.2
SD,,Hoven,6.2
SD,,Howard,6.2
SD,,Hudson,6.2
SD,,Humboldt,6.2
SD,,Hurley,6.2
SD,,Huron,6.2
SD,,Hutchinson,4.2
SD,,Hyde,4.2
SD,,Interior,6.2
SD,,Ipswich,6.2
SD,,Irene,6.2
SD,,Iroquois,5.2
SD,,Isabel,6.2
SD,,Jackson,4.2
SD,,Java,6.2
SD,,Jefferson,6.2
SD,,Jones,4.2
SD,,Kadoka,6.2
SD,,Kennebec,6.2
SD,,Keystone,6.2
SD,,Kimball,6.2
SD,,Kranzburg,6.2
SD,,La Bolt,5.2
SD,,Lake,4.2
SD,,Lake Andes,6.2
SD,,Lake City,6.2
SD,,Lake Norden,6.2
SD,,Lake Preston,6.2
SD,,Langford,6.2
SD,,Lawrence,4.2
SD,,Lemmon,6.2
SD,,Lennox,6.2
SD,,Leola,6.2
SD,,Lesterville,6.2
SD,,Letcher,6.2
SD,,Lyman,4.2
SD,,Madison,6.2
SD,,Marion,6.2
SD,,Marshall,4.2
SD,,Martin,10.4
SD,,Mcintosh,6.2
SD,,Mclaughlin,6.2
SD,,Mcpherson,4.2
SD,,Meade,4.2
SD,,Mellette,6.2
SD,,Menno,6.2
SD,,Midland,6.2
SD,,Milbank,6.2
SD,,Miller,6.2
SD,,Miner,4.2
SD,,Minnehaha,4.2
SD,,Mission,6.2
SD,,Mitchell,6.2
SD,,Mobridge,6.2
SD,,Monroe,6.2
SD,,Montrose,6.2
SD,,Moody,4.2
SD,,Morristown,5.7
SD,,Mound City,6.2
SD,,Mount Vernon,6.2
SD,,Murdo,6.2
SD,,New Effington,6.2
SD,,New Underwood,6.2
SD,,Newell,6.2
SD,,Nisland,6.2
SD,,North Sioux City,6.2
SD,,Oacoma,6.2
SD,,Oelrichs,6.2
SD,,Oglala Lakota,4.2
SD,,Oldham,6.2
SD,,Olivet,5.2
SD,,Onida,6.2
SD,,Orient,5.2
SD,,Parker,6.2
SD,,Parkston,6.2
SD,,Peever,6.2
SD,,Pennington,4.2
SD,,Perkins,4.2
SD,,Philip,6.2
SD,,Pickstown,6.2
SD,,Piedmont,6.2
SD,,Pierpont,6.2
SD,,Pierre,6.2
SD,,Plankinton,6.2
SD,,Platte,6.2
SD,,Pollock,6.2
SD,,Potter,4.2
SD,,Presho,6.2
SD,,Pukwana,6.2
SD,,Ramona,6.2
SD,,Rapid City,6.2
SD,,Redfield,6.2
SD,,Reliance,6.2
SD,,Revillo,5.2
SD,,Roberts,4.2
SD,,Roscoe,6.2
SD,,Rosebud Off Reservation Trust Land,4.2
SD,,Rosebud Sales Special Jurisdiction,4.2
SD,,Rosholt,6.2
SD,,Roslyn,7.2
SD,,Saint Lawrence,6.2
SD,,Salem,6.2
SD,,Scotland,6.2
SD,,Selby,6.2
SD,,Sinai,4.2
SD,,Sioux Falls,6.2
SD,,Sisseton,6.2
SD,,South Shore,6.2
SD,,Spearfish,6.2
SD,,Spencer,6.2
SD,,Spink,4.2
SD,,Springfield,6.2
SD,,Standing Rock Special Jurisdiction,4.2
SD,,Stanley,4.2
SD,,Stickney,6.2
SD,,Sturgis,6.2
SD,,Sully,4.2
SD,,Summerset,6.2
SD,,Summit,6.2
SD,,Tabor,6.2
SD,,Tea,6.2
SD,,Timber Lake,6.2
SD,,Toronto,6.2
SD,,Trent,6.2
SD,,Tripp,6.2
SD,,Tulare,5.2
SD,,Tyndall,6.2
SD,,Union,4.2
SD,,Utica,5.2
SD,,Valley Springs,6.2
SD,,Veblen,6.2
SD,,Vermillion,6.2
SD,,Viborg,6.2
SD,,Volga,6.2
SD,,Volin,6.2
SD,,Wagner,6.2
SD,,Wakonda,6.2
SD,,Wall,6.2
SD,,Wallace,5.2
SD,,Warner,6.2
SD,,Wasta,5.2
SD,,Waubay,6.2
SD,,Webster,6.2
SD,,Wentworth,6.2
SD,,Wessington,6.2
SD,,Wessington Springs,6.2
SD,,Westport,6.2
SD,,White,6.2
SD,,White Lake,6.2
SD,,Whitewood,6.2
SD,,Willow Lake,6.2
SD,,Wilmot,6.2
SD,,Winner,6.2
SD,,Witten,6.2
SD,,Wolsey,6.2
SD,,Wood,6.2
SD,,Woonsocket,6.2
SD,,Worthing,6.2
SD,,Yale,5.2
SD,,Yankton,4.2
SD,,Yankton,6.2
SD,,Ziebach,4.2
TN,,Adams,9.75
TN,,Adamsville,9.75
TN,,Alamo,9.75
TN,,Alcoa,9.75
TN,,Alexandria,9.75
TN,,Algood,9.75
TN,,Allardt,9.5
TN,,Altamont,9.25
TN,,Anderson,9.75
TN,,Ardmore,9.75
TN,,Ashland City,9.75
TN,,Athens,9.75
TN,,Atoka,9.75
TN,,Atwood,9.75
TN,,Auburntown,9.75
TN,,Baileyton,9.75
TN,,Baneberry,9.75
TN,,Bartlett,9.75
TN,,Baxter,9.75
TN,,Bean Station,9.75
TN,,Bedford,9.75
TN,,Bell Buckle,9.75
TN,,Belle Meade,9.25
TN,,Bells,9.75
TN,,Benton,9.75
TN,,Berry Hill,9.25
TN,,Bethel Springs,9.25
TN,,Big Sandy,9.75
TN,,Blaine,9.75
TN,,Blount,9.75
TN,,Bluff City,9.25
TN,,Bolivar,9.75
TN,,Braden,9.25
TN,,Bradford,9.75
TN,,Bradley,9.75
TN,,Brentwood (Williamson),9.75
TN,,Bristol,9.25
TN,,Brownsville,9.75
TN,,Bruceton,9.75
TN,,Bulls Gap,9.75
TN,,Burlison,9.25
TN,,Burns,9.75
TN,,Byrdstown,9.75
TN,,Calhoun,9.75
TN,,Camden,9.75
TN,,Campbell,9.25
TN,,Cannon,9.75
TN,,Carroll,9.75
TN,,Carter,9.75
TN,,Carthage,9.75
TN,,Caryville,9.25
TN,,Celina,9.75
TN,,Centertown,9.75
TN,,Centerville,9.75
TN,,Charleston,9.75
TN,,Charlotte,9.75
TN,,Chattanooga,9.25
TN,,Chester,9.75
TN,,Church Hill,9.75
TN,,Claiborne,9.25
TN,,Clarksburg,9.75
TN,,Clarksville,9.5
TN,,Clay,9.75
TN,,Cleveland,9.75
TN,,Clifton,9.75
TN,,Clinton,9.75
TN,,Coalmont,9.25
TN,,Cocke,9.75
TN,,Coffee,9.75
TN,,Collegedale,9.25
TN,,Collierville,9.75
TN,,Collinwood,9.75
TN,,Columbia,9.75
TN,,Cookeville,9.75
TN,,Coopertown,9.75
TN,,Copperhill,9.75
TN,,Cottage Grove,9.75
TN,,Covington,9.75
TN,,Cowan,9.25
TN,,Crab Orchard,9.75
TN,,Crockett,9.75
TN,,Cross Plains,9.75
TN,,Crossville,9.75
TN,,Crump,9.75
TN,,Cumberland,9.75
TN,,Cumberland Gap,9.25
TN,,Dandridge,9.75
TN,,Dayton,9.75
TN,,De Kalb,9.75
TN,,Decatur,9.5
TN,,Decherd,9.25
TN,,Dickson,9.75
TN,,Dover,9.75
TN,,Dowelltown,9.75
TN,,Dresden,9.75
TN,,Ducktown,9.75
TN,,Dunlap,9.75
TN,,Dyer,9.75
TN,,Dyersburg,9.75
TN,,Eagleville,9.75
TN,,Eastview,9.25
TN,,Elizabethton,9.75
TN,,Elkton,9.75
TN,,Englewood,9.75
TN,,Enville,9.75
TN,,Erin,9.75
TN,,Erwin,9.75
TN,,Ethridge,9.75
TN,,Etowah,9.75
TN,,Farragut,9.25
TN,,Fayette,9.25
TN,,Fentress,9.5
TN,,Forest Hills,9.25
TN,,Franklin,9.25
TN,,Franklin,9.75
TN,,Friendship,9.75
TN,,Friendsville,9.75
TN,,Gadsden,9.75
TN,,Gainesboro,9.75
TN,,Gallaway,9.25
TN,,Gates,9.75
TN,,Gatlinburg,9.75
TN,,Germantown,9.75
TN,,Gibson,9.75
TN,,Giles,9.75
TN,,Gleason,9.75
TN,,Goodlettsville,9.25
TN,,Gordonsville,9.75
TN,,Grainger,9.75
TN,,Grand Junction,9.75
TN,,Graysville,9.75
TN,,Greene,9.75
TN,,Greeneville,9.75
TN,,Greenfield,9.75
TN,,Gruetli Laager,9.25
TN,,Guys,9.25
TN,,Halls(Lauderdale),9.75
TN,,Hamblen,9.75
TN,,Hamilton,9.25
TN,,Hancock,9.0
TN,,Hardeman,9.75
TN,,Hardin,9.75
TN,,Harrogate,9.25
TN,,Hawkins,9.75
TN,,Henderson,9.75
TN,,Hendersonville,9.75
TN,,Henning,9.75
TN,,Henry,9.75
TN,,Hickman,9.75
TN,,Hickory Valley,9.75
TN,,Hohenwald,9.75
TN,,Hollow Rock,9.75
TN,,Hornbeak,9.75
TN,,Hornsby,9.75
TN,,Houston,9.75
TN,,Humboldt,9.75
TN,,Humphreys,9.75
TN,,Huntland,9.25
TN,,Huntsville,9.25
TN,,Jackson,9.75
TN,,Jasper,9.75
TN,,Jefferson,9.75
TN,,Jefferson City,9.75
TN,,Jellico,9.25
TN,,Johnson,9.0
TN,,Johnson City,9.5
TN,,Johnson City,9.75
TN,,Kenton,9.75
TN,,Kimball,9.75
TN,,Kingsport,9.5
TN,,Kingsport,9.75
TN,,Kingston Springs,9.75
TN,,Knox,9.25
TN,,Knoxville,9.25
TN,,La Grange,9.25
TN,,Lafayette,9.75
TN,,Lafollette,9.25
TN,,Lake,9.75
TN,,Lakesite,9.25
TN,,Lavergne,9.75
TN,,Lawrence,9.75
TN,,Lawrenceburg,9.75
TN,,Lebanon,9.75
TN,,Lexington,9.75
TN,,Lincoln,9.5
TN,,Livingston,9.5
TN,,Loretto,9.75
TN,,Loudon,9.5
TN,,Luttrell,9.25
TN,,Lynchburg  Moore County,9.5
TN,,Lynnville,9.75
TN,,Macon,9.75
TN,,Madison,9.75
TN,,Manchester,9.75
TN,,Marion,9.75
TN,,Marshall,9.25
TN,,Martin,9.75
TN,,Maryville,9.75
TN,,Maury,9.75
TN,,Maury City,9.75
TN,,Mckenzie,9.75
TN,,Mclemoresville,9.75
TN,,Mcminn,9.75
TN,,Mcminnville,9.75
TN,,Mcnairy,9.25
TN,,Medon,9.75
TN,,Memphis,9.75
TN,,Memphis Downtown Tourism Development Zone,9.75
TN,,Middleton,9.75
TN,,Milledgeville,9.75
TN,,Millersville,9.75
TN,,Millington,9.75
TN,,Minor Hill,9.75
TN,,Mitchellville,9.25
TN,,Monroe,9.25
TN,,Monteagle,9.75
TN,,Monterey,9.75
TN,,Montgomery,9.5
TN,,Moore,9.5
TN,,Morgan,9.0
TN,,Morrison,9.75
TN,,Morristown,9.75
TN,,Mosheim,9.75
TN,,Mount Carmel,9.75
TN,,Mount Juliet,9.75
TN,,Mount Pleasant,9.75
TN,,Mountain City,9.0
TN,,Munford,9.75
TN,,Murfreesboro,9.75
TN,,Nashville,9.25
TN,,Nashville Davidson Municipal Stadium District - Geodis Park,9.25
TN,,Nashville Davidson Municipal Stadium District - Nissan Stadium,9.25
TN,,New Tazewell,9.25
TN,,Newbern,9.75
TN,,Newport,9.75
TN,,Niota,9.75
TN,,Normandy,9.75
TN,,Norris,9.75
TN,,Oak Ridge,9.75
TN,,Oakdale,9.0
TN,,Oakland,9.75
TN,,Obion,9.75
TN,,Oneida,9.25
TN,,Orlinda,9.75
TN,,Overton,9.5
TN,,Paris,9.75
TN,,Parrottsville,9.75
TN,,Pegram,9.75
TN,,Pickett,9.75
TN,,Pigeon Forge,9.75
TN,,Plainview,9.25
TN,,Pleasant Hill,9.75
TN,,Polk,9.75
TN,,Portland(Sumner),9.75
TN,,Powells Crossroads,9.75
TN,,Puryear,9.75
TN,,Red Boiling Springs,9.75
TN,,Rhea,9.75
TN,,Ridgely,9.75
TN,,Ridgetop,9.75
TN,,Rives,9.75
TN,,Roane,9.5
TN,,Robertson,9.75
TN,,Rockford,9.75
TN,,Rocky Top,9.75
TN,,Rogersville,9.75
TN,,Rossville,9.75
TN,,Rutherford,9.75
TN,,Rutledge,9.75
TN,,Saint Joseph,9.75
TN,,Saltillo,9.75
TN,,Samburg,9.75
TN,,Saulsbury,9.75
TN,,Savannah,9.75
TN,,Scott,9.25
TN,,Scotts Hill,9.75
TN,,Sevierville,9.75
TN,,Sharon,9.75
TN,,Shelby,9.25
TN,,Shelbyville,9.75
TN,,Silerton,9.75
TN,,Slayden,9.75
TN,,Smith,9.0
TN,,Smithville,9.75
TN,,Soddy Daisy,9.25
TN,,Somerville,9.75
TN,,South Carthage,9.0
TN,,South Fulton,9.75
TN,,Spencer,9.75
TN,,Spring City,9.75
TN,,Spring Hill,9.75
TN,,Stanton,9.75
TN,,Stewart,9.25
TN,,Sullivan,9.25
TN,,Sumner,9.25
TN,,Sunbright,9.75
TN,,Surgoinsville,9.75
TN,,Sweetwater,9.75
TN,,Tennessee Ridge,9.75
TN,,Tipton,9.25
TN,,Tiptonville,9.75
TN,,Toone,9.75
TN,,Townsend,9.75
TN,,Trimble,9.75
TN,,Troy,9.75
TN,,Tullahoma,9.75
TN,,Unicoi,9.75
TN,,Union,9.25
TN,,Union City,9.75
TN,,Van Buren,9.75
TN,,Viola,9.75
TN,,Vonore,9.25
TN,,Warren,9.75
TN,,Wartburg,9.75
TN,,Wartrace,9.75
TN,,Washington,9.5
TN,,Watertown,9.75
TN,,Wayne,9.75
TN,,Waynesboro,9.75
TN,,Weakley,9.75
TN,,White,9.25
TN,,White Bluff,9.75
TN,,Williamson,9.75
TN,,Wilson,9.75
TN,,Winfield,9.25
TN,,Woodbury,9.75
TN,,Woodland Mills,9.75
TN,,Yorkville,9.75
TX,,Abernathy,8.25
TX,,Abilene,8.25
TX,,Ackerly,7.75
TX,,Addison,8.25
TX,,Adrian,7.75
TX,,Alamo,8.25
TX,,Alamo Heights,8.25
TX,,Alba,8.25
TX,,Albany,8.25
TX,,Alice,8.25
TX,,Allen,8.25
TX,,Alma,8.25
TX,,Alpine,8.25
TX,,Alto,8.25
TX,,Alton,8.25
TX,,Alvin,8.25
TX,,Alvord,8.25
TX,,Amarillo,8.25
TX,,Amherst,7.5
TX,,Anahuac,8.25
TX,,Anderson,6.75
TX,,Anderson,8.0
TX,,Andrews,8.25
TX,,Angelina,6.75
TX,,Angleton,8.25
TX,,Angus,8.25
TX,,Annona,7.75
TX,,Anson,8.25
TX,,Anthony,8.25
TX,,Anton,8.25
TX,,Appleby,8.25
TX,,Aransas Pass Municipal Development,8.25
TX,,Archer City,8.25
TX,,Arlington,8.25
TX,,Armstrong,6.75
TX,,Asherton,7.75
TX,,Aspermont,8.25
TX,,Atascosa,6.75
TX,,Atascosa County Emergency Services District No.1,8.25
TX,,Athens,8.25
TX,,Atlanta,8.25
TX,,Austin,6.75
TX,,Austin,8.25
TX,,Austin Mta Transit,8.25
TX,,Austwell,7.25
TX,,Avery,7.75
TX,,Azle Crime Control,8.25
TX,,Azle Municipal Development District Sp,8.25
TX,,Bailey,6.75
TX,,Bailey,7.75
TX,,Baird,8.25
TX,,Balch Springs,8.25
TX,,Balcones Heights,8.25
TX,,Ballinger,8.25
TX,,Bandera,6.75
TX,,Bangs,8.25
TX,,Bardwell,7.25
TX,,Barry,6.75
TX,,Bastrop,6.75
TX,,Bastrop,8.25
TX,,Bastrop-Travis Emergency Services District No. 1-A,8.25
TX,,Bay City,8.25
TX,,Bayou Vista,8.25
TX,,Bayside,8.25
TX,,Baytown,8.25
TX,,Baytown Municipal Dev District,8.25
TX,,Beaumont,8.25
TX,,Beckville,7.25
TX,,Bedford,8.25
TX,,Bedias,8.0
TX,,Bee,6.75
TX,,Beeville,8.25
TX,,Bell,6.75
TX,,Bell,8.25
TX,,Bellaire,8.25
TX,,Bellevue,8.25
TX,,Bellmead,8.25
TX,,Bells,8.25
TX,,Bellville,8.25
TX,,Belton,8.25
TX,,Benavides,8.25
TX,,Benbrook,8.25
TX,,Benjamin,8.25
TX,,Bexar Co Esd 12 Sp,8.25
TX,,Bexar Co Esd 3 Sp,8.25
TX,,Bexar Co Esd 5 Sp,8.25
TX,,Bexar Co Esd 7 Sp,8.25
TX,,Bexar County Emergency Services District No. 1,8.25
TX,,Big Lake,8.25
TX,,Big Sandy,8.25
TX,,Big Spring,8.25
TX,,Big Wells,7.75
TX,,Blackwell,7.25
TX,,Blanco Co Esd 2 Sp,8.25
TX,,Blanco County North Library Dist,8.25
TX,,Blanco County South Library Dist,8.25
TX,,Bloomburg,8.25
TX,,Blooming Grove,7.75
TX,,Bloomington,8.25
TX,,Blossom,8.0
TX,,Blue Mound,8.25
TX,,Blue Ridge,8.25
TX,,Bogata Crime Control & Prevention,8.25
TX,,Bonham,8.25
TX,,Booker,7.75
TX,,Borden,7.25
TX,,Borger,8.25
TX,,Bosque,6.75
TX,,Bovina,8.25
TX,,Bowie,6.75
TX,,Bowie,8.25
TX,,Brackettville,8.25
TX,,Brady,8.25
TX,,Brazoria,6.75
TX,,Brazoria,8.25
TX,,Brazos,8.25
TX,,Breckenridge,8.25
TX,,Brenham,8.25
TX,,Brewster,6.75
TX,,Brewster County Emergency Svcs No. 1,8.25
TX,,Bridge City,8.25
TX,,Broaddus,7.75
TX,,Bronte,8.25
TX,,Brooks County Health Services,6.75
TX,,Brownfield,8.25
TX,,Brownsboro,8.25
TX,,Brownsville,8.25
TX,,Brownwood,8.25
TX,,Bruceville-Eddy,8.25
TX,,Bryan,8.25
TX,,Bryson,7.75
TX,,Buckholts,7.75
TX,,Buffalo Gap,8.25
TX,,Buffalo Springs,7.75
TX,,Burkburnett,8.25
TX,,Burleson,6.75
TX,,Burleson,8.25
TX,,Burnet,8.25
TX,,Burnet Co Esd 6 Sp,8.25
TX,,Burnet Co Esd No 8 Sp,8.25
TX,,Burnet County Emergency Services District No. 7,8.25
TX,,Burton,8.25
TX,,Byers,7.25
TX,,Cactus,7.25
TX,,Caddo Mills,8.25
TX,,Caldwell,6.75
TX,,Caldwell,8.25
TX,,Calhoun,6.75
TX,,Calhoun Co Port Oconnor Improvement District Sp,8.25
TX,,Callahan,6.25
TX,,Callisburg,8.25
TX,,Cameron,6.25
TX,,Cameron,8.25
TX,,Camp,6.75
TX,,Camp Wood,7.75
TX,,Campbell,8.25
TX,,Canadian,8.25
TX,,Caney City,8.25
TX,,Canton,8.25
TX,,Canyon,8.25
TX,,Carbon,7.25
TX,,Carmine,8.25
TX,,Carrizo Springs,8.25
TX,,Carrollton,8.25
TX,,Cass,6.25
TX,,Cass,8.25
TX,,Castle Hills Crime Control,8.25
TX,,Castro,6.75
TX,,Cedar Hill,8.25
TX,,Cedar Park,8.25
TX,,Celina,8.25
TX,,Center,8.25
TX,,Centerville,8.25
TX,,Chambers Co Emergency Services District 1,8.125
TX,,Chambers County Health Services,6.75
TX,,Chandler,8.25
TX,,Channing,7.25
TX,,Charlotte,8.25
TX,,Cherokee,6.75
TX,,Chester,7.75
TX,,Chico,8.25
TX,,Childress,6.75
TX,,Chillicothe,8.0
TX,,China Grove,8.25
TX,,Chireno,8.25
TX,,Cibolo,8.25
TX,,Cisco,8.25
TX,,Claude,8.25
TX,,Clay,6.25
TX,,Clear Lake Shores,8.25
TX,,Cleveland,8.25
TX,,Clifton,8.25
TX,,Clute,8.25
TX,,Clyde,8.25
TX,,Coahoma,7.75
TX,,Cochran,6.25
TX,,Coke,6.25
TX,,Coldspring,8.25
TX,,Coleman,6.25
TX,,Coleman,8.25
TX,,College Station,8.25
TX,,Colleyville Crime Control,8.25
TX,,Collin,6.25
TX,,Collingsworth,6.25
TX,,Collinsville,8.25
TX,,Colorado,6.75
TX,,Colorado City,8.25
TX,,Columbus,8.25
TX,,Comal Co Emr Dist 5 Sp,8.25
TX,,Comal County Emergency Svcs No. 3,8.25
TX,,Comanche,6.75
TX,,Comanche,8.25
TX,,Combes,8.25
TX,,Commerce,8.25
TX,,Como,7.75
TX,,Concho,6.75
TX,,Conroe,8.25
TX,,Cooke,6.75
TX,,Cool,8.25
TX,,Coolidge,7.25
TX,,Cooper,8.25
TX,,Coppell,8.25
TX,,Copperas Cove,8.25
TX,,Corinth,8.25
TX,,Corpus Christi,8.25
TX,,Corrigan,8.25
TX,,Corsicana,8.25
TX,,Coryell,6.75
TX,,Cottle,8.25
TX,,Cottonwood Shores Crime Control,8.25
TX,,Cotulla,8.25
TX,,Coyote Flats,8.25
TX,,Crane,8.25
TX,,Cranfills Gap,8.25
TX,,Crawford,8.25
TX,,Cresson,8.25
TX,,Crockett,8.25
TX,,Crosby,6.75
TX,,Crosbyton,8.25
TX,,Cross Plains,8.25
TX,,Crowell,8.0
TX,,Crowley,8.25
TX,,Crowley Etj,8.25
TX,,Crystal City,8.25
TX,,Culberson,6.25
TX,,Cumby,8.0
TX,,Cuney,8.25
TX,,Daingerfield,8.25
TX,,Daisetta,8.25
TX,,Dalhart,8.25
TX,,Dallam,6.25
TX,,Dallas,8.25
TX,,Dalworthington Gardens Crime Contrl,8.25
TX,,Danbury,8.25
TX,,Darrouzett,8.25
TX,,Dawson,6.75
TX,,Dawson,8.0
TX,,De Kalb,8.25
TX,,De Leon,8.25
TX,,Deaf Smith,6.75
TX,,Deer Park,8.25
TX,,Del Rio,8.25
TX,,Dell City,7.25
TX,,Delta County Emergency Services,7.25
TX,,Denison,8.25
TX,,Dennis,8.25
TX,,Denton,8.25
TX,,Denton Tourism Public Improvement District,8.25
TX,,Denver City,8.25
TX,,Deport,8.25
TX,,Desoto,8.25
TX,,Detroit,8.25
TX,,Devers,8.25
TX,,Dewitt,6.25
TX,,Diboll,8.25
TX,,Dickens,6.75
TX,,Dickens,8.25
TX,,Dickinson,8.25
TX,,Dilley Etj,8.25
TX,,Dimmit,6.75
TX,,Dimmitt,8.25
TX,,Dodd City,7.75
TX,,Donley County Assistance District No. 2,8.25
TX,,Dorchester,8.25
TX,,Douglassville,6.5
TX,,Dripping Springs Library District,8.25
TX,,Driscoll,8.25
TX,,Dublin,8.25
TX,,Dumas,8.25
TX,,Duncanville,8.25
TX,,Duval,6.25
TX,,E Travis Co Gatewy Lib Sp,8.25
TX,,Eagle Lake,8.25
TX,,Eagle Pass,8.25
TX,,Early,8.25
TX,,Earth,7.75
TX,,East Montgome Co Esd 6 Sp,8.25
TX,,East Montgomery Co Improvement District Edz No 4 Sp,8.25
TX,,East Tawakoni,8.25
TX,,Eastland,8.25
TX,,Eastland Memorial Hospital,6.75
TX,,Easton,7.75
TX,,Ector,7.75
TX,,Ector Co Ad,8.25
TX,,Eden,8.25
TX,,Edgewood,8.25
TX,,Edinburg,8.25
TX,,Edmonson,7.75
TX,,Edna,8.25
TX,,Edom,7.25
TX,,El Campo,8.25
TX,,El Cenizo,8.25
TX,,El Lago,8.25
TX,,El Paso,8.25
TX,,El Paso County Emergency Svcs No. 2,7.25
TX,,El Paso Ctd Transit,8.25
TX,,Eldorado,8.25
TX,,Electra,8.25
TX,,Elgin/Bastrop-Travis County Emergency Services District No. 1-A Combined Area,8.25
TX,,Elkhart,8.0
TX,,Ellis,6.25
TX,,Ellis County Emergency Services District No. 2-A,8.25
TX,,Elsa,8.25
TX,,Emory,8.25
TX,,Encinal,8.25
TX,,Ennis,8.25
TX,,Erath,6.75
TX,,Escobares,8.25
TX,,Estelline,8.25
TX,,Evant,8.25
TX,,Fair Oaks Ranch,8.25
TX,,Fair Oaks Ranch/Bulverde Area Rural Library District,8.25
TX,,Fairfield,8.25
TX,,Falfurrias,8.25
TX,,Falls,6.75
TX,,Falls County Emergency Services District No. 1,8.25
TX,,Fannin,6.75
TX,,Farmers Branch,8.25
TX,,Farmersville,8.25
TX,,Farmersville/Hunt County Combined Area,8.25
TX,,Fate,8.25
TX,,Fayette,6.75
TX,,Fayette,7.75
TX,,Fayetteville,8.25
TX,,Ferris,8.25
TX,,Fisher,6.25
TX,,Floyd,6.25
TX,,Floydada,8.0
TX,,Follett,8.25
TX,,Forest Hill Library District,8.25
TX,,Forney,8.25
TX,,Forsan,7.25
TX,,Fort Bend,8.25
TX,,Fort Bend Co Ad 9 Sp,8.25
TX,,Fort Bend County Assistance District No 5 Sp,8.25
TX,,Fort Bend County Emergency Services District No. 3,8.25
TX,,Fort Bend County Emergency Services District No. 9,8.25
TX,,Fort Bend County Emergency Services District No.5,8.25
TX,,Fort Stockton,8.25
TX,,Fort Worth,8.25
TX,,Franklin,6.75
TX,,Fredericksburg,8.25
TX,,Freeport,8.25
TX,,Freer,8.25
TX,,Friendswood,8.25
TX,,Frio County Emergency Services District No. 1,8.25
TX,,Friona,8.25
TX,,Frisco,8.25
TX,,Fritch,8.25
TX,,Frost,7.75
TX,,Fruitvale,8.25
TX,,Fulshear,8.25
TX,,Fulton,8.25
TX,,Gaines,6.25
TX,,Gainesville,8.25
TX,,Gallatin,6.75
TX,,Galveston,8.25
TX,,Galveston Co Esd No 2 Sp,8.25
TX,,Ganado,8.25
TX,,Garland,8.25
TX,,Gatesville,8.25
TX,,George West,8.25
TX,,Georgetown,8.25
TX,,Giddings,8.25
TX,,Gillespie,6.75
TX,,Gilmer,8.25
TX,,Glen Rose Etj,8.25
TX,,Goldthwaite,8.25
TX,,Goliad,6.25
TX,,Goliad,8.25
TX,,Golinda,8.25
TX,,Gonzales,8.25
TX,,Goodrich,7.75
TX,,Goree,8.25
TX,,Gorman,8.25
TX,,Grand Prairie,8.25
TX,,Grandfalls,8.25
TX,,Grapeland,8.25
TX,,Grapevine,8.25
TX,,Grayson,6.25
TX,,Greenville,8.25
TX,,Gregg,8.25
TX,,Gregg County Emergency Services District No. 3,8.25
TX,,Grimes,6.75
TX,,Groom,8.25
TX,,Groves,8.25
TX,,Groveton,8.25
TX,,Gruver,8.25
TX,,Guadalupe,6.75
TX,,Guadalupe,8.25
TX,,Gun Barrel City,8.25
TX,,Gunter,8.25
TX,,Gustine,7.75
TX,,Hale,6.75
TX,,Hale Center,8.25
TX,,Hallettsville,8.25
TX,,Hallsburg,7.75
TX,,Hallsville,8.25
TX,,Hamilton,8.25
TX,,Hamlin,8.25
TX,,Happy,7.75
TX,,Hardin,6.25
TX,,Hardin,8.25
TX,,Harker Heights,8.25
TX,,Harlingen,8.25
TX,,Harris Co Emer Dist 50 Sp,8.25
TX,,Harris Co Emergency Services District 28 Sp,8.25
TX,,Harris Co Emergency Services District 48 Sp,8.25
TX,,Harris Co Emergency Services District No 17 Sp,8.25
TX,,Harris Co Emergency Services District No 9 Sp,8.25
TX,,Harris Co Esd 16 Sp,8.25
TX,,Harris Co Esd No. 60,8.25
TX,,Harris Co. Esd No. 10,8.25
TX,,Harrison,6.25
TX,,Hart,8.25
TX,,Hartley,6.25
TX,,Haskell,6.25
TX,,Haskell,8.25
TX,,Hawkins,8.25
TX,,Hawley,8.25
TX,,Hays,8.25
TX,,Helotes,8.25
TX,,Henderson,8.25
TX,,Henderson County Emergency Services District No. 3,8.25
TX,,Henrietta,8.25
TX,,Hewitt,8.25
TX,,Hico,8.25
TX,,Hidalgo,6.25
TX,,Hidalgo,8.25
TX,,Higgins,8.0
TX,,Hill Co Esd 2a Sp,8.25
TX,,Hill Country Village,8.25
TX,,Hillsboro Etj,8.25
TX,,Hitchcock,8.25
TX,,Hockley,6.25
TX,,Hockley,8.25
TX,,Holland,8.0
TX,,Hondo Medina Co Esd 6 Combined Area Sp,8.25
TX,,Honey Grove,8.25
TX,,Hood,6.75
TX,,Hooks,8.25
TX,,Hopkins,6.75
TX,,Horseshoe Bay,8.25
TX,,Houston,6.75
TX,,Houston,8.25
TX,,Houston Mta Transit,8.25
TX,,Houston/Fort Bend County Assistance District 4 Combined Area,8.25
TX,,Howard,6.25
TX,,Hudson,8.25
TX,,Hudspeth,6.25
TX,,Hughes Springs,8.25
TX,,Humble,8.25
TX,,Hunt,6.75
TX,,Huntington,8.25
TX,,Huntsville,8.25
TX,,Hutchins,8.25
TX,,Hutchinson,6.25
TX,,Huxley,7.25
TX,,Idalou,8.25
TX,,Industry,8.25
TX,,Ingram,8.25
TX,,Iola,8.0
TX,,Iowa Colony,8.25
TX,,Iowa Park,8.25
TX,,Iraan,8.25
TX,,Iredell,7.75
TX,,Irion,6.25
TX,,Irving,8.25
TX,,Italy,8.25
TX,,Jack,6.25
TX,,Jackson,6.75
TX,,Jasper,8.25
TX,,Jasper County Dev District No. 1,8.25
TX,,Jasper County Emergency Services District No. 2,8.25
TX,,Jayton,7.25
TX,,Jeff Davis Co Emergency Svcs No. 1,8.25
TX,,Jefferson,8.25
TX,,Jefferson County Emergency Services District No. 1,8.25
TX,,Jefferson County Emergency Services District No. 5,8.25
TX,,Jersey Village,8.25
TX,,Jim Wells,6.75
TX,,Joaquin,8.25
TX,,Johnson,8.25
TX,,Jones,6.25
TX,,Josephine,8.25
TX,,Junction,8.25
TX,,Karnes,6.75
TX,,Karnes City,8.25
TX,,Katy,8.25
TX,,Kaufman,8.25
TX,,Kaufman County Emergency Services District No. 2,8.25
TX,,Kaufman County Emergency Services District No.3,8.25
TX,,Kemah,8.25
TX,,Kendall,6.75
TX,,Kendleton,8.25
TX,,Kenedy,6.25
TX,,Kenedy,8.25
TX,,Kennard,7.75
TX,,Kent,6.25
TX,,Kerens,8.25
TX,,Kermit,8.25
TX,,Kerr,6.75
TX,,Kerrville,8.25
TX,,Kilgore,8.25
TX,,Killeen,8.25
TX,,Kimble,6.75
TX,,King,6.25
TX,,Kingsville,8.25
TX,,Kirby Crime Control And Prevention District,8.25
TX,,Kleberg,6.75
TX,,Knox City,8.25
TX,,Kress,7.75
TX,,Kurten,7.75
TX,,La Feria,8.25
TX,,La Grange,8.25
TX,,La Grulla,8.25
TX,,La Joya,8.25
TX,,La Marque,8.25
TX,,La Porte Fire Control Prevention And Ems District Sp,8.25
TX,,La Salle,6.25
TX,,La Villa,8.25
TX,,La Ward,7.75
TX,,Lacy-Lakeview,8.25
TX,,Ladonia,7.75
TX,,Lake Travis Community Library District,8.25
TX,,Lake Worth Crime Control,8.25
TX,,Lakeview,7.25
TX,,Lamar,6.75
TX,,Lamb,6.25
TX,,Lamesa,8.25
TX,,Lampasas,6.75
TX,,Laredo City Ctd Transit,8.25
TX,,Las Damas Mgmt Dist Sp,8.25
TX,,Latexo,7.75
TX,,Lavaca,6.25
TX,,Lawn,7.25
TX,,League City,8.25
TX,,Leakey,8.25
TX,,Leander,8.25
TX,,Leary,8.25
TX,,Lee,6.75
TX,,Lefors,7.25
TX,,Leon Valley Crime Control And Prevention District Sp,8.25
TX,,Leona,7.75
TX,,Leonard,8.25
TX,,Leroy,7.75
TX,,Levelland,8.25
TX,,Lewisville Crime Control District Sp,8.25
TX,,Lexington,8.25
TX,,Liberty,6.75
TX,,Liberty,8.25
TX,,Liberty Co Esd 7 Sp,8.25
TX,,Liberty Hill Pub Lib Dist,8.25
TX,,Limestone,6.25
TX,,Limestone,8.25
TX,,Linden,8.25
TX,,Lindsay,8.25
TX,,Lipscomb,6.25
TX,,Little River-Academy,7.75
TX,,Littlefield,8.25
TX,,Live Oak,6.75
TX,,Live Oak,8.25
TX,,Liverpool,7.75
TX,,Livingston,8.25
TX,,Llano,6.25
TX,,Lockney,7.75
TX,,Lometa,8.25
TX,,Lone Oak,8.25
TX,,Longview,8.25
TX,,Loraine,8.25
TX,,Lorenzo,7.75
TX,,Los Indios,8.0
TX,,Lott,8.25
TX,,Lovelady,7.75
TX,,Loving,6.25
TX,,Lubbock,8.25
TX,,Lueders,7.25
TX,,Lufkin,8.25
TX,,Luling,8.25
TX,,Lyford,8.25
TX,,Madisonville,8.25
TX,,Magnolia,8.25
TX,,Mansfield,8.25
TX,,Manvel,8.25
TX,,Marfa,8.0
TX,,Marion,8.25
TX,,Marshall,8.25
TX,,Martin,6.25
TX,,Martindale Etj,8.25
TX,,Mason,8.25
TX,,Mason County Health Services,7.25
TX,,Matador,8.25
TX,,Matagorda,6.25
TX,,Maud,8.25
TX,,Maverick County Lfw And Cdc,7.25
TX,,Maypearl,8.25
TX,,Mcallen,8.25
TX,,Mccamey,8.25
TX,,Mcculloch,7.0
TX,,Mcgregor,8.25
TX,,Mclean,8.25
TX,,Mcmullen,6.25
TX,,Meadow,7.75
TX,,Medina,8.25
TX,,Medina Co Esd 1 Sp,8.25
TX,,Medina Co Esd 6 Sp,8.25
TX,,Megargel,7.75
TX,,Melissa,8.25
TX,,Melvin,8.0
TX,,Menard,6.75
TX,,Menard,8.25
TX,,Meridian,8.25
TX,,Merkel,8.25
TX,,Mertzon,7.25
TX,,Mesquite,8.25
TX,,Mexia,8.25
TX,,Miami,8.25
TX,,Midland,7.0
TX,,Midland,8.25
TX,,Midway,8.25
TX,,Milam,6.75
TX,,Milano,8.25
TX,,Miles,8.25
TX,,Mills,6.25
TX,,Mineral Wells,8.25
TX,,Missouri City,8.25
TX,,Mitchell,6.75
TX,,Mobeetie,7.25
TX,,Monahans,8.25
TX,,Mont Belvieu,8.25
TX,,Montague,6.25
TX,,Montgomery,8.25
TX,,Montgomery Co Emergency Services District 10 Sp,8.25
TX,,Montgomery Co Emergency Services District No 8 Sp,8.25
TX,,Montgomery Co Emergency Svcs No. 7,8.25
TX,,Montgomery Co Esd 2 Sp,8.25
TX,,Montgomery County Emergency Services District No 1 Sp,8.25
TX,,Montgomery Etj,8.25
TX,,Moody,8.25
TX,,Moran,7.25
TX,,Morgan,7.75
TX,,Morris,6.75
TX,,Morton,8.25
TX,,Moulton,8.25
TX,,Mount Pleasant,8.25
TX,,Mount Vernon,8.25
TX,,Muenster,8.25
TX,,Mullin,7.25
TX,,Munday,8.25
TX,,Murchison,8.25
TX,,Nacogdoches,8.25
TX,,Nacogdoches County Hospital,7.25
TX,,Naples,8.25
TX,,Nash,8.25
TX,,Navarro,6.75
TX,,Nazareth,8.25
TX,,Nederland,8.25
TX,,New Boston,8.25
TX,,New Braunfels,8.25
TX,,New Chapel Hill,8.25
TX,,New Deal,8.25
TX,,New Home,6.75
TX,,New London,6.25
TX,,New Summerfield,8.25
TX,,Newcastle,8.25
TX,,Newton,8.25
TX,,Nixon/Gonzales County Esd 1 Combined Area,8.25
TX,,Nolan,6.25
TX,,Noonday,8.25
TX,,Nordheim,7.25
TX,,North Richland Hills Crime Control,8.25
TX,,Northwest Leon County Emergency Services District No. 3,8.25
TX,,Northwest Leon County Emergency Services District No. 3-A,8.25
TX,,Novice,8.25
TX,,Nueces,8.25
TX,,Nueces-Jim Wells Emergency Services District No. 5,8.25
TX,,O'brien,7.25
TX,,O'donnell,7.75
TX,,Oakwood,8.0
TX,,Ochiltree,6.25
TX,,Odem,8.25
TX,,Odessa,8.25
TX,,Oglesby,7.75
TX,,Olmos Park,8.25
TX,,Olney,8.25
TX,,Olton,8.25
TX,,Omaha,8.25
TX,,Onalaska,8.25
TX,,Orange,6.75
TX,,Orange,8.25
TX,,Orange Grove,8.25
TX,,Orchard,8.25
TX,,Paint Rock,8.25
TX,,Palacios,8.25
TX,,Palestine,8.25
TX,,Palmer,8.25
TX,,Palmview Mdd Sl,8.25
TX,,Palo Pinto County Esd 1-A Sp,8.25
TX,,Pampa,8.25
TX,,Panhandle,8.25
TX,,Panola,6.25
TX,,Panola,8.25
TX,,Paris,8.25
TX,,Parker,8.25
TX,,Parmer,6.25
TX,,Pasadena,8.25
TX,,Pattison,8.25
TX,,Pearland,8.25
TX,,Pearland Lower Kirby Management District Sp,8.25
TX,,Peaster,8.25
TX,,Pecan Gap,8.25
TX,,Pecos,6.25
TX,,Perryton,8.25
TX,,Petersburg,8.25
TX,,Petrolia,7.25
TX,,Pilot Point,8.25
TX,,Pineland,7.75
TX,,Pittsburg,8.25
TX,,Plains,7.75
TX,,Plainview,8.25
TX,,Plano,8.25
TX,,Plantersville,8.25
TX,,Pleasanton,8.25
TX,,Point Blank,8.25
TX,,Point Comfort,8.25
TX,,Point Comfort Municipal Development District Sp,7.25
TX,,Polk,6.75
TX,,Port Arthur,8.25
TX,,Port Neches,8.25
TX,,Portland,8.25
TX,,Post,8.25
TX,,Poteet,8.25
TX,,Poth,8.25
TX,,Potter,8.25
TX,,Potter County Assistance District 1 Sp,8.25
TX,,Pottsboro,8.25
TX,,Poynor,8.25
TX,,Prairie View,8.0
TX,,Premont,8.25
TX,,Presidio,6.25
TX,,Presidio,8.25
TX,,Princeton,8.25
TX,,Progreso,8.25
TX,,Putnam,7.25
TX,,Pyote,7.25
TX,,Quitaque,8.25
TX,,Quitman,8.25
TX,,Ralls,8.25
TX,,Randall,8.25
TX,,Randall County Assistance District No 1 Sp,6.75
TX,,Ranger,8.25
TX,,Rankin,8.25
TX,,Ravenna,7.75
TX,,Raymondville,8.25
TX,,Reagan,6.75
TX,,Real,6.75
TX,,Red River,6.75
TX,,Redwater,8.25
TX,,Reeves County Hospital District,8.25
TX,,Refugio,8.25
TX,,Rice,8.25
TX,,Rice Hospital District,7.25
TX,,Richardson,8.25
TX,,Richland,8.0
TX,,Richland Hills,8.25
TX,,Richland Springs,8.0
TX,,Rio Hondo Municipal Development District Sp,8.0
TX,,Rising Star,8.25
TX,,Riverside,8.25
TX,,Roaring Springs,8.25
TX,,Robert Lee,8.25
TX,,Robertson,8.25
TX,,Roby,7.25
TX,,Rochester,7.25
TX,,Rockdale,8.25
TX,,Rockport,8.25
TX,,Rocksprings,8.0
TX,,Rockwall,8.25
TX,,Rogers,8.25
TX,,Ropesville,8.25
TX,,Roscoe,8.25
TX,,Rosebud,8.25
TX,,Ross,7.75
TX,,Rosser,7.25
TX,,Rotan,8.25
TX,,Round Rock,8.25
TX,,Round Top,8.25
TX,,Rowlett,8.25
TX,,Roxton,7.75
TX,,Rule,8.25
TX,,Runge,8.25
TX,,Runnels,6.75
TX,,Rusk,8.25
TX,,Sabine,6.75
TX,,Sachse,8.25
TX,,Sadler,7.25
TX,,San Angelo,8.25
TX,,San Antonio,8.25
TX,,San Antonio Mta Transit,6.75
TX,,San Antonio Mta Transit,8.25
TX,,San Augustine,8.25
TX,,San Elizario,8.25
TX,,San Felipe,8.25
TX,,San Jacinto Co Esd Sp,7.25
TX,,San Marcos,8.25
TX,,San Patricio,6.25
TX,,San Perlita,6.25
TX,,San Saba,6.75
TX,,San Saba,8.25
TX,,Sanford,7.25
TX,,Santa Anna,8.25
TX,,Savoy,8.25
TX,,Schertz,8.25
TX,,Schleicher County Health Services,7.25
TX,,Schulenburg,8.25
TX,,Scotland,8.25
TX,,Scurry,6.75
TX,,Seadrift,8.25
TX,,Seagraves,8.25
TX,,Seguin,8.25
TX,,Seminole,8.25
TX,,Seymour,8.25
TX,,Shallowater,8.25
TX,,Shamrock,8.0
TX,,Shenandoah,8.25
TX,,Sherman,8.25
TX,,Silverton,8.0
TX,,Simonton,8.25
TX,,Sinton,8.25
TX,,Skellytown,8.25
TX,,Slaton,8.25
TX,,Smiley,8.25
TX,,Smith,8.25
TX,,Snook,8.25
TX,,Snyder,8.25
TX,,Somervell,8.25
TX,,Sonora,8.25
TX,,South Padre Island,8.25
TX,,Southlake Crime Control,8.25
TX,,Southmayd,8.25
TX,,Spearman,8.25
TX,,Spofford,7.25
TX,,Springtown,8.25
TX,,Spur,8.25
TX,,St. Jo,8.25
TX,,Stafford,8.25
TX,,Stamford,8.25
TX,,Stanton,8.0
TX,,Staples,8.25
TX,,Starr,6.25
TX,,Stephenville,8.25
TX,,Sterling City,8.25
TX,,Stinnett,8.25
TX,,Stonewall,6.25
TX,,Stratford,7.75
TX,,Streetman,7.75
TX,,Streetman,8.25
TX,,Sudan,8.25
TX,,Sugar Land,8.25
TX,,Sullivan City Crime Control,8.25
TX,,Sulphur Springs,8.25
TX,,Sundown,8.25
TX,,Sunray,8.25
TX,,Sweeny,8.25
TX,,Sweetwater,8.25
TX,,Tahoka,8.25
TX,,Talco,7.75
TX,,Tarrant,8.25
TX,,Teague,8.25
TX,,Temple,8.25
TX,,Tenaha,8.25
TX,,Terrell,7.75
TX,,Terry,6.75
TX,,Texarkana,8.25
TX,,Texas,8.25
TX,,Texas City,8.25
TX,,Texhoma,6.25
TX,,Texline,7.25
TX,,The Woodlands Township,8.25
TX,,Thompsons,7.25
TX,,Three Rivers,8.25
TX,,Throckmorton,8.25
TX,,Toco,7.75
TX,,Tolar,8.25
TX,,Tom Bean,8.25
TX,,Tom Green,6.75
TX,,Tomball,8.25
TX,,Tool,8.25
TX,,Travis,8.25
TX,,Travis Co Dist 2 Sp,8.25
TX,,Travis Co Emergency Service District 5,8.25
TX,,Travis County Emergency Svcs No. 4,8.25
TX,,Trent,8.25
TX,,Trenton,8.25
TX,,Trinity,6.25
TX,,Trinity,8.25
TX,,Trophy Club,8.25
TX,,Tulia,8.25
TX,,Turkey,8.25
TX,,Tuscola Crime Control And Prevention District Sl,8.25
TX,,Tye,8.25
TX,,Tyler,6.75
TX,,Tyler,8.25
TX,,Tyler County Emergency Services District No. 1,8.25
TX,,Tyler County Emergency Services District No. 6,8.25
TX,,Uncertain,8.25
TX,,University Park,8.25
TX,,Uvalde,8.25
TX,,Uvalde County Health Services,7.25
TX,,Uvalde County Health Services,8.25
TX,,Val Verde,6.75
TX,,Valley Mills,7.75
TX,,Valley View,8.25
TX,,Van Alstyne,8.25
TX,,Van Horn,8.0
TX,,Vega,8.25
TX,,Venus/Johnson County Emergency Services District No. 1-B Combined Area,8.25
TX,,Vernon,8.25
TX,,Victoria,6.75
TX,,Victoria,8.25
TX,,Vidor,8.25
TX,,Village Mills Emergency Services District No. 8,8.25
TX,,Waco,8.25
TX,,Walker County Esd 1 Sp,8.25
TX,,Waller,8.25
TX,,Ward,6.25
TX,,Washington,6.75
TX,,Waskom,8.25
TX,,Waxahachie,8.25
TX,,Webb,6.75
TX,,Weimar,8.25
TX,,Weinert,7.25
TX,,Weir,8.25
TX,,Wellington,8.25
TX,,Wellman,7.75
TX,,Wells,7.75
TX,,West Columbia,8.25
TX,,Westbrook,7.75
TX,,Weston,7.75
TX,,Wharton,6.75
TX,,Wharton,8.25
TX,,Wheeler,6.25
TX,,Wheeler,8.0
TX,,White Deer,8.25
TX,,Whiteface,7.75
TX,,Whitney Etj,8.25
TX,,Wichita,6.25
TX,,Wichita Falls,8.25
TX,,Wickett,7.25
TX,,Wilbarger,6.75
TX,,Willacy,6.25
TX,,Williamson,8.25
TX,,Williamson Co Esd No 5 Sp,8.25
TX,,Williamson County Emergency Services District No. 2,8.25
TX,,Williamson County Emergency Services District No. 8,8.25
TX,,Williamson County Emergency Services District No. 9,8.25
TX,,Williamson County Emergency Services District No. 9-B,8.25
TX,,Willis Montgomery Co Esd 1 Combined Area Sp,8.25
TX,,Wilmer,8.25
TX,,Wilson,7.75
TX,,Wilson County Emergency Services District No 2 Sp,8.25
TX,,Windom,7.75
TX,,Windthorst,8.25
TX,,Winfield,8.0
TX,,Wink,8.25
TX,,Winnsboro,8.25
TX,,Winona,8.25
TX,,Winters,8.25
TX,,Wise,6.75
TX,,Wise,8.25
TX,,Wise County Emergency Services District No. 1,8.25
TX,,Wolfe City,8.25
TX,,Wood,6.75
TX,,Woodbranch,8.25
TX,,Woodson,7.25
TX,,Wortham,8.25
TX,,Yantis,8.25
TX,,Yoakum,8.25
TX,,Young,6.75
TX,,Zapata County Assistance District,8.25
TX,,Zavala Co Assistance District Sp,6.75
UT,,Alpine,7.45
UT,,Alta Sp,9.05
UT,,Aurora,6.75
UT,,Bear River City,6.65
UT,,Beaver,6.35
UT,,Beaver,7.35
UT,,Big Water,8.45
UT,,Blanding,6.75
UT,,Bountiful Sp,7.25
UT,,Box Elder,6.65
UT,,Brian Head Sp,8.65
UT,,Brigham City Tr,6.95
UT,,Bryce Canyon Resort Sp,8.55
UT,,Cache,7.0
UT,,Cedar City,6.75
UT,,Cedar Hills,7.45
UT,,Centerfield,6.45
UT,,Centerville Sp,7.25
UT,,Circleville,6.35
UT,,Clearfield,7.25
UT,,Copperton,7.45
UT,,Cottonwood Heights,7.45
UT,,Daggett,7.65
UT,,Draper,7.45
UT,,Duchesne,6.35
UT,,Duchesne,6.45
UT,,Dutch John,8.75
UT,,Eagle Mountain,7.45
UT,,East Carbon,6.35
UT,,Emery,6.35
UT,,Escalante,8.45
UT,,Eureka,6.95
UT,,Fairpark District,8.45
UT,,Farmington,7.25
UT,,Garden City Sp,8.25
UT,,Garfield,7.35
UT,,Glendale,7.35
UT,,Grand,7.35
UT,,Grantsville,7.0
UT,,Gunnison Tr,6.75
UT,,Hatch,8.45
UT,,Helper,6.45
UT,,Hooper,7.25
UT,,Howell,6.65
UT,,Huntsville,8.25
UT,,Hurricane,7.08
UT,,Hyrum,7.3
UT,,Inland Port Ancient Sky,6.35
UT,,Inland Port Historic Capitol,6.75
UT,,Inland Port Iron Springs,6.75
UT,,Inland Port Pony Express,7.45
UT,,Inland Port Skyline Corridor,6.75
UT,,Inland Port Skyline Corridor,7.05
UT,,Inland Port Verk Industrial Park,7.45
UT,,Inland Port West Weber,7.25
UT,,Iron,6.65
UT,,Ivins Tr,6.75
UT,,Juab,6.65
UT,,Junction,6.35
UT,,Kane,7.35
UT,,Koosharem,6.95
UT,,La Verkin Tr,7.08
UT,,Layton,7.25
UT,,Lehi,7.45
UT,,Levan,6.65
UT,,Lewiston,7.25
UT,,Lindon,7.45
UT,,Loa,7.95
UT,,Logan,7.3
UT,,Manti,6.65
UT,,Mapleton,7.45
UT,,Mayfield,6.45
UT,,Mida Ng American Fork,7.45
UT,,Mida Ng Bluffdale,7.45
UT,,Mida Ng Brigham City,6.95
UT,,Mida Ng Logan,7.3
UT,,Mida Ng Manti,6.65
UT,,Mida Ng St George,6.75
UT,,Mida Ng Tooele City,7.0
UT,,Midway,8.65
UT,,Millard,6.35
UT,,Millcreek,7.45
UT,,Moab Lionsback Resort,9.35
UT,,Mona,7.05
UT,,Monticello,6.65
UT,,Morgan,6.7
UT,,Morgan,6.95
UT,,Mount Pleasant,6.75
UT,,Murray,7.65
UT,,Naples,6.95
UT,,Navajo Nation,12.35
UT,,Nephi,7.05
UT,,North Logan Tr Sp,7.3
UT,,Ogden,7.25
UT,,Ogden Valley,7.25
UT,,Orderville Sp,8.35
UT,,Orem,7.45
UT,,Panguitch,8.35
UT,,Park City,9.55
UT,,Parowan,6.75
UT,,Piute,6.35
UT,,Point Of The Mountain Authority,7.45
UT,,Price Tr,6.75
UT,,Providence Tr Sp,7.3
UT,,Provo,7.45
UT,,Redmond,6.75
UT,,Rich,6.65
UT,,Richfield,7.05
UT,,Richmond,7.3
UT,,Riverdale,7.45
UT,,Rockville,6.78
UT,,Roosevelt Tr,6.75
UT,,Roy,7.25
UT,,Saint George Tr,6.75
UT,,Salina Tr,7.05
UT,,Salt Lake,7.45
UT,,Salt Lake,8.55
UT,,Salt Lake Central Htrz,8.45
UT,,Salt Lake City,8.45
UT,,Salt Lake City,10.05
UT,,Salt Lake Convention Center Revitalization Zone,8.45
UT,,San Juan,6.35
UT,,Sandy City,7.45
UT,,Sanpete,6.35
UT,,Santa Clara Tr,6.75
UT,,Santaquin,7.45
UT,,Scipio,6.65
UT,,Sevier,6.65
UT,,Sigurd,6.95
UT,,Smithfield Tr Sp,7.3
UT,,Snowville,7.65
UT,,South Jordan,7.45
UT,,South Jordan Htrz,7.45
UT,,South Salt Lake,7.65
UT,,Spanish Fork City,7.45
UT,,Springdale Sp,8.38
UT,,Sterling,6.65
UT,,Stockton,7.6
UT,,Summit Co Tr,8.75
UT,,Syracuse,7.25
UT,,Taylorsville,7.45
UT,,Tooele,6.6
UT,,Toquerville,6.78
UT,,Torrey,9.05
UT,,Trenton,7.0
UT,,Tropic Sp,8.35
UT,,Uintah,6.45
UT,,Uipa Castle Country,9.5
UT,,Utah,7.35
UT,,Utah,8.95
UT,,Vernal Tr,6.95
UT,,Vineyard,7.45
UT,,Virgin,7.78
UT,,Wasatch,7.25
UT,,Wasatch,8.35
UT,,Washington,6.45
UT,,Wayne,7.65
UT,,Weber,7.25
UT,,Wellington,6.65
UT,,West Jordan,7.45
UT,,West Valley City,7.45
UT,,Willard Tr,6.95
VA,,Abingdon,5.3
VA,,Accomack,5.3
VA,,Albemarle,5.3
VA,,Alberta,5.3
VA,,Alexandria City Co Sp,6.0
VA,,Alleghany,5.3
VA,,Altavista,5.3
VA,,Amelia,5.3
VA,,Amherst,5.3
VA,,Appalachia,5.3
VA,,Appomattox,5.3
VA,,Arlington Co Sp,6.0
VA,,Augusta,5.3
VA,,Bath,5.3
VA,,Bedford,5.3
VA,,Belle Haven,6.3
VA,,Berryville,5.3
VA,,Big Stone Gap,5.3
VA,,Blacksburg,5.3
VA,,Blackstone,5.3
VA,,Bland,5.3
VA,,Bloxom,5.3
VA,,Bluefield,5.3
VA,,Boones Mill,5.3
VA,,Botetourt,5.3
VA,,Bowling Green,5.3
VA,,Boyce City,5.3
VA,,Boydton,5.3
VA,,Boykins,6.0
VA,,Branchville,6.0
VA,,Bridgewater,5.3
VA,,Bristol,5.3
VA,,Broadway,5.3
VA,,Brodnax,5.3
VA,,Brookneal,5.3
VA,,Brunswick,5.3
VA,,Buchanan,5.3
VA,,Buckingham,5.3
VA,,Buena Vista,5.3
VA,,Burkeville,5.3
VA,,Campbell,5.3
VA,,Capron,6.0
VA,,Caroline,5.3
VA,,Carroll,5.3
VA,,Cedar Bluff,5.3
VA,,Charles City,6.0
VA,,Charlotte,6.3
VA,,Charlottesville,5.3
VA,,Chase City,5.3
VA,,Cheriton,6.3
VA,,Chesapeake City Co Sp,6.0
VA,,Chesterfield,6.0
VA,,Chilhowie,5.3
VA,,Chincoteague,5.3
VA,,Christiansburg,5.3
VA,,Claremont,5.3
VA,,Clarke,5.3
VA,,Cleveland,5.3
VA,,Clifton,6.0
VA,,Clifton Forge,5.3
VA,,Clinchco,5.3
VA,,Clinchport,5.3
VA,,Clintwood,5.3
VA,,Coeburn,5.3
VA,,Colonial Beach,5.3
VA,,Courtland,6.0
VA,,Craig,5.3
VA,,Craigsville,5.3
VA,,Crewe,5.3
VA,,Culpeper,5.3
VA,,Cumberland,5.3
VA,,Damascus,5.3
VA,,Danville,6.3
VA,,Dayton,5.3
VA,,Dendron,5.3
VA,,Dickenson,5.3
VA,,Dillwyn,5.3
VA,,Dinwiddie,5.3
VA,,Dublin,5.3
VA,,Dumfries,6.0
VA,,Dungannon,5.3
VA,,Eastville,6.3
VA,,Edinburg,5.3
VA,,Elkton,5.3
VA,,Essex,5.3
VA,,Ettrick,6.0
VA,,Exmore,6.3
VA,,Fairfax,6.0
VA,,Fairfax Co Sp,6.0
VA,,Falls Church,6.0
VA,,Farmville,5.3
VA,,Fauquier,5.3
VA,,Fincastle,5.3
VA,,Floyd,5.3
VA,,Fluvanna,5.3
VA,,Franklin,5.3
VA,,Franklin City Co Sp,6.0
VA,,Frederick,5.3
VA,,Fredericksburg,5.3
VA,,Fries,5.3
VA,,Front Royal,5.3
VA,,Gate City,5.3
VA,,Giles,5.3
VA,,Glade Spring,5.3
VA,,Glasgow,5.3
VA,,Glen Lyn,5.3
VA,,Gloucester,6.3
VA,,Goochland,6.0
VA,,Gordonsville,5.3
VA,,Goshen,5.3
VA,,Grayson,5.3
VA,,Greene,5.3
VA,,Greensville,5.3
VA,,Grottoes,5.3
VA,,Grundy,5.3
VA,,Halifax,6.3
VA,,Hallwood,5.3
VA,,Hamilton,6.0
VA,,Hampton City Co Sp,6.0
VA,,Hanover,6.0
VA,,Harrisonburg,5.3
VA,,Haymarket,6.0
VA,,Haysi,5.3
VA,,Henrico,6.0
VA,,Henry,6.3
VA,,Herndon,6.0
VA,,Highland,5.3
VA,,Hillsboro,6.0
VA,,Honaker,5.3
VA,,Hopewell,5.3
VA,,Hurt,6.3
VA,,Independence,5.3
VA,,Iron Gate,5.3
VA,,Irvington,5.3
VA,,Isle Of Wight,6.0
VA,,Ivor,6.0
VA,,James City Co Sp,7.0
VA,,Jarratt,5.3
VA,,Jonesville,5.3
VA,,Keller,5.3
VA,,Kenbridge,5.3
VA,,Kilmarnock,5.3
VA,,King And Queen,5.3
VA,,King George,5.3
VA,,King William,5.3
VA,,La Crosse,5.3
VA,,Lancaster,5.3
VA,,Lawrenceville,5.3
VA,,Lebanon,5.3
VA,,Lee,5.3
VA,,Leesburg,6.0
VA,,Lexington,5.3
VA,,Loudoun,6.0
VA,,Louisa,5.3
VA,,Lovettsville,6.0
VA,,Lunenburg,5.3
VA,,Luray,5.3
VA,,Lynchburg,5.3
VA,,Madison,5.3
VA,,Manassas City Co Sp,6.0
VA,,Manassas Park City Co Sp,6.0
VA,,Marion,5.3
VA,,Martinsville,5.3
VA,,Mathews,5.3
VA,,Mckenney,5.3
VA,,Mecklenburg,5.3
VA,,Middleburg,6.0
VA,,Middlesex,5.3
VA,,Middletown,5.3
VA,,Monterey,5.3
VA,,Montgomery,5.3
VA,,Montross,5.3
VA,,Mount Crawford,5.3
VA,,Mount Jackson,5.3
VA,,Nassawadox,6.3
VA,,Nelson,5.3
VA,,New Castle,5.3
VA,,New Market,5.3
VA,,Newport News City Co Sp,6.0
VA,,Newsoms,6.0
VA,,Nickelsville,5.3
VA,,Norfolk City Co Sp,6.0
VA,,Northampton,6.3
VA,,Northumberland,5.3
VA,,Norton,5.3
VA,,Nottoway,5.3
VA,,Occoquan,6.0
VA,,Onancock,5.3
VA,,Onley,5.3
VA,,Orange,5.3
VA,,Page,5.3
VA,,Parksley,5.3
VA,,Patrick,6.3
VA,,Pearisburg,5.3
VA,,Pembroke,5.3
VA,,Pennington Gap,5.3
VA,,Petersburg,5.3
VA,,Pittsylvania,6.3
VA,,Pocahontas,5.3
VA,,Port Royal,5.3
VA,,Portsmouth City Co Sp,6.0
VA,,Pound,5.3
VA,,Powhatan,6.0
VA,,Prince Edward,5.3
VA,,Prince George,5.3
VA,,Prince William Co Sp,6.0
VA,,Pulaski,5.3
VA,,Purcellville,6.0
VA,,Quantico,6.0
VA,,Radford,5.3
VA,,Rappahannock,5.3
VA,,Remington,5.3
VA,,Rich Creek,5.3
VA,,Richlands,5.3
VA,,Richmond,5.3
VA,,Richmond,6.0
VA,,Roanoke,5.3
VA,,Rockbridge,5.3
VA,,Rockingham,5.3
VA,,Rocky Mount,5.3
VA,,Round Hill,6.0
VA,,Rural Retreat,5.3
VA,,Russell,5.3
VA,,Salem,5.3
VA,,Saxis,5.3
VA,,Scott,5.3
VA,,Scottsville,5.3
VA,,Shenandoah,5.3
VA,,Smithfield,6.0
VA,,Smyth,5.3
VA,,Southampton Co Sp,6.0
VA,,Spotsylvania,5.3
VA,,St. Charles,5.3
VA,,St. Paul,5.3
VA,,Stafford,5.3
VA,,Stanardsville,5.3
VA,,Stanley,5.3
VA,,Staunton,5.3
VA,,Stephens City,5.3
VA,,Stony Creek,5.3
VA,,Strasburg,5.3
VA,,Suffolk,6.0
VA,,Surry,5.3
VA,,Sussex,5.3
VA,,Tangier,5.3
VA,,Tappahannock,5.3
VA,,Tazewell,5.3
VA,,Timberville,5.3
VA,,Toms Brook,5.3
VA,,Troutdale,5.3
VA,,Troutville,5.3
VA,,Urbanna,5.3
VA,,Victoria,5.3
VA,,Vienna,6.0
VA,,Vinton,5.3
VA,,Virginia Beach City Co Sp,6.0
VA,,Wachapreague,5.3
VA,,Warren,5.3
VA,,Warrenton,5.3
VA,,Warsaw,5.3
VA,,Washington,5.3
VA,,Waverly,5.3
VA,,Westmoreland,5.3
VA,,White Stone,5.3
VA,,Williamsburg City Co Sp,7.0
VA,,Winchester,5.3
VA,,Windsor,6.0
VA,,Wise,5.3
VA,,Woodstock,5.3
VA,,Wythe,5.3
VA,,Wytheville,5.3
VA,,York Co Sp,7.0
VT,,Alburgh,6.0
VT,,Arlington,6.0
VT,,Averill,6.0
VT,,Bakersfield,6.0
VT,,Barnard,6.0
VT,,Barnet,6.0
VT,,Barre City,7.0
VT,,Barre Town,6.0
VT,,Belvidere,6.0
VT,,Bennington,6.0
VT,,Berkshire,6.0
VT,,Berlin,7.0
VT,,Bethel,6.0
VT,,Bloomfield,6.0
VT,,Bolton,6.0
VT,,Bradford,6.0
VT,,Brandon,7.0
VT,,Brattleboro,7.0
VT,,Bridport,6.0
VT,,Brighton,6.0
VT,,Bristol,7.0
VT,,Brookfield,6.0
VT,,Burke,6.0
VT,,Burlington,7.0
VT,,Calais,6.0
VT,,Cambridge,6.0
VT,,Canaan,6.0
VT,,Castleton,6.0
VT,,Cavendish,6.0
VT,,Charlotte,6.0
VT,,Chelsea,6.0
VT,,Colchester Local Option,7.0
VT,,Concord,6.0
VT,,Corinth,6.0
VT,,Cornwall,6.0
VT,,Coventry,6.0
VT,,Craftsbury,6.0
VT,,Danville,6.0
VT,,Derby,6.0
VT,,Dorset,6.0
VT,,Dover Local Option,7.0
VT,,Dummerston,6.0
VT,,East Montpelier,6.0
VT,,Eden,6.0
VT,,Elmore,6.0
VT,,Essex,6.0
VT,,Essex Junction Village,7.0
VT,,Fair Haven,7.0
VT,,Fairfax,6.0
VT,,Fairlee,6.0
VT,,Ferrisburgh,6.0
VT,,Fletcher,6.0
VT,,Franklin,6.0
VT,,Glastenbury,6.0
VT,,Glover,6.0
VT,,Granby,6.0
VT,,Grand Isle,6.0
VT,,Granville,6.0
VT,,Greensboro,6.0
VT,,Halifax,6.0
VT,,Hancock,6.0
VT,,Hardwick,6.0
VT,,Hartford,7.0
VT,,Hartland,6.0
VT,,Highgate,6.0
VT,,Holland,6.0
VT,,Hubbardton,6.0
VT,,Hyde Park,6.0
VT,,Irasburg,6.0
VT,,Isle La Motte,6.0
VT,,Jericho,6.0
VT,,Kirby,6.0
VT,,Lowell,6.0
VT,,Ludlow,7.0
VT,,Lunenburg,6.0
VT,,Lyndon,6.0
VT,,Manchester,7.0
VT,,Marlboro,7.0
VT,,Mendon,7.0
VT,,Middlebury Local Option,7.0
VT,,Monkton,6.0
VT,,Montgomery,6.0
VT,,Montpelier,7.0
VT,,Morgan,6.0
VT,,Morristown,7.0
VT,,Mount Holly,6.0
VT,,Newark,6.0
VT,,Newbury,6.0
VT,,Newfane,6.0
VT,,North Hero,6.0
VT,,Northfield,6.0
VT,,Norton,6.0
VT,,Orwell,6.0
VT,,Pawlet,6.0
VT,,Peacham,6.0
VT,,Pittsford,6.0
VT,,Plainfield,6.0
VT,,Plymouth,6.0
VT,,Pomfret,7.0
VT,,Poultney,6.0
VT,,Pownal,6.0
VT,,Reading,6.0
VT,,Readsboro,6.0
VT,,Richmond,6.0
VT,,Ripton,6.0
VT,,Rochester,6.0
VT,,Rockingham,6.0
VT,,Rupert,6.0
VT,,Rutland,7.0
VT,,Rutland (Town),7.0
VT,,Ryegate,6.0
VT,,S Burlington Local Option,7.0
VT,,Saint Albans City,7.0
VT,,Saint Johnsbury,6.0
VT,,Sandgate,6.0
VT,,Sharon,6.0
VT,,Sheffield,6.0
VT,,Sheldon,6.0
VT,,Springfield,6.0
VT,,St Albans Town Local Sp,7.0
VT,,Stamford,6.0
VT,,Starksboro,6.0
VT,,Stockbridge,6.0
VT,,Stowe,7.0
VT,,Strafford,6.0
VT,,Stratton,7.0
VT,,Sutton,6.0
VT,,Thetford,6.0
VT,,Tinmouth,6.0
VT,,Topsham,6.0
VT,,Townshend,6.0
VT,,Troy,6.0
VT,,Underhill,6.0
VT,,Vergennes,7.0
VT,,Vernon,6.0
VT,,Waitsfield,7.0
VT,,Walden,6.0
VT,,Wallingford,6.0
VT,,Wardsboro,6.0
VT,,Warren,6.0
VT,,Waterbury,7.0
VT,,Waterford,6.0
VT,,Weathersfield,6.0
VT,,Wells,6.0
VT,,West Fairlee,6.0
VT,,West Rutland,6.0
VT,,Westfield,6.0
VT,,Westford,6.0
VT,,Westminster,6.0
VT,,Westmore,6.0
VT,,Weston,6.0
VT,,Whitingham,6.0
VT,,Williston Local Option,7.0
VT,,Windham,6.0
VT,,Windsor,6.0
VT,,Winhall Local Option,7.0
VT,,Winooski,7.0
VT,,Woodbury,6.0
VT,,Woodstock,7.0
VT,,Worcester,6.0
WA,,Aberdeen,9.08
WA,,Adams,8.0
WA,,Airway Heights,9.2
WA,,Albion,8.0
WA,,Anacortes,8.9
WA,,Asotin,8.3
WA,,Auburn/King Special Tax Dist,10.5
WA,,Auburn/Pierce Special Tax Dist,10.4
WA,,Bainbridge Island,9.2
WA,,Battle Ground,8.9
WA,,Bellevue,10.3
WA,,Bellingham,9.2
WA,,Benton,8.1
WA,,Benton City,8.7
WA,,Benton Ptba,8.7
WA,,Bingen,7.7
WA,,Blaine,9.1
WA,,Bonney Lake,9.6
WA,,Bothell/King Special Tax Dist,10.3
WA,,Bothell/Snohomish Special Tax Dist,10.5
WA,,Bremerton,9.2
WA,,Burien,10.4
WA,,Burlington,8.9
WA,,Carbonado,8.2
WA,,Carnation,8.9
WA,,Cashmere,8.6
WA,,Castle Rock,7.9
WA,,Chehalis,8.4
WA,,Chelan,8.5
WA,,Chelan,8.8
WA,,Cheney,8.9
WA,,Clallam,8.6
WA,,Clark,8.0
WA,,Clarkston,8.5
WA,,Cle Elum,8.5
WA,,Columbia,8.2
WA,,Colville Tribes Okanogan City,8.5
WA,,Colville Tribes Unincorporated Areas Chelan County,8.5
WA,,Colville Tribes Unincorporated Areas Ferry County,8.0
WA,,Colville Tribes Unincorporated Areas Okanogan County,8.0
WA,,Concrete,8.7
WA,,Connell,8.3
WA,,Cowlitz,7.7
WA,,Dayton,8.4
WA,,Des Moines,10.4
WA,,Douglas,7.9
WA,,Douglas Ptba,8.5
WA,,Downtown Spokane Tpa Sp,9.1
WA,,Dupont,9.7
WA,,Duvall,9.2
WA,,Eatonville,8.2
WA,,Edmonds,10.7
WA,,Ellensburg,8.6
WA,,Elma,9.0
WA,,Enumclaw,9.0
WA,,Everett,9.9
WA,,Federal Way,10.4
WA,,Ferndale,9.1
WA,,Ferry,8.0
WA,,Franklin,8.1
WA,,Friday Harbor,8.65
WA,,George,8.4
WA,,Gig Harbor,9.2
WA,,Gig Harbor Hbz Sp,9.2
WA,,Gold Bar,9.1
WA,,Goldendale,7.7
WA,,Grand Coulee,8.4
WA,,Granite Falls,9.1
WA,,Grant,8.2
WA,,Grays Harbor,8.9
WA,,Hamilton,8.7
WA,,Index,9.1
WA,,Island,9.1
WA,,Issaquah,10.5
WA,,Jefferson,9.5
WA,,Kalama,8.2
WA,,Kennewick,8.8
WA,,Kent,10.4
WA,,King,8.9
WA,,King Co Tr,10.3
WA,,Kirkland,10.4
WA,,Kitsap,9.2
WA,,Kittitas,8.3
WA,,Klickitat,7.6
WA,,La Center,8.8
WA,,La Conner,8.8
WA,,Lacey,9.8
WA,,Lake Forest Park,10.4
WA,,Lake Stevens,9.3
WA,,Lakewood,10.3
WA,,Langley,9.3
WA,,Leavenworth,8.7
WA,,Lewis,8.0
WA,,Liberty Lake,9.0
WA,,Lincoln,8.0
WA,,Long Beach,8.4
WA,,Longview,8.2
WA,,Lyman,8.7
WA,,Lynden,9.3
WA,,Lynnwood,10.7
WA,,Malden,8.0
WA,,Maple Valley,9.1
WA,,Marcus,8.0
WA,,Marysville,9.4
WA,,Mason,8.6
WA,,Mattawa,8.4
WA,,Medina,10.4
WA,,Mill Creek,10.6
WA,,Milton/King Special Tax Dist,10.3
WA,,Monroe,9.4
WA,,Moses Lake,8.5
WA,,Mount Vernon,9.0
WA,,Mukilteo,10.6
WA,,Napavine,8.1
WA,,Nooksack,8.9
WA,,North Bend,9.2
WA,,Oak Harbor,9.3
WA,,Ocean Shores,9.1
WA,,Okanogan,8.0
WA,,Okanogan Co Unincorporated Ptba Un,8.4
WA,,Olympia,10.0
WA,,Omak,8.5
WA,,Pacific,8.2
WA,,Pasco,8.9
WA,,Pateros,8.6
WA,,Pend Oreille,7.7
WA,,Pierce,8.2
WA,,Pierce Co Tr,9.6
WA,,Pierce-Ptba,10.2
WA,,Port Angeles,8.9
WA,,Port Orchard,9.3
WA,,Poulsbo,9.3
WA,,Prosser,8.7
WA,,Pullman,8.2
WA,,Puyallup,10.3
WA,,Redmond,10.4
WA,,Renton,10.5
WA,,Richland,8.8
WA,,Ridgefield,9.0
WA,,Ritzville,8.1
WA,,Rock Island,8.5
WA,,Roy,8.3
WA,,Sammamish,10.3
WA,,San Juan,8.35
WA,,Seatac,10.4
WA,,Seattle,10.55
WA,,Selah,8.5
WA,,Shelton,8.9
WA,,Shoreline,10.5
WA,,Skagit,8.3
WA,,Skagit-Ptba,8.7
WA,,Skamania,7.7
WA,,Snohomish,9.3
WA,,Snohomish Ptba Non-Rta,9.1
WA,,Snohomish-Ptba,10.5
WA,,Snoqualmie,9.3
WA,,Soap Lake,8.4
WA,,Spokane,8.1
WA,,Spokane,9.1
WA,,Spokane Ptba,8.9
WA,,Spokane Valley,9.0
WA,,Stanwood,9.3
WA,,Stevens,8.0
WA,,Stevenson,8.0
WA,,Sultan,9.1
WA,,Sumas,8.9
WA,,Sumner,9.7
WA,,Sunnyside,8.4
WA,,Tacoma,10.5
WA,,Thurston,8.4
WA,,Thurston Ptba,9.6
WA,,Tieton,8.3
WA,,Tonasket,8.5
WA,,Toppenish,8.3
WA,,Tukwila,10.4
WA,,Tumwater,9.8
WA,,Twisp,8.7
WA,,University Place,10.2
WA,,Vancouver,8.9
WA,,Wahkiakum,7.8
WA,,Walla Walla,8.3
WA,,Walla Walla,9.1
WA,,Walla Walla Ptba,8.9
WA,,Washougal,8.9
WA,,Waterville,8.5
WA,,Wenatchee,9.0
WA,,Whatcom Ptba,8.9
WA,,Whitman,8.0
WA,,Winthrop,8.6
WA,,Woodway,10.6
WA,,Yacolt,8.7
WA,,Yakima,8.2
WA,,Yakima,8.6
WA,,Yelm,9.6
WI,,Adams,5.5
WI,,Appleton City,5.5
WI,,Ashland,5.5
WI,,Barron,5.5
WI,,Baseball Stadium District Ozaukee Co,5.5
WI,,Baseball Stadium District Washington Co,5.5
WI,,Bayfield,5.5
WI,,Bayfield,6.0
WI,,Beloit,5.5
WI,,Brookfield,5.0
WI,,Brown,5.5
WI,,Buffalo,5.5
WI,,Burnett,5.5
WI,,Calumet,5.5
WI,,Chippewa,5.5
WI,,Chippewa Falls,5.5
WI,,Clark,5.5
WI,,Columbia,5.5
WI,,Crawford,5.5
WI,,Cudahy,5.9
WI,,Dane,5.5
WI,,De Pere,5.5
WI,,Dodge,5.5
WI,,Dodgeville,5.5
WI,,Door,5.5
WI,,Door,6.0
WI,,Douglas,5.5
WI,,Dunn,5.5
WI,,Eagle River,6.0
WI,,Eau Claire,5.5
WI,,Fitchburg,5.5
WI,,Florence,5.5
WI,,Fond Du Lac,5.5
WI,,Forest,5.5
WI,,Franklin,5.9
WI,,Grant,5.5
WI,,Green,5.5
WI,,Green Bay,5.5
WI,,Green Lake,5.5
WI,,Greenleaf,5.5
WI,,Hurley,5.5
WI,,Iowa,5.5
WI,,Iron,5.5
WI,,Jackson,5.5
WI,,Janesville,5.5
WI,,Jefferson,5.5
WI,,Juneau,5.5
WI,,Kaukauna,5.5
WI,,Kenosha,5.5
WI,,Kewaunee,5.5
WI,,La Crosse,5.5
WI,,Lafayette,5.5
WI,,Lake Delton,6.75
WI,,Langlade,5.5
WI,,Lincoln,5.5
WI,,Madison,5.5
WI,,Manitowoc,5.5
WI,,Marathon,5.5
WI,,Marinette,5.5
WI,,Marquette,5.5
WI,,Menominee,5.5
WI,,Milwaukee,5.9
WI,,Milwaukee,7.9
WI,,Monroe,5.5
WI,,Mukwonago Village (Waukesha Co),5.5
WI,,Neenah,5.0
WI,,New Holstein,5.5
WI,,Oconto,5.5
WI,,Oneida,5.5
WI,,Oneida,6.0
WI,,Oshkosh,5.0
WI,,Outagamie,5.5
WI,,Pepin,5.5
WI,,Pierce,5.5
WI,,Polk,5.5
WI,,Portage,5.5
WI,,Price,5.5
WI,,Racine,5.5
WI,,Reedsburg,5.5
WI,,Rhinelander,6.0
WI,,Richland,5.5
WI,,Rock,5.5
WI,,Rusk,5.5
WI,,Saint Croix,5.5
WI,,Sauk,5.5
WI,,Sawyer,5.5
WI,,Shawano,5.5
WI,,Sheboygan,5.5
WI,,South Milwaukee,5.9
WI,,Stevens Point,5.5
WI,,Stockholm,6.0
WI,,Sturgeon Bay,6.0
WI,,Sun Prairie,5.5
WI,,Taylor,5.5
WI,,Trempealeau,5.5
WI,,Vernon,5.5
WI,,Vilas,5.5
WI,,Walworth,5.5
WI,,Washburn,5.5
WI,,Waukesha,5.0
WI,,Waupaca,5.5
WI,,Wausau,5.5
WI,,Waushara,5.5
WI,,Wauwatosa,5.9
WI,,West Allis,5.9
WI,,Winnebago,5.0
WI,,Wisconsin Dells,6.75
WI,,Wood,5.5
WV,,Alderson,7.0
WV,,Anmoore,7.0
WV,,Ansted,7.0
WV,,Athens,7.0
WV,,Barbour,6.0
WV,,Barboursville,7.0
WV,,Barrackville,6.0
WV,,Beckley,7.0
WV,,Beech Bottom,6.0
WV,,Berkeley,6.0
WV,,Berkeley Springs,7.0
WV,,Bluefield,7.0
WV,,Bolivar,7.0
WV,,Boone,6.0
WV,,Bramwell,7.0
WV,,Braxton,6.0
WV,,Brooke,6.0
WV,,Bruceton Mills,7.0
WV,,Buckhannon,7.0
WV,,Cabell,6.0
WV,,Calhoun,6.0
WV,,Capon Bridge,7.0
WV,,Ceredo,6.0
WV,,Chapmanville,7.0
WV,,Charles Pointe Economic Opportunity Development District,13.0
WV,,Charles Town,7.0
WV,,Charleston,7.0
WV,,Chester,7.0
WV,,Clarksburg,7.0
WV,,Clay,6.0
WV,,Clay,7.0
WV,,Davis,7.0
WV,,Doddridge,6.0
WV,,Dunbar,7.0
WV,,Elizabeth,7.0
WV,,Elkins,7.0
WV,,Ellenboro,7.0
WV,,Fairmont,7.0
WV,,Fayette,6.0
WV,,Fayetteville,7.0
WV,,Follansbee,7.0
WV,,Fort Henry Economic Opportunity Development District,12.0
WV,,Franklin,7.0
WV,,Gary,6.0
WV,,Gilmer,6.0
WV,,Glasgow,6.0
WV,,Glenville,7.0
WV,,Grafton,7.0
WV,,Grant,6.0
WV,,Grant Town,6.0
WV,,Granville,7.0
WV,,Greenbrier,6.0
WV,,Hampshire,6.0
WV,,Hancock,6.0
WV,,Handley,6.0
WV,,Hardy,6.0
WV,,Harrison,6.0
WV,,Harrisville,7.0
WV,,Hinton,7.0
WV,,Hundred,7.0
WV,,Huntington,7.0
WV,,Hurricane,7.0
WV,,Jackson,6.0
WV,,Jefferson,6.0
WV,,Junior,6.0
WV,,Kanawha,6.0
WV,,Kingwood,7.0
WV,,Lewis,6.0
WV,,Lincoln,6.0
WV,,Logan,6.0
WV,,Logan,7.0
WV,,Mabscott,6.0
WV,,Man,7.0
WV,,Mannington,7.0
WV,,Marion,6.0
WV,,Marlinton,7.0
WV,,Marshall,6.0
WV,,Martinsburg,7.0
WV,,Mason,6.0
WV,,Masontown,7.0
WV,,Mcdowell,6.0
WV,,Mercer,6.0
WV,,Middlebourne,7.0
WV,,Milton,7.0
WV,,Mineral,6.0
WV,,Mingo,6.0
WV,,Monongalia,6.0
WV,,Monroe,6.0
WV,,Montgomery,7.0
WV,,Moorefield,7.0
WV,,Morgantown,7.0
WV,,Moundsville,7.0
WV,,Mount Hope,6.0
WV,,New Cumberland,7.0
WV,,New Martinsville,7.0
WV,,Nicholas,6.0
WV,,Nitro,7.0
WV,,Oak Hill,7.0
WV,,Ohio,6.0
WV,,Paden City,7.0
WV,,Parkersburg,7.0
WV,,Paw Paw,7.0
WV,,Pendleton,6.0
WV,,Pennsboro,7.0
WV,,Petersburg,7.0
WV,,Pine Grove,7.0
WV,,Pineville,7.0
WV,,Pleasant Valley,6.0
WV,,Pleasants,6.0
WV,,Pocahontas,6.0
WV,,Pratt,6.0
WV,,Preston,6.0
WV,,Princeton,7.0
WV,,Putnam,6.0
WV,,Quinwood,7.0
WV,,Raleigh,6.0
WV,,Randolph,6.0
WV,,Ranson,7.0
WV,,Ravenswood,7.0
WV,,Reedsville,7.0
WV,,Richwood,7.0
WV,,Ripley,7.0
WV,,Ritchie,6.0
WV,,Roane,6.0
WV,,Romney,7.0
WV,,Ronceverte,7.0
WV,,Rowlesburg,7.0
WV,,Rupert,7.0
WV,,Saint Marys,7.0
WV,,Shepherdstown (Jefferson Co),7.0
WV,,Shinnston,7.0
WV,,Sistersville,7.0
WV,,Smithers,7.0
WV,,Sophia,7.0
WV,,South Charleston,7.0
WV,,South Charleston,13.0
WV,,Spencer,7.0
WV,,Star City,6.0
WV,,Summers,6.0
WV,,Summersville,7.0
WV,,Sylvester,7.0
WV,,Taylor,6.0
WV,,Terra Alta,7.0
WV,,Thomas,7.0
WV,,Tucker,6.0
WV,,Tunnelton,7.0
WV,,Tyler,6.0
WV,,University Town Centre Economic Opportunity District,13.0
WV,,Upshur,6.0
WV,,Wardensville,7.0
WV,,Wayne,6.0
WV,,Wayne,7.0
WV,,Webster,6.0
WV,,Weirton,7.0
WV,,Welch,7.0
WV,,West Union,7.0
WV,,Weston,7.0
WV,,Westover,7.0
WV,,Wetzel,6.0
WV,,Wheeling,7.0
WV,,Williamson,6.0
WV,,Williamstown,7.0
WV,,Wirt,6.0
WV,,Wood,6.0
WV,,Wyoming,6.0
WY,,Afton,5.0
WY,,Albany,5.0
WY,,Albin,5.0
WY,,Baggs,6.0
WY,,Bairoil,6.0
WY,,Bar Nunn,5.0
WY,,Basin,5.0
WY,,Bear River,5.0
WY,,Big Horn,5.0
WY,,Big Piney,4.0
WY,,Buffalo,5.0
WY,,Burlington,5.0
WY,,Burns,5.0
WY,,Byron,5.0
WY,,Campbell,5.0
WY,,Carbon,6.0
WY,,Casper,5.0
WY,,Cheyenne,5.0
WY,,Chugwater,6.0
WY,,Clearmont,6.0
WY,,Cody,4.0
WY,,Cokeville,5.0
WY,,Converse,5.0
WY,,Cowley,5.0
WY,,Crook,5.0
WY,,Dayton,6.0
WY,,Deaver,5.0
WY,,Diamondville,5.0
WY,,Dixon,6.0
WY,,Douglas,5.0
WY,,Dubois,5.0
WY,,East Thermopolis,6.0
WY,,Edgerton,5.0
WY,,Elk Mountain,6.0
WY,,Encampment,6.0
WY,,Evanston,5.0
WY,,Evansville,5.0
WY,,Fort Laramie,5.25
WY,,Frannie,5.0
WY,,Fremont,5.0
WY,,Gillette,5.0
WY,,Glendo,6.0
WY,,Glenrock,5.0
WY,,Goshen,5.25
WY,,Grand Targhee Resort District Sp,9.0
WY,,Granger,6.0
WY,,Green River,6.0
WY,,Greybull,5.0
WY,,Guernsey,6.0
WY,,Hanna,6.0
WY,,Hartville,6.0
WY,,Hot Springs,6.0
WY,,Hudson,5.0
WY,,Hulett,5.0
WY,,Jackson,7.0
WY,,Johnson,5.0
WY,,Kaycee,5.0
WY,,Kirby,6.0
WY,,La Barge,5.0
WY,,La Grange,5.25
WY,,Lander,5.0
WY,,Laramie,5.0
WY,,Lincoln,5.0
WY,,Lingle,5.25
WY,,Lovell,5.0
WY,,Lusk,6.0
WY,,Lyman,5.0
WY,,Manderson,5.0
WY,,Manville,6.0
WY,,Medicine Bow,6.0
WY,,Meeteetse,4.0
WY,,Midwest,5.0
WY,,Moorcroft,5.0
WY,,Mountain View,5.0
WY,,Natrona,5.0
WY,,Niobrara,6.0
WY,,Opal,5.0
WY,,Park,4.0
WY,,Pavillion,5.0
WY,,Pine Bluffs,5.0
WY,,Pinedale,4.0
WY,,Ranchester,6.0
WY,,Rawlins,6.0
WY,,Riverton,5.0
WY,,Rock Springs,6.0
WY,,Saratoga,6.0
WY,,Sheridan,6.0
WY,,Sinclair,6.0
WY,,Star Valley Ranch,5.0
WY,,Sublette,4.0
WY,,Sundance,5.0
WY,,Superior,6.0
WY,,Sweetwater,6.0
WY,,Ten Sleep,5.0
WY,,Teton,7.0
WY,,Teton Village Resort District Sp,9.0
WY,,Torrington,5.25
WY,,Uinta,5.0
WY,,Upton,5.0
WY,,Van Tassell,6.0
WY,,Wamsutter,6.0
WY,,Weston,5.0
WY,,Wheatland,6.0
WY,,Wright,5.0
WY,,Yoder,5.25
